id,override,title,description
p7825-v9609-s,fr_XX,MORJAS The Ivy Loafer - Rubber Sole - Daim Noir,"Le Ivy Loafer puise son inspiration dans le style Ivy traditionnel. Sa forme légèrement plus carrée et sa coupe décontractée le distinguent de notre Penny Loafer, lui donnant une allure sportive et durable. Son empeigne raccourcie et son cousu 360° soulignent l’influence universitaire de son design."
p764-v2281-s,fr_XX,MORJAS The Penny Loafer Unlined - Daim Marron – Non Doublé,"Notre penny loafer non doublé est pensé pour un confort naturel, réalisé en daim souple et respirant, sans doublure intérieure. La silhouette décontractée conserve les lignes épurées de notre modèle original, avec un tombé légèrement plus souple qui lui donne son caractère. Chaque paire est fabriquée à la main à Almansa et montée en cousu Goodyear pour un confort durable et une grande longévité."
p1627-v3144-s,fr_XX,MORJAS The Penny Loafer Unlined - Daim Marron Moyen – Non Doublé,"Notre penny loafer non doublé est pensé pour un confort naturel, réalisé en daim souple et respirant, sans doublure intérieure. La silhouette décontractée conserve les lignes épurées de notre modèle original, avec un tombé légèrement plus souple qui lui donne son caractère. Chaque paire est fabriquée à la main à Almansa et montée en cousu Goodyear pour un confort durable et une grande longévité."
p3118-v4799-s,fr_XX,MORJAS La Penny Loafer Non doublée - Daim Sable – Non Doublé,"Notre penny loafer non doublé est pensé pour un confort naturel, réalisé en daim souple et respirant, sans doublure intérieure. La silhouette décontractée conserve les lignes épurées de notre modèle original, avec un tombé légèrement plus souple qui lui donne son caractère. Chaque paire est fabriquée à la main à Almansa et montée en cousu Goodyear pour un confort durable et une grande longévité."
p5-v1519-s,fr_XX,MORJAS The Penny Loafer - Cuir Lisse Noir,"Notre modèle emblématique, lancé en 2017 et continuellement perfectionné depuis, repose sur une semelle fine pour une allure élancée et discrète. Sa silhouette polyvalente navigue aisément entre tenues casual et habillées. Chaque paire est fabriquée à la main à Almansa avec un montage Goodyear, gage de confort durable et de solidité."
p38-v1522-s,fr_XX,MORJAS The Penny Loafer - Daim Marron,"Notre modèle emblématique, lancé en 2017 et continuellement perfectionné depuis, repose sur une semelle fine pour une allure élancée et discrète. Sa silhouette polyvalente navigue aisément entre tenues casual et habillées. Chaque paire est fabriquée à la main à Almansa avec un montage Goodyear, gage de confort durable et de solidité."
p7-v1521-s,fr_XX,MORJAS The Penny Loafer - Cuir Lisse Marron,"Notre modèle emblématique, lancé en 2017 et continuellement perfectionné depuis, repose sur une semelle fine pour une allure élancée et discrète. Sa silhouette polyvalente navigue aisément entre tenues casual et habillées. Chaque paire est fabriquée à la main à Almansa avec un montage Goodyear, gage de confort durable et de solidité."
p2446-v4058-s,fr_XX,MORJAS La Penny Loafer - Cuir Grainé Noir,"Notre modèle emblématique, lancé en 2017 et continuellement perfectionné depuis, repose sur une semelle fine pour une allure élancée et discrète. Sa silhouette polyvalente navigue aisément entre tenues casual et habillées. Chaque paire est fabriquée à la main à Almansa avec un montage Goodyear, gage de confort durable et de solidité."
p6-v1520-s,fr_XX,MORJAS The Penny Loafer - Cuir Lisse Bordeaux,"Notre modèle emblématique, lancé en 2017 et continuellement perfectionné depuis, repose sur une semelle fine pour une allure élancée et discrète. Sa silhouette polyvalente navigue aisément entre tenues casual et habillées. Chaque paire est fabriquée à la main à Almansa avec un montage Goodyear, gage de confort durable et de solidité."
p39-v1523-s,fr_XX,MORJAS The Penny Loafer - Daim Marron Moyen,"Notre modèle emblématique, lancé en 2017 et continuellement perfectionné depuis, repose sur une semelle fine pour une allure élancée et discrète. Sa silhouette polyvalente navigue aisément entre tenues casual et habillées. Chaque paire est fabriquée à la main à Almansa avec un montage Goodyear, gage de confort durable et de solidité."
p2447-v4059-s,fr_XX,MORJAS La Penny Loafer - Cuir Grainé Marron,"Notre modèle emblématique, lancé en 2017 et continuellement perfectionné depuis, repose sur une semelle fine pour une allure élancée et discrète. Sa silhouette polyvalente navigue aisément entre tenues casual et habillées. Chaque paire est fabriquée à la main à Almansa avec un montage Goodyear, gage de confort durable et de solidité."
p3120-v4801-s,fr_XX,MORJAS La Penny Loafer - Daim Noir,"Notre modèle emblématique, lancé en 2017 et continuellement perfectionné depuis, repose sur une semelle fine pour une allure élancée et discrète. Sa silhouette polyvalente navigue aisément entre tenues casual et habillées. Chaque paire est fabriquée à la main à Almansa avec un montage Goodyear, gage de confort durable et de solidité."
p1637-v3154-s,fr_XX,MORJAS La Penny Loafer - Cuir Grainé Noir & Daim Noir,"Notre modèle emblématique, lancé en 2017 et continuellement perfectionné depuis, repose sur une semelle fine pour une allure élancée et discrète. Sa silhouette polyvalente navigue aisément entre tenues casual et habillées. Chaque paire est fabriquée à la main à Almansa avec un montage Goodyear, gage de confort durable et de solidité."
p3152-v4834-s,fr_XX,MORJAS The Penny Loafer - Cuir Grainé Noir & Daim Bleu Marine,"Notre modèle emblématique, lancé en 2017 et continuellement perfectionné depuis, repose sur une semelle fine pour une allure élancée et discrète. Sa silhouette polyvalente navigue aisément entre tenues casual et habillées. Chaque paire est fabriquée à la main à Almansa avec un montage Goodyear, gage de confort durable et de solidité."
p786-v2303-s,fr_XX,MORJAS The Penny Loafer Rubber Sole - Cuir Lisse Noir,"Notre modèle emblématique, lancé en 2017 et continuellement perfectionné depuis, repose sur une semelle fine pour une allure élancée et discrète. Sa silhouette polyvalente navigue aisément entre tenues casual et habillées. Chaque paire est fabriquée à la main à Almansa avec un montage Goodyear, gage de confort durable et de solidité."
p785-v2302-s,fr_XX,MORJAS The Penny Loafer Rubber Sole - Daim Marron,"Notre modèle emblématique, lancé en 2017 et continuellement perfectionné depuis, repose sur une semelle fine pour une allure élancée et discrète. Sa silhouette polyvalente navigue aisément entre tenues casual et habillées. Chaque paire est fabriquée à la main à Almansa avec un montage Goodyear, gage de confort durable et de solidité."
p2-v1524-s,fr_XX,MORJAS The Penny Loafer Rubber Sole - Cuir Grainé Noir,"Notre modèle emblématique, lancé en 2017 et continuellement perfectionné depuis, repose sur une semelle fine pour une allure élancée et discrète. Sa silhouette polyvalente navigue aisément entre tenues casual et habillées. Chaque paire est fabriquée à la main à Almansa avec un montage Goodyear, gage de confort durable et de solidité."
p1629-v3146-s,fr_XX,MORJAS The Penny Loafer Rubber Sole - Cuir Lisse Marron,"Notre modèle emblématique, lancé en 2017 et continuellement perfectionné depuis, repose sur une semelle fine pour une allure élancée et discrète. Sa silhouette polyvalente navigue aisément entre tenues casual et habillées. Chaque paire est fabriquée à la main à Almansa avec un montage Goodyear, gage de confort durable et de solidité."
p1630-v3147-s,fr_XX,MORJAS The Penny Loafer Rubber Sole - Daim Marron Moyen,"Notre modèle emblématique, lancé en 2017 et continuellement perfectionné depuis, repose sur une semelle fine pour une allure élancée et discrète. Sa silhouette polyvalente navigue aisément entre tenues casual et habillées. Chaque paire est fabriquée à la main à Almansa avec un montage Goodyear, gage de confort durable et de solidité."
p4-v1526-s,fr_XX,MORJAS The Penny Loafer Rubber Sole - Cuir Grainé Marron,"Notre modèle emblématique, lancé en 2017 et continuellement perfectionné depuis, repose sur une semelle fine pour une allure élancée et discrète. Sa silhouette polyvalente navigue aisément entre tenues casual et habillées. Chaque paire est fabriquée à la main à Almansa avec un montage Goodyear, gage de confort durable et de solidité."
p1628-v3145-s,fr_XX,MORJAS The Penny Loafer Rubber Sole - Cuir Lisse Bordeaux,"Notre modèle emblématique, lancé en 2017 et continuellement perfectionné depuis, repose sur une semelle fine pour une allure élancée et discrète. Sa silhouette polyvalente navigue aisément entre tenues casual et habillées. Chaque paire est fabriquée à la main à Almansa avec un montage Goodyear, gage de confort durable et de solidité."
p3122-v4803-s,fr_XX,MORJAS Le Ivy Loafer - Cuir Lisse Noir,"Le Ivy Loafer puise son inspiration dans le style Ivy traditionnel. Sa forme légèrement plus carrée et sa coupe décontractée le distinguent de notre Penny Loafer, lui donnant une allure sportive et durable. Son empeigne raccourcie et son cousu 360° soulignent l’influence universitaire de son design."
p3124-v4805-s,fr_XX,MORJAS Le Ivy Loafer - Daim Marron,"Le Ivy Loafer puise son inspiration dans le style Ivy traditionnel. Sa forme légèrement plus carrée et sa coupe décontractée le distinguent de notre Penny Loafer, lui donnant une allure sportive et durable. Son empeigne raccourcie et son cousu 360° soulignent l’influence universitaire de son design."
p7336-v9091-s,fr_XX,MORJAS The Ivy Loafer - Cuir Grainé Noir,"Le Ivy Loafer est un mocassin penny inspiré du style Ivy old-school. Il est construit avec un look légèrement plus boxer et décontracté que notre modèle phare de mocassins, ce qui donne une silhouette intemporelle et sportive. L'empeigne plus courte et la trépointe à 360 degrés renforcent davantage les éléments de conception qui s'inspirent de l'esthétique collégiale."
p3123-v4804-s,fr_XX,MORJAS Le Ivy Loafer - Cuir Lisse Bordeaux,"Le Ivy Loafer puise son inspiration dans le style Ivy traditionnel. Sa forme légèrement plus carrée et sa coupe décontractée le distinguent de notre Penny Loafer, lui donnant une allure sportive et durable. Son empeigne raccourcie et son cousu 360° soulignent l’influence universitaire de son design."
p7803-v9585-s,fr_XX,MORJAS The Ivy Loafer - Cuir Grainé Marron,"Le Ivy Loafer est un mocassin penny inspiré du style Ivy old-school. Il est construit avec un look légèrement plus boxer et décontracté que notre modèle phare de mocassins, ce qui donne une silhouette intemporelle et sportive. L'empeigne plus courte et la trépointe à 360 degrés renforcent davantage les éléments de conception qui s'inspirent de l'esthétique collégiale."
p7335-v9090-s,fr_XX,MORJAS The Ivy Loafer - Daim Noir,"Le Ivy Loafer est un mocassin penny inspiré du style Ivy old-school. Il est construit avec un look légèrement plus boxer et décontracté que notre modèle phare de mocassins, ce qui donne une silhouette intemporelle et sportive. L'empeigne plus courte et la trépointe à 360 degrés renforcent davantage les éléments de conception qui s'inspirent de l'esthétique collégiale."
p3420-v5102-s,fr_XX,MORJAS The Ivy Loafer Rubber Sole - Cuir Lisse Noir,"Le Ivy Loafer puise son inspiration dans le style Ivy traditionnel. Sa forme légèrement plus carrée et sa coupe décontractée le distinguent de notre Penny Loafer, lui donnant une allure sportive et durable. Son empeigne raccourcie et son cousu 360° soulignent l’influence universitaire de son design."
p3422-v5104-s,fr_XX,MORJAS The Ivy Loafer Rubber Sole - Daim Marron,"Le Ivy Loafer puise son inspiration dans le style Ivy traditionnel. Sa forme légèrement plus carrée et sa coupe décontractée le distinguent de notre Penny Loafer, lui donnant une allure sportive et durable. Son empeigne raccourcie et son cousu 360° soulignent l’influence universitaire de son design."
p7805-v9587-s,fr_XX,MORJAS The Ivy Loafer - Rubber Sole - Cuir Grainé Noir,"Le Ivy Loafer est un mocassin penny inspiré du style Ivy old-school. Il est construit avec un look légèrement plus boxer et décontracté que notre modèle phare de mocassins, ce qui donne une silhouette intemporelle et sportive. L'empeigne plus courte et la trépointe à 360 degrés renforcent davantage les éléments de conception qui s'inspirent de l'esthétique collégiale."
p3421-v5103-s,fr_XX,MORJAS The Ivy Loafer Rubber Sole - Cuir Lisse Bordeaux,"Le Ivy Loafer puise son inspiration dans le style Ivy traditionnel. Sa forme légèrement plus carrée et sa coupe décontractée le distinguent de notre Penny Loafer, lui donnant une allure sportive et durable. Son empeigne raccourcie et son cousu 360° soulignent l’influence universitaire de son design."
p7777-v9559-s,fr_XX,MORJAS The Ivy Loafer - Rubber Sole - Cuir Grainé Marron,"Le Ivy Loafer est un mocassin penny inspiré du style Ivy old-school. Il est construit avec un look légèrement plus boxer et décontracté que notre modèle phare de mocassins, ce qui donne une silhouette intemporelle et sportive. L'empeigne plus courte et la trépointe à 360 degrés renforcent davantage les éléments de conception qui s'inspirent de l'esthétique collégiale."
p35-v1527-s,fr_XX,MORJAS The Tassel Loafer - Cuir Lisse Noir,"Fabriqué à la main en Espagne avec un cousu Goodyear, le Tassel Loafer présente un chaussant arrondi à l’avant-pied, ainsi qu’une cambrure et un talon subtilement sculptés. Sa silhouette épurée est soulignée par deux pampilles qui apportent mouvement et personnalité."
p9-v1530-s,fr_XX,MORJAS The Tassel Loafer - Daim Marron,"Fabriqué à la main en Espagne avec un cousu Goodyear, le Tassel Loafer présente un chaussant arrondi à l’avant-pied, ainsi qu’une cambrure et un talon subtilement sculptés. Sa silhouette épurée est soulignée par deux pampilles qui apportent mouvement et personnalité."
p37-v1529-s,fr_XX,MORJAS The Tassel Loafer - Cuir Lisse Marron,"Fabriqué à la main en Espagne avec un cousu Goodyear, le Tassel Loafer présente un chaussant arrondi à l’avant-pied, ainsi qu’une cambrure et un talon subtilement sculptés. Sa silhouette épurée est soulignée par deux pampilles qui apportent mouvement et personnalité."
p10-v1531-s,fr_XX,MORJAS The Tassel Loafer - Daim Marron Moyen,"Fabriqué à la main en Espagne avec un cousu Goodyear, le Tassel Loafer présente un chaussant arrondi à l’avant-pied, ainsi qu’une cambrure et un talon subtilement sculptés. Sa silhouette épurée est soulignée par deux pampilles qui apportent mouvement et personnalité."
p36-v1528-s,fr_XX,MORJAS The Tassel Loafer - Cuir Lisse Bordeaux,"Fabriqué à la main en Espagne avec un cousu Goodyear, le Tassel Loafer présente un chaussant arrondi à l’avant-pied, ainsi qu’une cambrure et un talon subtilement sculptés. Sa silhouette épurée est soulignée par deux pampilles qui apportent mouvement et personnalité."
p788-v2305-s,fr_XX,MORJAS The Tassel Loafer Rubber Sole - Cuir Lisse Noir,"Fabriqué à la main en Espagne avec un cousu Goodyear, le Tassel Loafer présente un chaussant arrondi à l’avant-pied, ainsi qu’une cambrure et un talon subtilement sculptés. Sa silhouette épurée est soulignée par deux pampilles qui apportent mouvement et personnalité."
p787-v2304-s,fr_XX,MORJAS The Tassel Loafer Rubber Sole - Daim Marron,"Fabriqué à la main en Espagne avec un cousu Goodyear, le Tassel Loafer présente un chaussant arrondi à l’avant-pied, ainsi qu’une cambrure et un talon subtilement sculptés. Sa silhouette épurée est soulignée par deux pampilles qui apportent mouvement et personnalité."
p1624-v3141-s,fr_XX,MORJAS The Tassel Loafer Rubber Sole - Cuir Lisse Marron,"Fabriqué à la main en Espagne avec un cousu Goodyear, le Tassel Loafer présente un chaussant arrondi à l’avant-pied, ainsi qu’une cambrure et un talon subtilement sculptés. Sa silhouette épurée est soulignée par deux pampilles qui apportent mouvement et personnalité."
p1625-v3142-s,fr_XX,MORJAS The Tassel Loafer Rubber Sole - Daim Marron Moyen,"Fabriqué à la main en Espagne avec un cousu Goodyear, le Tassel Loafer présente un chaussant arrondi à l’avant-pied, ainsi qu’une cambrure et un talon subtilement sculptés. Sa silhouette épurée est soulignée par deux pampilles qui apportent mouvement et personnalité."
p1623-v3140-s,fr_XX,MORJAS The Tassel Loafer Rubber Sole - Cuir Lisse Bordeaux,"Fabriqué à la main en Espagne avec un cousu Goodyear, le Tassel Loafer présente un chaussant arrondi à l’avant-pied, ainsi qu’une cambrure et un talon subtilement sculptés. Sa silhouette épurée est soulignée par deux pampilles qui apportent mouvement et personnalité."
p3691-v5446-s,fr_XX,MORJAS The Belgian Unlined - Daim Beige – Non Doublé,"Le Belgian est notre version élégante d’un mocassin classique. Facile à porter avec une tenue décontractée ou habillée, il s’adapte à toutes les occasions. Sa construction non doublée apporte une souplesse naturelle et un confort exceptionnel — de jour comme de nuit."
p3690-v5445-s,fr_XX,MORJAS The Belgian Unlined - Nubuck Taupe – Non Doublé,"Le Belgian est notre version élégante d’un mocassin classique. Facile à porter avec une tenue décontractée ou habillée, il s’adapte à toutes les occasions. Sa construction non doublée apporte une souplesse naturelle et un confort exceptionnel — de jour comme de nuit."
p125-v1642-s,fr_XX,MORJAS The Belgian - Daim Noir,"Le Belgian est notre interprétation élégante d’un mocassin classique. Facile à porter avec une tenue décontractée ou habillée, il s’adapte à toutes les occasions. La fine semelle en cuir et le petit talon confèrent une silhouette classique et élancée."
p1643-v3160-s,fr_XX,MORJAS The Belgian - Cuir de Cerf Noir,"Le Belgian est notre interprétation élégante d’un mocassin classique. Facile à porter avec une tenue décontractée ou habillée, il s’adapte à toutes les occasions. La fine semelle en cuir et le petit talon confèrent une silhouette classique et élancée."
p1644-v3161-s,fr_XX,MORJAS The Belgian - Cuir de Cerf Marron,"Le Belgian est notre interprétation élégante d’un mocassin classique. Facile à porter avec une tenue décontractée ou habillée, il s’adapte à toutes les occasions. La fine semelle en cuir et le petit talon confèrent une silhouette classique et élancée."
p7766-v9534-s,fr_XX,MORJAS The Belgian - Cuir Verni Noir,"Conçu en cuir verni, ce Belgian interprète une alternative discrète à l'Opera Pump pour les occasions formelles, avec une silhouette épurée qui rend le modèle si polyvalent. Le fini brillant apporte une allure formelle, tandis que la fine semelle en cuir et le petit talon préservent une ligne nette. Fabriqué à la main en Espagne."
p3428-v5110-s,fr_XX,MORJAS The Belgian Rubber Sole - Cuir de Cerf Noir,"Le Belgian est notre interprétation élégante d’un mocassin classique. Facile à porter avec une tenue décontractée ou habillée, il s’adapte à toutes les occasions. Les semelles en caoutchouc souple, assorties à la couleur, apportent un nouveau niveau de confort, ce qui le rend idéal à porter à la maison ou en ville."
p3427-v5109-s,fr_XX,MORJAS The Belgian Rubber Sole - Cuir de Cerf Marron,"Le Belgian est notre interprétation élégante d’un mocassin classique. Facile à porter avec une tenue décontractée ou habillée, il s’adapte à toutes les occasions. Les semelles en caoutchouc souple, assorties à la couleur, apportent un nouveau niveau de confort, ce qui le rend idéal à porter à la maison ou en ville."
p3555-v5310-s,fr_XX,MORJAS The Belgian Rubber Sole - Daim Noir,"Le Belgian est notre interprétation élégante d’un mocassin classique. Facile à porter avec une tenue décontractée ou habillée, il s’adapte à toutes les occasions. Les semelles en caoutchouc souple, assorties à la couleur, apportent un nouveau niveau de confort, ce qui le rend idéal à porter à la maison ou en ville."
p1638-v3155-s,fr_XX,MORJAS The Horsebit Loafer - Cuir Lisse Noir,"Le Horsebit Loafer est construit sur le même forme que nos penny loafers et orné d'un détail métallique en travers du vamp. Cousu Goodyear sur une semelle cuir simple et entièrement doublé de cuir. Une silhouette classique inspirée du design des années 1950, revisitée avec des proportions contemporaines, aussi à l'aise avec un costume qu'avec un jean usé. Fabriqué à la main à Almansa, en Espagne."
p1639-v3156-s,fr_XX,MORJAS Le Mocassin à Mors - Daim Marron,"Le Horsebit Loafer est construit sur le même forme que nos penny loafers et orné d'un détail métallique en travers du vamp. Cousu Goodyear sur une semelle cuir simple et entièrement doublé de cuir. Une silhouette classique inspirée du design des années 1950, revisitée avec des proportions contemporaines, aussi à l'aise avec un costume qu'avec un jean usé. Fabriqué à la main à Almansa, en Espagne."
p7769-v9537-s,fr_XX,MORJAS The Horsebit Loafer - Cuir Grainé Noir,"Le Horsebit Loafer est construit sur le même forme que nos penny loafers et orné d'un détail métallique en travers du vamp. Cousu Goodyear sur une semelle cuir simple et entièrement doublé de cuir. Une silhouette classique inspirée du design des années 1950, revisitée avec des proportions contemporaines, aussi à l'aise avec un costume qu'avec un jean usé. Fabriqué à la main à Almansa, en Espagne."
p7770-v9538-s,fr_XX,MORJAS The Horsebit Loafer - Cuir Grainé Marron,"Le Horsebit Loafer est construit sur le même forme que nos penny loafers et orné d'un détail métallique en travers du vamp. Cousu Goodyear sur une semelle cuir simple et entièrement doublé de cuir. Une silhouette classique inspirée du design des années 1950, revisitée avec des proportions contemporaines, aussi à l'aise avec un costume qu'avec un jean usé. Fabriqué à la main à Almansa, en Espagne."
p7773-v9541-s,fr_XX,MORJAS The Venetian - Cuir Grainé Noir,"Le Venetian est un mocassin épuré, cousu à la main en Italie selon une construction mocassin. Conçu en cuir de veau grainé, avec doublure intégrale en cuir et semelle intérieure rembourrée qui adoucit chaque pas. Monté sur une semelle en caoutchouc souple et flexible pour un confort accru. La silhouette s'accorde bien avec un tailoring léger et se porte tout aussi bien avec des looks estivaux."
p7774-v9542-s,fr_XX,MORJAS The Venetian - Cuir Grainé Marron,"Le Venetian est un mocassin épuré, cousu à la main en Italie selon une construction mocassin. Conçu en cuir de veau grainé, avec doublure intégrale en cuir et semelle intérieure rembourrée qui adoucit chaque pas. Monté sur une semelle en caoutchouc souple et flexible pour un confort accru. La silhouette s'accorde bien avec un tailoring léger et se porte tout aussi bien avec des looks estivaux."
p7775-v9543-s,fr_XX,MORJAS The Venetian - Daim Marron,"Le Venetian est un mocassin épuré, cousu à la main en Italie selon une construction mocassin. Conçu en daim, avec doublure intégrale en cuir et semelle intérieure rembourrée qui adoucit chaque pas. Monté sur une semelle en caoutchouc souple et flexible pour un confort accru. La silhouette s'accorde bien avec un tailoring léger et se porte tout aussi bien avec des looks estivaux."
p7776-v9544-s,fr_XX,MORJAS The Venetian - Daim Sable,"Le Venetian est un mocassin épuré, cousu à la main en Italie selon une construction mocassin. Conçu en daim, avec doublure intégrale en cuir et semelle intérieure rembourrée qui adoucit chaque pas. Monté sur une semelle en caoutchouc souple et flexible pour un confort accru. La silhouette s'accorde bien avec un tailoring léger et se porte tout aussi bien avec des looks estivaux."
p7333-v9088-s,fr_XX,MORJAS The Full Strap Loafer - Cuir Lisse Noir,"Un mocassin échancré à la silhouette épurée, caractérisé par un plateau plus court et une bride longue qui traverse élégamment la tige. Construit sur une semelle en cuir avec construction Goodyear. Fabriqué à la main à Almansa, en Espagne."
p123-v1640-s,fr_XX,MORJAS The Opera Pump - Cuir Verni Noir,"Pour nous, la chaussure la plus élégante à porter avec un smoking ou une tenue de cérémonie : l’Opera Pump. Un slipper orné d’un nœud à l’avant et doté d’une doublure matelassée en satin noir, fabriqué à la main en Espagne en cuir verni. Un modèle qui est entré dans le XXIe siècle presque tel qu’il a quitté le XIXe."
p3130-v4811-s,fr_XX,MORJAS L'Espadrille - Daim Beige,"L’Espadrille est construite sur une semelle en jute légèrement surélevée pour une allure élégante et naturelle. La tige souple et la silhouette équilibrée en font un choix évident pour les journées estivales. Chaque paire est fabriquée à la main selon des méthodes traditionnelles, conférant à chaque chaussure un charme subtil et singulier."
p2453-v4065-s,fr_XX,MORJAS The Espadrille - All Black Suede,"L’Espadrille est construite sur une semelle en jute légèrement surélevée pour une allure élégante et naturelle. La tige souple et la silhouette équilibrée en font un choix évident pour les journées estivales. Chaque paire est fabriquée à la main selon des méthodes traditionnelles, conférant à chaque chaussure un charme subtil et singulier."
p1648-v3165-s,fr_XX,MORJAS The Espadrille - Daim Taupe,"L’Espadrille est construite sur une semelle en jute légèrement surélevée pour une allure élégante et naturelle. La tige souple et la silhouette équilibrée en font un choix évident pour les journées estivales. Chaque paire est fabriquée à la main selon des méthodes traditionnelles, conférant à chaque chaussure un charme subtil et singulier."
p783-v2300-s,fr_XX,MORJAS The Espadrille - Daim Bleu Marine,"L’Espadrille est construite sur une semelle en jute légèrement surélevée pour une allure élégante et naturelle. La tige souple et la silhouette équilibrée en font un choix évident pour les journées estivales. Chaque paire est fabriquée à la main selon des méthodes traditionnelles, conférant à chaque chaussure un charme subtil et singulier."
p782-v2299-s,fr_XX,MORJAS The Espadrille - Daim Beige Clair,"L’Espadrille est construite sur une semelle en jute légèrement surélevée pour une allure élégante et naturelle. La tige souple et la silhouette équilibrée en font un choix évident pour les journées estivales. Chaque paire est fabriquée à la main selon des méthodes traditionnelles, conférant à chaque chaussure un charme subtil et singulier."
p1649-v3166-s,fr_XX,MORJAS The Espadrille - Toile Ivoire,"L’Espadrille est construite sur une semelle en jute légèrement surélevée pour une allure élégante et naturelle. La tige souple et la silhouette équilibrée en font un choix évident pour les journées estivales. Chaque paire est fabriquée à la main selon des méthodes traditionnelles, conférant à chaque chaussure un charme subtil et singulier."
p7768-v9536-s,fr_XX,MORJAS The Espadrille - All Brown Suede,"L’Espadrille est construite sur une semelle en jute légèrement surélevée pour une allure élégante et naturelle. La tige souple et la silhouette équilibrée en font un choix évident pour les journées estivales. Chaque paire est fabriquée à la main selon des méthodes traditionnelles, conférant à chaque chaussure un charme subtil et singulier."
p779-v2296-s,fr_XX,MORJAS The Espadrille - Daim Marron,"L’Espadrille est construite sur une semelle en jute légèrement surélevée pour une allure élégante et naturelle. La tige souple et la silhouette équilibrée en font un choix évident pour les journées estivales. Chaque paire est fabriquée à la main selon des méthodes traditionnelles, conférant à chaque chaussure un charme subtil et singulier."
p3689-v5444-s,fr_XX,MORJAS The Boat Shoe - Cuir Grainé Marron,"Cousu à la main en Italie selon une construction mocassin, non doublé pour plus de légèreté. La semelle en caoutchouc ton sur ton apporte du grip et un caractère sportif discret. Une silhouette qui s'accorde avec des pantalons larges et se porte tout aussi bien avec un short taillé."
p3142-v4823-s,fr_XX,MORJAS Le Boat Shoe - Daim Marron,"[b]Bientôt disponible – s'inscrire pour être notifié[/b]  Cousu à la main en Italie selon une construction mocassin, non doublé pour plus de légèreté. La semelle en caoutchouc ton sur ton apporte du grip et un caractère sportif discret. Une silhouette qui s'accorde avec des pantalons larges et se porte tout aussi bien avec un short taillé."
p3162-v4844-s,fr_XX,MORJAS Le Boat Shoe - Cuir Grainé Noir,"Cousu à la main en Italie selon une construction mocassin, non doublé pour plus de légèreté. La semelle en caoutchouc ton sur ton apporte du grip et un caractère sportif discret. Une silhouette qui s'accorde avec des pantalons larges et se porte tout aussi bien avec un short taillé."
p7782-v9564-s,fr_XX,MORJAS The Boat Shoe - Daim Sable,"Cousu à la main en Italie selon une construction mocassin, non doublé pour plus de légèreté. La semelle en caoutchouc ton sur ton apporte du grip et un caractère sportif discret. Une silhouette qui s'accorde avec des pantalons larges et se porte tout aussi bien avec un short taillé."
p7783-v9565-s,fr_XX,MORJAS The Boat Shoe - Daim Marron & Cuir Lisse Marron,"Cousu à la main en Italie selon une construction mocassin, non doublé pour plus de légèreté. La semelle en caoutchouc ton sur ton apporte du grip et un caractère sportif discret. Une silhouette qui s'accorde avec des pantalons larges et se porte tout aussi bien avec un short taillé."
p3141-v4822-s,fr_XX,MORJAS Le Boat Shoe - Daim Noir,"Cousu à la main en Italie selon une construction mocassin, non doublé pour plus de légèreté. La semelle en caoutchouc ton sur ton apporte du grip et un caractère sportif discret. Une silhouette qui s'accorde avec des pantalons larges et se porte tout aussi bien avec un short taillé."
p7779-v9561-s,fr_XX,MORJAS The Deck Shoe - Toile Écru,"Le Deck Shoe s'inscrit dans la tradition maritime et est fabriqué à la main au Portugal, avec une tige en canvas légère et respirante. La semelle en caoutchouc blanc à surface texturée assure une bonne adhérence sur le pont, tandis que son profil épuré se marie facilement avec une tenue décontractée, du denim ou d'autres pièces casual."
p3685-v5440-s,fr_XX,MORJAS The Deck Shoe - Toile Bleu Marine,"Le Deck Shoe s'inscrit dans la tradition maritime et est fabriqué à la main au Portugal, avec une tige en canvas légère et respirante. La semelle en caoutchouc blanc à surface texturée assure une bonne adhérence sur le pont, tandis que son profil épuré se marie facilement avec une tenue décontractée, du denim ou d'autres pièces casual."
p7778-v9560-s,fr_XX,MORJAS The Deck Shoe - Toile Lavande,"Le Deck Shoe s'inscrit dans la tradition maritime et est fabriqué à la main au Portugal, avec une tige en canvas légère et respirante. La semelle en caoutchouc blanc à surface texturée assure une bonne adhérence sur le pont, tandis que son profil épuré se marie facilement avec une tenue décontractée, du denim ou d'autres pièces casual."
p7772-v9540-s,fr_XX,MORJAS The Plimsoll - Toile Écru,"La seule chaussure que nous cuisons. Le Plimsoll est fabriqué par vulcanisation, un procédé où la semelle et la tige sont fusionnées à 140 degrés. Le résultat est un sneaker à la fois souple et résistant, léger et adapté au printemps comme à l'été. Respirant, facile à porter, et conçu dans des matériaux qui développent du caractère avec le temps."
p3681-v5436-s,fr_XX,MORJAS The Plimsoll - Nubuck Taupe,"La seule chaussure que nous cuisons. Le Plimsoll est fabriqué par vulcanisation, un procédé où la semelle et la tige sont fusionnées à 140 degrés. Le résultat est un sneaker à la fois souple et résistant, léger et adapté au printemps comme à l'été. Respirant, facile à porter, et conçu dans des matériaux qui développent du caractère avec le temps."
p7771-v9539-s,fr_XX,MORJAS The Plimsoll - Toile Vert Olive,"La seule chaussure que nous cuisons. Le Plimsoll est fabriqué par vulcanisation, un procédé où la semelle et la tige sont fusionnées à 140 degrés. Le résultat est un sneaker à la fois souple et résistant, léger et adapté au printemps comme à l'été. Respirant, facile à porter, et conçu dans des matériaux qui développent du caractère avec le temps."
p3682-v5437-s,fr_XX,MORJAS The Plimsoll - Daim Noir,"La seule chaussure que nous cuisons. Le Plimsoll est fabriqué par vulcanisation, un procédé où la semelle et la tige sont fusionnées à 140 degrés. Le résultat est un sneaker à la fois souple et résistant, léger et adapté au printemps comme à l'été. Respirant, facile à porter, et conçu dans des matériaux qui développent du caractère avec le temps."
p772-v2289-s,fr_XX,MORJAS The Sneaker 02 - Cuir Blanc,"Un sneaker discret et épuré, aux lignes basses et nettes. Fabriqué à la main au Portugal, il adopte une silhouette affinée et minimaliste qui s’adapte à toutes les situations. Pensé pour le quotidien, il offre une allure fraîche et naturelle."
p3678-v5433-s,fr_XX,MORJAS The Court Sneaker - Blanc Cassé,"Le Court Sneaker s'inspire des chaussures de tennis et de basket des années 70 et 80. Un profil bas conçu pour un usage quotidien. Fabriqué à la main au Portugal sur une base en carton-cuir, choisie pour sa solidité et sa tenue. La tige en daim et cuir lisse présente des perforations et repose sur une semelle en caoutchouc thermoplastique. Doté d'un soutien de la voûte plantaire et d'un amorti pour un confort durable à la marche."
p1659-v3176-s,fr_XX,MORJAS The Sneaker 02 - Daim Marron Foncé,"Un sneaker discret et épuré, aux lignes basses et nettes. Fabriqué à la main au Portugal, il adopte une silhouette affinée et minimaliste qui s’adapte à toutes les situations. Pensé pour le quotidien, il offre une allure fraîche et naturelle."
p2456-v4068-s,fr_XX,MORJAS La Sneaker 02 - Daim Nougat,"Un sneaker discret et épuré, aux lignes basses et nettes. Fabriqué à la main au Portugal, il adopte une silhouette affinée et minimaliste qui s’adapte à toutes les situations. Pensé pour le quotidien, il offre une allure fraîche et naturelle."
p766-v2283-s,fr_XX,MORJAS The Sneaker 02 - Daim Bleu Marine,"Un sneaker discret et épuré, aux lignes basses et nettes. Fabriqué à la main au Portugal, il adopte une silhouette affinée et minimaliste qui s’adapte à toutes les situations. Pensé pour le quotidien, il offre une allure fraîche et naturelle."
p3692-v5447-s,fr_XX,MORJAS The Sneaker 02 - Daim Beige,"Un sneaker discret et épuré, aux lignes basses et nettes. Fabriqué à la main au Portugal, il adopte une silhouette affinée et minimaliste qui s’adapte à toutes les situations. Pensé pour le quotidien, il offre une allure fraîche et naturelle."
p7767-v9535-s,fr_XX,MORJAS The Court Sneaker - Nougat,"Le Court Sneaker s'inspire des chaussures de tennis et de basket des années 70 et 80. Un profil bas conçu pour un usage quotidien. Fabriqué à la main au Portugal sur une base en carton-cuir, choisie pour sa solidité et sa tenue. La tige en daim présente des perforations et repose sur une semelle en caoutchouc thermoplastique. Doté d'un soutien de la voûte plantaire et d'un amorti pour un confort durable à la marche."
p1660-v3177-s,fr_XX,MORJAS The Sneaker 02 - Daim Noir,"Un sneaker discret et épuré, aux lignes basses et nettes. Fabriqué à la main au Portugal, il adopte une silhouette affinée et minimaliste qui s’adapte à toutes les situations. Pensé pour le quotidien, il offre une allure fraîche et naturelle."
p3679-v5434-s,fr_XX,MORJAS The Court Sneaker - Marron,"Le Court Sneaker s'inspire des chaussures de tennis et de basket des années 70 et 80. Un profil bas conçu pour un usage quotidien. Fabriqué à la main au Portugal sur une base en carton-cuir, choisie pour sa solidité et sa tenue. La tige en daim et cuir lisse présente des perforations et repose sur une semelle en caoutchouc thermoplastique. Doté d'un soutien de la voûte plantaire et d'un amorti pour un confort durable à la marche."
p3680-v5435-s,fr_XX,MORJAS The Court Sneaker - Noir,"Le Court Sneaker s'inspire des chaussures de tennis et de basket des années 70 et 80. Un profil bas conçu pour un usage quotidien. Fabriqué à la main au Portugal sur une base en carton-cuir, choisie pour sa solidité et sa tenue. La tige en daim et cuir lisse présente des perforations et repose sur une semelle en caoutchouc thermoplastique. Doté d'un soutien de la voûte plantaire et d'un amorti pour un confort durable à la marche."
p3675-v5430-s,fr_XX,MORJAS The Trainer - Blanc,"The Trainer allie minimalisme sportif et design inspiré des chaussures de course classiques. Fabriqué à la main en daim et nylon respirant, il est conçu sur une semelle Vibram pour un confort optimal et une adhérence parfaite."
p3677-v5432-s,fr_XX,MORJAS The Trainer - Bleu Marine/Noir,"The Trainer allie minimalisme sportif et design inspiré des chaussures de course classiques. Fabriqué à la main en daim et nylon respirant, il est conçu sur une semelle Vibram pour un confort optimal et une adhérence parfaite."
p3676-v5431-s,fr_XX,MORJAS The Trainer - Taupe,"The Trainer allie minimalisme sportif et design inspiré des chaussures de course classiques. Fabriqué à la main en daim et nylon respirant, il est conçu sur une semelle Vibram pour un confort optimal et une adhérence parfaite."
p7802-v9584-s,fr_XX,MORJAS The Costa Sandal - Cuir Grainé Noir,"La Costa Sandal est fabriquée à la main en Italie, avec une tige en cuir de veau grainé et une semelle intérieure moulée en cuir de veau. La large bride croisée et la fermeture ajustable offrent un maintien précis et épuré. Une semelle légère en polyuréthane complète le modèle, alliant stabilité et confort au quotidien."
p7756-v9514-s,fr_XX,MORJAS The Camp Moc - Nubuck Mull,"Fabriqué à la main en Italie, le Camp Moc reprend les codes de construction du Boat Shoe, tout en étant pensé pour un usage plus polyvalent et transsaisonnier. Sa semelle crantée apporte davantage de stabilité et de résistance lorsque les conditions deviennent plus exigeantes. Entièrement doublé en cuir et doté d’une semelle intérieure matelassée, il assure un confort durable au quotidien."
p7755-v9513-s,fr_XX,MORJAS The Camp Moc - Cuir de Cerf Noir,"Fabriqué à la main en Italie et réalisé en cuir de cerf souple, le Camp Moc reprend les codes de construction du Boat Shoe, tout en étant pensé pour un usage plus polyvalent et transsaisonnier. Sa semelle crantée apporte davantage de stabilité et de résistance lorsque les conditions deviennent plus exigeantes. Entièrement doublé en cuir et doté d'une semelle intérieure matelassée, il assure un confort durable au quotidien."
p11-v1533-s,fr_XX,MORJAS The Oxford - Cuir Lisse Noir,"L’Oxford est fabriqué à la main en Espagne avec un montage Goodyear, choisi pour sa durabilité et la facilité de ressemelage. Son empeigne en cuir dessine une silhouette équilibrée, adaptée aussi bien aux contextes formels que semi-formels. Conçu pour durer, il offre une allure assurée pour accompagner aussi bien un costume qu’un style plus décontracté."
p16-v1538-s,fr_XX,MORJAS The Oxford - Cuir Verni Noir,"Conçu en cuir verni, l’Oxford est pensé pour les tenues de soirée en black et white tie, apportant une présence raffinée aux occasions les plus formelles. Fabriqué à la main en Espagne selon la méthode du cousu Goodyear, choisie pour sa solidité et la facilité de ressemelage. Il présente un bout lisse, une semelle noire spécialement développée avec des clous en laiton, ainsi qu’une doublure intégrale en cuir noir."
p13-v1535-s,fr_XX,MORJAS The Oxford - Cuir Lisse Marron,"L’Oxford est fabriqué à la main en Espagne avec un montage Goodyear, choisi pour sa durabilité et la facilité de ressemelage. Son empeigne en cuir dessine une silhouette équilibrée, adaptée aussi bien aux contextes formels que semi-formels. Conçu pour durer, il offre une allure assurée pour accompagner aussi bien un costume qu’un style plus décontracté."
p12-v1534-s,fr_XX,MORJAS The Oxford - Cuir Lisse Bordeaux,"L’Oxford est fabriqué à la main en Espagne avec un montage Goodyear, choisi pour sa durabilité et la facilité de ressemelage. Son empeigne en cuir dessine une silhouette équilibrée, adaptée aussi bien aux contextes formels que semi-formels. Conçu pour durer, il offre une allure assurée pour accompagner aussi bien un costume qu’un style plus décontracté."
p14-v1536-s,fr_XX,MORJAS The Oxford - Daim Marron,"L’Oxford est fabriqué à la main en Espagne avec un montage Goodyear, choisi pour sa durabilité et la facilité de ressemelage. Son empeigne en cuir dessine une silhouette équilibrée, adaptée aussi bien aux contextes formels que semi-formels. Conçu pour durer, il offre une allure assurée pour accompagner aussi bien un costume qu’un style plus décontracté."
p789-v2306-s,fr_XX,MORJAS The Oxford Rubber Sole - Cuir Lisse Noir,"L’Oxford est fabriqué à la main en Espagne avec un montage Goodyear, choisi pour sa durabilité et la facilité de ressemelage. Son empeigne en cuir dessine une silhouette équilibrée, adaptée aussi bien aux contextes formels que semi-formels. Conçu pour durer, il offre une allure assurée pour accompagner aussi bien un costume qu’un style plus décontracté."
p1632-v3149-s,fr_XX,MORJAS The Oxford Rubber Sole - Cuir Lisse Marron,"L’Oxford est fabriqué à la main en Espagne avec un montage Goodyear, choisi pour sa durabilité et la facilité de ressemelage. Son empeigne en cuir dessine une silhouette équilibrée, adaptée aussi bien aux contextes formels que semi-formels. Conçu pour durer, il offre une allure assurée pour accompagner aussi bien un costume qu’un style plus décontracté."
p1631-v3148-s,fr_XX,MORJAS The Oxford Rubber Sole - Cuir Lisse Bordeaux,"L’Oxford est fabriqué à la main en Espagne avec un montage Goodyear, choisi pour sa durabilité et la facilité de ressemelage. Son empeigne en cuir dessine une silhouette équilibrée, adaptée aussi bien aux contextes formels que semi-formels. Conçu pour durer, il offre une allure assurée pour accompagner aussi bien un costume qu’un style plus décontracté."
p1633-v3150-s,fr_XX,MORJAS Le Richelieu Semelle en caoutchouc - Daim Marron,"L’Oxford est fabriqué à la main en Espagne avec un montage Goodyear, choisi pour sa durabilité et la facilité de ressemelage. Son empeigne en cuir dessine une silhouette équilibrée, adaptée aussi bien aux contextes formels que semi-formels. Conçu pour durer, il offre une allure assurée pour accompagner aussi bien un costume qu’un style plus décontracté."
p803-v2320-s,fr_XX,MORJAS L’Adelaide - Cuir Lisse Noir,"L’Adelaide reprend le laçage fermé de l’Oxford, lui conférant une allure élégante et formelle. Fabriqué à la main en Espagne avec un montage Goodyear et une semelle en cuir. Des perforations raffinées et un laçage en forme de U ajoutent de subtils détails sans rompre la pureté de la silhouette. Convient aux occasions formelles et semi-formelles."
p2443-v4055-s,fr_XX,MORJAS L’Adelaide - Cuir Lisse Marron,"L’Adelaide reprend le laçage fermé de l’Oxford, lui conférant une allure élégante et formelle. Fabriqué à la main en Espagne avec un montage Goodyear et une semelle en cuir. Des perforations raffinées et un laçage en forme de U ajoutent de subtils détails sans rompre la pureté de la silhouette. Convient aux occasions formelles et semi-formelles."
p1635-v3152-s,fr_XX,MORJAS L’Adelaide - Daim Marron,"L’Adelaide reprend le laçage fermé de l’Oxford, lui conférant une allure élégante et formelle. Fabriqué à la main en Espagne avec un montage Goodyear et une semelle en cuir. Des perforations raffinées et un laçage en forme de U ajoutent de subtils détails sans rompre la pureté de la silhouette. Convient aux occasions formelles et semi-formelles."
p3424-v5106-s,fr_XX,MORJAS The Split Toe Derby - Cuir Grainé Marron,"Fabriqué à la main en Espagne, le Split Toe Derby associe un cousu Goodyear à une fine semelle en caoutchouc. Son plateau cousu et son bout fendu, conçus à l’origine pour résister à l’humidité, sont devenus des détails emblématiques du style. Complété par une doublure intégrale en cuir, il présente une silhouette équilibrée adaptée à de nombreux contextes."
p3425-v5107-s,fr_XX,MORJAS The Split Toe Derby - Cuir Lisse Noir,"Fabriqué à la main en Espagne, le Split Toe Derby associe un cousu Goodyear à une fine semelle en caoutchouc. Son plateau cousu et son bout fendu, conçus à l’origine pour résister à l’humidité, sont devenus des détails emblématiques du style. Complété par une doublure intégrale en cuir, il présente une silhouette équilibrée adaptée à de nombreux contextes."
p3660-v5415-s,fr_XX,MORJAS The Split Toe Derby - Cuir Grainé Noir,"Fabriqué à la main en Espagne, le Split Toe Derby associe un cousu Goodyear à une fine semelle en caoutchouc. Son plateau cousu et son bout fendu, conçus à l’origine pour résister à l’humidité, sont devenus des détails emblématiques du style. Complété par une doublure intégrale en cuir, il présente une silhouette équilibrée adaptée à de nombreux contextes."
p3423-v5105-s,fr_XX,MORJAS The Split Toe Derby - Daim Marron,"Fabriqué à la main en Espagne, le Split Toe Derby associe un cousu Goodyear à une fine semelle en caoutchouc. Son plateau cousu et son bout fendu, conçus à l’origine pour résister à l’humidité, sont devenus des détails emblématiques du style. Complété par une doublure intégrale en cuir, il présente une silhouette équilibrée adaptée à de nombreux contextes."
p7786-v9568-s,fr_XX,MORJAS The Split Toe Derby - Polo Daim,"Fabriqué à la main en Espagne, le Split Toe Derby associe un cousu Goodyear à une fine semelle en caoutchouc. Son plateau cousu et son bout fendu, conçus à l’origine pour résister à l’humidité, sont devenus des détails emblématiques du style. Complété par une doublure intégrale en cuir, il présente une silhouette équilibrée adaptée à de nombreux contextes."
p31-v1541-s,fr_XX,MORJAS The Derby - Cuir Lisse Marron,"Le Derby est fabriqué à la main en Espagne, associant un montage Goodyear à une trépointe tempête verticale pour plus de longévité et de protection en toutes conditions. De subtils détails de brogue apportent de la texture à ses lignes épurées, tandis que sa semelle en caoutchouc cloutée offre une silhouette équilibrée, adaptée aussi bien au denim qu’au tailoring."
p29-v1539-s,fr_XX,MORJAS The Derby - Cuir Lisse Noir,"Le Derby est fabriqué à la main en Espagne, associant un montage Goodyear à une trépointe tempête verticale pour plus de longévité et de protection en toutes conditions. De subtils détails de brogue apportent de la texture à ses lignes épurées, tandis que sa semelle en caoutchouc cloutée offre une silhouette équilibrée, adaptée aussi bien au denim qu’au tailoring."
p32-v1542-s,fr_XX,MORJAS The Derby - Daim Marron,"Le Derby est fabriqué à la main en Espagne, associant un montage Goodyear à une trépointe tempête verticale pour plus de longévité et de protection en toutes conditions. De subtils détails de brogue apportent de la texture à ses lignes épurées, tandis que sa semelle en caoutchouc cloutée offre une silhouette équilibrée, adaptée aussi bien au denim qu’au tailoring."
p33-v1543-s,fr_XX,MORJAS The Derby - Daim Marron Moyen,"Le Derby est fabriqué à la main en Espagne, associant un montage Goodyear à une trépointe tempête verticale pour plus de longévité et de protection en toutes conditions. De subtils détails de brogue apportent de la texture à ses lignes épurées, tandis que sa semelle en caoutchouc cloutée offre une silhouette équilibrée, adaptée aussi bien au denim qu’au tailoring."
p28-v1546-s,fr_XX,MORJAS The Derby - Cuir Grainé Marron,"Le Derby est fabriqué à la main en Espagne, associant un montage Goodyear à une trépointe tempête verticale pour plus de longévité et de protection en toutes conditions. De subtils détails de brogue apportent de la texture à ses lignes épurées, tandis que sa semelle en caoutchouc cloutée offre une silhouette équilibrée, adaptée aussi bien au denim qu’au tailoring."
p30-v1540-s,fr_XX,MORJAS The Derby - Cuir Lisse Bordeaux,"Le Derby est fabriqué à la main en Espagne, associant un montage Goodyear à une trépointe tempête verticale pour plus de longévité et de protection en toutes conditions. De subtils détails de brogue apportent de la texture à ses lignes épurées, tandis que sa semelle en caoutchouc cloutée offre une silhouette équilibrée, adaptée aussi bien au denim qu’au tailoring."
p26-v1544-s,fr_XX,MORJAS The Derby - Cuir Grainé Noir,"Le Derby est fabriqué à la main en Espagne, associant un montage Goodyear à une trépointe tempête verticale pour plus de longévité et de protection en toutes conditions. De subtils détails de brogue apportent de la texture à ses lignes épurées, tandis que sa semelle en caoutchouc cloutée offre une silhouette équilibrée, adaptée aussi bien au denim qu’au tailoring."
p20-v1548-s,fr_XX,MORJAS The Plain Toe Blucher - Cuir Lisse Noir,"Fabriqué à la main en Espagne, le Plain Toe Blucher séduit par son empeigne lisse et son allure discrète. Son cousu Goodyear avec storm welt vertical assure résistance et protection, tandis que la semelle en caoutchouc à picots apporte une silhouette équilibrée, adaptée aussi bien aux ensembles habillés qu’aux tenues décontractées."
p7784-v9566-s,fr_XX,MORJAS The Plain Toe Blucher - Daim Beige,"Fabriqué à la main en Espagne, le Plain Toe Blucher séduit par son empeigne lisse et son allure discrète. Son cousu Goodyear assure résistance et protection, tandis que la semelle en cuir apporte une silhouette équilibrée, adaptée aussi bien aux ensembles habillés qu'aux tenues décontractées aux beaux jours."
p44-v1572-s,fr_XX,MORJAS The Double Monkstrap - Cuir Lisse Noir,Le Double Monkstrap est fabriqué à la main en Espagne et repose sur une double semelle en cuir qui lui confère une allure affirmée et stable. Ses deux boucles définissent le dessus et équilibrent subtilement formalisme et décontraction.
p45-v1574-s,fr_XX,MORJAS The Double Monkstrap - Cuir Lisse Marron,Le Double Monkstrap est fabriqué à la main en Espagne et repose sur une double semelle en cuir qui lui confère une allure affirmée et stable. Ses deux boucles définissent le dessus et équilibrent subtilement formalisme et décontraction.
p49-v1567-s,fr_XX,MORJAS The Single Monkstrap - Cuir Lisse Noir,"Fabriqué à la main en Espagne, le Single Monkstrap repose sur une double semelle en cuir qui lui confère une allure affirmée. Sa boucle unique apporte une ligne épurée et contemporaine, tandis que ses proportions équilibrées en font un modèle polyvalent, adapté aussi bien aux tenues formelles qu’aux looks plus décontractés."
p46-v1573-s,fr_XX,MORJAS The Double Monkstrap - Cuir Lisse Bordeaux,Le Double Monkstrap est fabriqué à la main en Espagne et repose sur une double semelle en cuir qui lui confère une allure affirmée et stable. Ses deux boucles définissent le dessus et équilibrent subtilement formalisme et décontraction.
p7787-v9569-s,fr_XX,MORJAS The Single Monkstrap - Daim Marron,"Fabriqué à la main en Espagne et monté sur une double semelle en cuir, le Single Monkstrap se distingue par une présence affirmée. Sa boucle unique apporte une ligne nette et contemporaine, tandis que ses proportions équilibrées s'adaptent aussi bien à des tenues formelles qu'à des silhouettes plus décontractées tout au long de l'année."
p47-v1575-s,fr_XX,MORJAS The Double Monkstrap - Daim Marron,Le Double Monkstrap est fabriqué à la main en Espagne et repose sur une double semelle en cuir qui lui confère une allure affirmée et stable. Ses deux boucles définissent le dessus et équilibrent subtilement formalisme et décontraction.
p54-v1562-s,fr_XX,MORJAS The Chelsea Boot - Cuir Lisse Noir,"La Chelsea Boot est conçue à partir d’une seule pièce de cuir – un modèle One-Cut qui se distingue par sa forme fluide et sa silhouette affirmée. Construite sur une semelle en caoutchouc, cousue selon la méthode Goodyear, avec un talon élégant de 3 cm."
p57-v1565-s,fr_XX,MORJAS The Chelsea Boot - Daim Marron,"La Chelsea Boot est conçue à partir d’une seule pièce de cuir – un modèle One-Cut qui se distingue par sa forme fluide et sa silhouette affirmée. Construite sur une semelle en caoutchouc, cousue selon la méthode Goodyear, avec un talon élégant de 3 cm."
p3426-v5108-s,fr_XX,MORJAS The Chelsea Boot - Daim Noir,"La Chelsea Boot est conçue à partir d’une seule pièce de cuir – un modèle One-Cut qui se distingue par sa forme fluide et sa silhouette affirmée. Construite sur une semelle en caoutchouc, cousue selon la méthode Goodyear, avec un talon élégant de 3 cm."
p56-v1564-s,fr_XX,MORJAS The Chelsea Boot - Cuir Lisse Marron,"La Chelsea Boot est conçue à partir d’une seule pièce de cuir – un modèle One-Cut qui se distingue par sa forme fluide et sa silhouette affirmée. Construite sur une semelle en caoutchouc, cousue selon la méthode Goodyear, avec un talon élégant de 3 cm."
p7757-v9515-s,fr_XX,MORJAS The Unlined Chukka - Daim Marron – Non Doublé,"Fabriqué à la main en Espagne, le Unlined Chukka est un bottillon à deux œillets en daim retourné marron, cousu Goodyear sur une semelle en cuir avec une couture storm welt. La construction sans doublure garde la botte souple et légère, avec un caractère décontracté qui se développe au fil du temps. Une alternative moins structurée à son homologue doublé, adaptée aux conditions plus clémentes et à un usage quotidien."
p63-v1561-s,fr_XX,MORJAS The Chukka Boot - Daim Marron Moyen,La botte Chukka est montée sur une semelle en caoutchouc robuste et entièrement doublée de cuir. Sa silhouette à hauteur de cheville offre un style affirmé au quotidien – idéale pour la saison froide et suffisamment légère pour se porter toute l’année dans des climats plus doux. Fabriquée à la main en Espagne.
p62-v1560-s,fr_XX,MORJAS The Chukka Boot - Daim Marron,La botte Chukka est montée sur une semelle en caoutchouc robuste et entièrement doublée de cuir. Sa silhouette à hauteur de cheville offre un style affirmé au quotidien – idéale pour la saison froide et suffisamment légère pour se porter toute l’année dans des climats plus doux. Fabriquée à la main en Espagne.
p7733-v9488-s,fr_XX,MORJAS The Moc Toe Chukka - Cuir Grainé Noir,"Conçue en cuir grainé, le Moc Toe Chukka reprend la silhouette du chukka, retravaillée pour plus de tenue, parfaite pour la saison froide. Montée en cousu Goodyear avec bordure anti-intempéries sur une semelle crantée, elle allie solidité et élégance. Semelle intérieure rembourrée et laçage à trois œillets pour un confort immédiat. Fabriquée à la main en Espagne."
p7732-v9487-s,fr_XX,MORJAS The Moc Toe Chukka - Cuir Grainé Marron & Daim Marron,"Conçue en cuir grainée et daim, le Moc Toe Boot reprend la silhouette du chukka, retravaillée pour plus de tenue, parfaite pour la saison froide. Montée en cousu Goodyear avec bordure anti-intempéries sur une semelle crantée, elle allie solidité et élégance. Semelle intérieure rembourrée et laçage à trois œillets pour un confort immédiat. Fabriquée à la main en Espagne."
p77-v1594-s,fr_XX,MORJAS The Jumper Boot - Cuir Grainé Noir,"La Jumper Boot est une bottine derby montante à bout droit, fabriquée à la main en Espagne. Sa trépointe tempête et sa semelle en caoutchouc cloutée offrent adhérence et résistance à l’eau, tandis que le montage Goodyear garantit durabilité et ressemelage possible."
p78-v1595-s,fr_XX,MORJAS The Jumper Boot - Daim Marron,"La Jumper Boot est une bottine derby montante à bout droit, fabriquée à la main en Espagne. Sa trépointe tempête et sa semelle en caoutchouc cloutée offrent adhérence et résistance à l’eau, tandis que le montage Goodyear garantit durabilité et ressemelage possible."
p1684-v3212-s,fr_XX,MORJAS La Jumper Boot - Cuir Grainé Marron,"La Jumper Boot est une bottine derby montante à bout droit, fabriquée à la main en Espagne. Sa trépointe tempête et sa semelle en caoutchouc cloutée offrent adhérence et résistance à l’eau, tandis que le montage Goodyear garantit durabilité et ressemelage possible."
p7726-v9481-s,fr_XX,MORJAS The Jumper Boot - Cuir Lisse Noir,"La Jumper Boot est une bottine derby montante à bout droit, fabriquée à la main en Espagne. Sa trépointe tempête et sa semelle en caoutchouc cloutée offrent adhérence et résistance à l’eau, tandis que le montage Goodyear garantit durabilité et ressemelage possible."
p7745-v9500-s,fr_XX,MORJAS The Hybrid Hiker - Cuir Noir,"Le Hybrid Hiker allie résistance tout-terrain et détails contemporains épurés. Grâce à ses mudguards déperlants, sa silhouette basse et sa construction robuste, elle s’impose comme un compagnon idéal pour toutes vos explorations urbaines."
p3431-v5113-s,fr_XX,MORJAS The Hybrid Hiker - Nubuck Marron,"Le Hybrid Hiker allie résistance tout-terrain et détails contemporains épurés. Grâce à ses mudguards déperlants, sa silhouette basse et sa construction robuste, elle s’impose comme un compagnon idéal pour toutes vos explorations urbaines."
p3432-v5114-s,fr_XX,MORJAS The Hybrid Hiker - Cuir Grainé Noir,"Le Hybrid Hiker allie résistance tout-terrain et détails contemporains épurés. Grâce à ses mudguards déperlants, sa silhouette basse et sa construction robuste, elle s’impose comme un compagnon idéal pour toutes vos explorations urbaines."
p7731-v9486-s,fr_XX,MORJAS The Hybrid Hiker - Daim Taupe,"Avec ses capacités tout-terrain, ses garde-boue résistants à l'eau et sa silhouette basse, le Hybrid Hiker allie parfaitement une durabilité robuste à des détails contemporains et discrets, ce qui en fait le compagnon idéal pour toute exploration urbaine."
p3430-v5112-s,fr_XX,MORJAS The Hybrid Hiker - Daim Sable,"Le Hybrid Hiker allie résistance tout-terrain et détails contemporains épurés. Grâce à ses mudguards déperlants, sa silhouette basse et sa construction robuste, elle s’impose comme un compagnon idéal pour toutes vos explorations urbaines."
p7730-v9485-s,fr_XX,MORJAS The Hybrid Hiker - Pony Hair Noir,"Avec ses capacités tout-terrain, ses garde-boue résistants à l'eau et sa silhouette basse, le Hybrid Hiker allie parfaitement une durabilité robuste à des détails contemporains et discrets, ce qui en fait le compagnon idéal pour toute exploration urbaine."
p1686-v3214-s,fr_XX,MORJAS La Botte de Randonnée - Cuir Grainé Marron,"Inspirée par la vie entre montagne et ville, la Hiking Boot allie fonctionnalité robuste et allure raffinée. Montée sur une semelle en caoutchouc solide, elle est dotée d’une trépointe tempête, d’une languette rabattue et d’un col matelassé pour assurer confort et protection en toutes conditions."
p813-v2330-s,fr_XX,MORJAS The Hiking Boot - Cuir Grainé Noir,"Inspirée par la vie entre montagne et ville, la Hiking Boot allie fonctionnalité robuste et allure raffinée. Montée sur une semelle en caoutchouc solide, elle est dotée d’une trépointe tempête, d’une languette rabattue et d’un col matelassé pour assurer confort et protection en toutes conditions."
p3433-v5115-s,fr_XX,MORJAS The Hiking Boot - Daim Marron - Mudguard,"La Mudguard Edition est notre version revisitée de la Hiking Boot, pensée pour affronter des conditions encore plus rudes. Ses mudguards en cuir enduit hydrofuge protègent efficacement, tandis que la trépointe tempête, la languette rabattue et les nouveaux détails métalliques renforcent sa résistance. Une chaussure conçue pour conquérir le terrain avec style."
p7729-v9484-s,fr_XX,MORJAS The Hiking Boot - Daim Noir – Mudguard,"L'édition Mudguard est notre réinterprétation du Hiking Boot, améliorée avec des capacités plus robustes et plus résistantes. À son cœur se trouvent les garde-boue - des patchs de cuir enduit hydrofuges - qui la protègent dans des conditions difficiles. Associée à une trépointe tempête, une languette rabattable et de nouveaux accessoires, elle devient une botte tout-terrain aussi robuste qu'attrayante."
p1689-v3217-s,fr_XX,MORJAS The Alpine Boot - Daim Noir,"La botte Alpine est fabriquée à la main en Espagne, avec un cousu storm welt et une semelle crantée robuste offrant une excellente adhérence par tous les temps. Entièrement doublée en shearling et confectionnée en daim souple, elle garantit chaleur et confort par temps froid. Une fermeture zippée à l’avant ajoute une touche pratique – parfaite de la ville aux escapades hivernales."
p1690-v3218-s,fr_XX,MORJAS The Alpine Boot - Daim Marron,"La botte Alpine est fabriquée à la main en Espagne, avec un cousu storm welt et une semelle crantée robuste offrant une excellente adhérence par tous les temps. Entièrement doublée en shearling et confectionnée en daim souple, elle garantit chaleur et confort par temps froid. Une fermeture zippée à l’avant ajoute une touche pratique – parfaite de la ville aux escapades hivernales."
p7728-v9483-s,fr_XX,MORJAS The Alpine Boot - Cuir Grainé Noir,"La botte Alpine est fabriquée à la main en Espagne, avec un cousu storm welt et une semelle crantée robuste offrant une excellente adhérence par tous les temps. Entièrement doublée en shearling et confectionnée en cuir grainé, elle garantit chaleur et confort par temps froid. Une fermeture zippée à l’avant ajoute une touche pratique – parfaite de la ville aux escapades hivernales."
p7727-v9482-s,fr_XX,MORJAS The Alpine Boot - Cuir Grainé Marron,"La botte Alpine est fabriquée à la main en Espagne, avec un cousu storm welt et une semelle crantée robuste offrant une excellente adhérence par tous les temps. Entièrement doublée en shearling et confectionnée en cuir grainé, elle garantit chaleur et confort par temps froid. Une fermeture zippée à l’avant ajoute une touche pratique – parfaite de la ville aux escapades hivernales."
p7746-v9501-s,fr_XX,MORJAS The Country Boot - Nubuck Marron & Cuir Grainé Marron,"Conçue en cuir nubuck et cuir grainé, le Country Boot combine élégance urbaine et esprit outdoor. Réalisée en cousu Goodyear et montée sur une semelle crantée, elle offre une allure moderne et une résistance adaptée aux différentes conditions. Fabriquée à la main en Espagne."
p1687-v3215-s,fr_XX,MORJAS The Monkey Boot - Cuir Grainé Noir,"Le Monkey Boot possède une histoire singulière – née en Tchécoslovaquie et liée à l’univers militaire. Adoptée par les mods britanniques dans les années 1960, elle se distingue par son laçage montant jusqu’au bout dur. Fabriquée à la main en Espagne avec une trépointe tempête et une semelle en caoutchouc cloutée, elle conjugue caractère et durabilité."
p7337-v9092-s,fr_XX,MORJAS The Belt - Daim Noir,"Une ceinture de 30 mm en daim de veau noir, associée à une boucle en laiton massif arrondie en or mat. La chaleur du métal relève le daim sombre, donnant à la ceinture un caractère distinct sans compromettre sa polyvalence. Fabriquée à la main en Espagne."
p7338-v9093-s,fr_XX,MORJAS The Belt - Pony Hair Marron,"Réalisée en cuir de veau finition pony hair marron, cette ceinture de 25 mm est dotée d’une boucle en laiton argenté et s’accorde facilement à de nombreux styles."
p7339-v9094-s,fr_XX,MORJAS The Belt - Pony Hair Noir,"Réalisée en cuir de veau finition pony hair noir, cette ceinture de 25 mm est dotée d’une boucle en laiton argenté et s’accorde facilement à de nombreux styles."
p2460-v4072-s,fr_XX,MORJAS The Belt - Daim Sable,"Une ceinture de 30 mm en daim de veau dans un ton sable doux, associée à une boucle en laiton massif arrondie en or. Un accord lumineux et chaleureux qui s'intègre naturellement aux garde-robes dans les tons neutres et terreux. Fabriquée à la main en Espagne."
p2461-v4073-s,fr_XX,MORJAS The Belt - Daim Taupe,"Une ceinture de 30 mm en daim de veau dans un ton taupe discret, associée à une boucle en laiton massif arrondie en or. La chaleur du métal complète la neutralité du daim, offrant à la ceinture une polyvalence naturelle. Fabriquée à la main en Espagne."
p7763-v9531-s,fr_XX,MORJAS The Belt - Gold Buckle - Daim Noir Tressé Large,"Une ceinture de 30 mm tressée à la main en daim de veau dans un tressage plus large et ouvert, associée à une boucle en laiton massif arrondie en or vintage. Doublée pour maintenir sa structure, la texture plus souple du daim confère au tressage un caractère distinctif et décontracté. Fabriquée à la main en Espagne."
p7764-v9532-s,fr_XX,MORJAS The Belt - Daim Marron Tressé Large,"Une ceinture de 30 mm tressée à la main en daim de veau dans un tressage plus large et ouvert, associée à une boucle en laiton massif arrondie en or vintage. Doublée pour maintenir sa structure, le daim brun chaud confère au tressage un caractère souple et décontracté. Fabriquée à la main en Espagne."
p664-v2181-s,fr_XX,MORJAS The Belt - Matte Gold Buckle - Cuir Grainé Noir,"Une ceinture de 30 mm en cuir grainé pleine fleur, associée à une boucle en laiton massif arrondie en or mat. La texture du grain confère à la ceinture un caractère contemporain, tandis que la chaleur du métal apporte une touche discrète. Fabriquée à la main en Espagne."
p665-v2182-s,fr_XX,MORJAS The Belt - Matte Gold Buckle - Cuir Grainé Marron,"Une ceinture de 30 mm en cuir grainé pleine fleur, associée à une boucle en laiton massif arrondie en or mat. La texture naturelle du grain complète le ton brun chaud, donnant à la ceinture un caractère ancré et polyvalent. Fabriquée à la main en Espagne."
p760-v2277-s,fr_XX,MORJAS The Belt - Matte Gold Buckle - Daim Marron,"Une ceinture de 30 mm en daim de veau dans un brun profond, associée à une boucle en laiton massif arrondie en or mat. La chaleur du métal révèle la profondeur du daim, créant une ceinture à la fois ancrée et polyvalente. Fabriquée à la main en Espagne."
p761-v2278-s,fr_XX,MORJAS The Belt - Matte Gold Buckle - Daim Marron Moyen,"Une ceinture de 30 mm en daim de veau dans un brun moyen riche, associée à une boucle en laiton massif arrondie en or mat. Un accord naturel qui passe aisément des tenues décontractées aux looks plus habillés. Fabriquée à la main en Espagne."
p762-v2279-s,fr_XX,MORJAS The Belt - Matte Gold Buckle - Cuir Noir Tressé,"Une ceinture de 30 mm tressée à la main en cuir Vachetta tanné végétal, associée à une boucle en laiton massif arrondie en or vintage. Le cuir non doublé développe une patine riche avec le temps, gagnant en caractère à l'usage. Fabriquée à la main en Espagne."
p763-v2280-s,fr_XX,MORJAS The Belt - Matte Gold Buckle - Cuir Marron Tressé,"Une ceinture de 30 mm tressée à la main en cuir Vachetta tanné végétal, associée à une boucle en laiton massif arrondie en or vintage. Le ton brun chaud s'approfondit avec le temps à mesure que le cuir non doublé développe une patine naturelle. Fabriquée à la main en Espagne."
p3126-v4807-s,fr_XX,MORJAS La ceinture - Cuir Tressé Large Noir,"Une ceinture de 30 mm tressée à la main en cuir Vachetta tanné végétal dans un tressage plus large et ouvert, associée à une boucle en laiton massif arrondie en or vintage. Le motif plus aéré confère à la ceinture une allure décontractée, tandis que le cuir non doublé développe une patine riche à l'usage. Fabriquée à la main en Espagne."
p3127-v4808-s,fr_XX,MORJAS La ceinture - Cuir Tressé Large Marron,"Une ceinture de 30 mm tressée à la main en cuir Vachetta tanné végétal dans un tressage plus large et ouvert, associée à une boucle en laiton massif arrondie en or vintage. Le ton brun chaud et le motif détendu donnent à la ceinture un caractère facile qui se bonifie avec le temps. Fabriquée à la main en Espagne."
p3418-v5100-s,fr_XX,MORJAS The Belt - Matte Gold Buckle - Cuir Lisse Noir,"Une ceinture de 30 mm en cuir de veau pleine fleur au fini lisse, associée à une boucle en laiton massif arrondie en or mat. Le contraste entre le cuir sombre et la chaleur du métal confère à la ceinture une présence discrète, aussi bien adaptée aux tenues formelles que décontractées. Fabriquée à la main en Espagne."
p666-v2183-s,fr_XX,MORJAS The Belt - Silver Buckle - Cuir Noir Embossé,"Une ceinture de 30 mm en cuir de veau pleine fleur avec un motif croco embossé et une boucle en laiton massif arrondie en argent. La texture apporte de la profondeur au cuir sombre, tandis que le métal argenté maintient un caractère net et polyvalent. Fabriquée à la main en Espagne."
p757-v2274-s,fr_XX,MORJAS The Belt - Silver Buckle - Cuir Lisse Noir,"Une ceinture de 30 mm en cuir de veau pleine fleur au fini lisse, associée à une boucle en laiton massif arrondie en argent. Un accord tonal et sobre, qui se porte aussi bien avec une tenue habillée qu'avec un look plus décontracté. Fabriquée à la main en Espagne."
p758-v2275-s,fr_XX,MORJAS The Belt - Silver Buckle - Cuir Lisse Bordeaux,"Une ceinture de 30 mm en cuir de veau pleine fleur dans un ton burgundy profond, associée à une boucle en laiton massif arrondie en argent. Un contraste plus marqué qui reste maîtrisé, et se marie aussi bien aux tons sombres que neutres. Fabriquée à la main en Espagne."
p759-v2276-s,fr_XX,MORJAS The Belt - Silver Buckle - Cuir Lisse Marron,"Une ceinture de 30 mm en cuir de veau pleine fleur au fini chaud et lisse, associée à une boucle en laiton massif arrondie en argent. Le métal plus froid crée un contraste net avec le cuir brun, offrant une polyvalence discrète. Fabriquée à la main en Espagne."
p3419-v5101-s,fr_XX,MORJAS The Belt - Silver Buckle - Cuir Grainé Noir,"Une ceinture de 30 mm en cuir grainé pleine fleur, associée à une boucle en laiton massif arrondie en argent. La surface texturée associée au métal plus froid maintient un look net et moderne, adapté aussi bien aux tenues formelles que décontractées. Fabriquée à la main en Espagne."
p7765-v9533-s,fr_XX,MORJAS The Belt - Mull Nubuck - Nubuck Mull,"La ceinture Mull Nubuck est confectionnée à la main en Espagne en nubuck souple, doublée de cuir tanné végétal. Largeur 25 mm. Boucle arrondie en laiton massif, finition argent."
p7813-v9595-s,fr_XX,MORJAS The Belt - Matte Gold Buckle - Cuir Noir Embossé,"Une ceinture de 30 mm en cuir de veau pleine fleur avec un motif croco embossé et une boucle en laiton massif arrondie en or mat. La texture du cuir donne à la ceinture une présence affirmée, tandis que la chaleur du métal ancre l'ensemble avec discrétion. Fabriquée à la main en Espagne."
p7807-v9589-s,fr_XX,MORJAS The Belt - Matte Gold Buckle - Cuir Lisse Marron,"Une ceinture de 30 mm en cuir de veau pleine fleur au fini chaud et lisse, associée à une boucle en laiton massif arrondie en or mat. Un accord naturel qui passe aisément du formel au décontracté. Fabriquée à la main en Espagne."
p7806-v9588-s,fr_XX,MORJAS The Belt - Matte Gold Buckle - Cuir Lisse Bordeaux,"Une ceinture de 30 mm en cuir de veau pleine fleur dans un ton burgundy profond, associée à une boucle en laiton massif arrondie en or mat. La chaleur du métal révèle la richesse du cuir, avec du caractère sans excès. Fabriquée à la main en Espagne."
p7808-v9590-s,fr_XX,MORJAS The Belt - Silver Buckle - Daim Noir,"Une ceinture de 30 mm en daim de veau noir, associée à une boucle en laiton massif arrondie en argent. Un accord tonal et discret qui se porte aussi bien avec des tenues formelles que décontractées. Fabriquée à la main en Espagne."
p7809-v9591-s,fr_XX,MORJAS The Belt - Silver Buckle - Daim Marron,"Une ceinture de 30 mm en daim de veau dans un brun profond, associée à une boucle en laiton massif arrondie en argent. Un contraste plus marqué qui confère à la ceinture un caractère net, adapté aux tenues décontractées comme aux looks plus habillés. Fabriquée à la main en Espagne."
p7810-v9592-s,fr_XX,MORJAS The Belt - Silver Buckle - Daim Marron Moyen,"Une ceinture de 30 mm en daim de veau dans un brun moyen riche, associée à une boucle en laiton massif arrondie en argent. Le métal plus froid apporte un contraste net avec la chaleur du daim, ajoutant une polyvalence discrète. Fabriquée à la main en Espagne."
p7811-v9593-s,fr_XX,MORJAS The Belt - Silver Buckle - Daim Sable,"Une ceinture de 30 mm en daim de veau dans un ton sable doux, associée à une boucle en laiton massif arrondie en argent. Le métal plus froid crée un contraste net et décontracté avec la chaleur du daim, adapté aussi bien aux tenues habillées que décontractées. Fabriquée à la main en Espagne."
p7812-v9594-s,fr_XX,MORJAS The Belt - Silver Buckle - Daim Taupe,"Une ceinture de 30 mm en daim de veau dans un ton taupe discret, associée à une boucle en laiton massif arrondie en argent. Un accord tonal et sobre qui se fond facilement dans une large palette de tenues et de couleurs. Fabriquée à la main en Espagne."
p7814-v9596-s,fr_XX,MORJAS The Belt - Silver Buckle - Cuir Grainé Marron,"Une ceinture de 30 mm en cuir grainé pleine fleur, associée à une boucle en laiton massif arrondie en argent. Le métal plus froid crée un contraste équilibré avec le cuir brun texturé, offrant une polyvalence qui s'adapte à une large gamme de tenues. Fabriquée à la main en Espagne."
p7759-v9527-s,fr_XX,MORJAS The Card Holder - Gris Truffe Embossé,"Un porte-cartes fin pour un usage quotidien, avec six emplacements pour cartes et une section pour billets et espèces. Confectionné en cuir veau gaufré gris truffe et bords peints à la main pour une finition précise. Format compact, se glisse discrètement dans une poche de veste ou de pantalon. Fabriqué à la main en Espagne, embossé avec le logo MORJAS en dorure."
p7760-v9528-s,fr_XX,MORJAS The Foldable Card Holder - Gris Truffe Embossé,"Un porte-cartes pliable et compact pour un usage quotidien, avec six emplacements pour cartes, deux compartiments cachés et une section pour billets et espèces. Confectionné en cuir veau gaufré gris truffe avec des bords peints à la main pour des contours nets et durables. Format mince, se glisse facilement dans une poche de veste ou de pantalon. Fabriqué à la main en Espagne, embossé avec le logo MORJAS en dorure."
p7761-v9529-s,fr_XX,MORJAS The Luggage Tag - Gris Truffe Embossé,"Une étiquette à bagage en cuir conçue pour identifier vos affaires clairement lors de vos voyages. Confectionnée en cuir veau gaufré avec des bords peints à la main pour une finition nette et durable. Livrée avec un insert papier préimprimé pour vos coordonnées. Format élégant, se fixe proprement à votre bagage. Fabriquée à la main en Espagne et finie avec le logo MORJAS embossé en dorure."
p7762-v9530-s,fr_XX,MORJAS The Passport Holder - Gris Truffe Embossé,"Un porte-passeport conçu pour un transport sûr et compact de vos documents. Il maintient le passeport en sécurité et comprend une poche intérieure pour cartes d’embarquement, cartes ou notes. Confectionné en cuir veau gaufré gris truffe, il offre une structure plus ferme tout en restant mince. Se glisse facilement dans le bagage à main ou la poche d’une veste. Fabriqué à la main à Ubrique, Espagne."
p2449-v4061-s,fr_XX,MORJAS The Sleeve - Cuir Grainé Noir,"Assurez la meilleure protection possible à votre ordinateur portable avec notre étui d'ordinateur. Fabriqué à la main à partir d'un cuir souple et grainé, l'étui d'ordinateur est orné de fines coutures. L'étui d'ordinateur est doté de deux petites poches intérieures, pratiques pour ranger vos câbles, téléphone ou d'autres petits gadgets. Extensible, vous pourrez y ranger tous vos objets indispensables. Le cuir grainé en fait un compagnon de tous les jours qui s'embellira avec le temps.    L'étui est fabriqué à la main à Ubrique, en Espagne.    Convient aux ordinateurs portables jusqu'à 14 pouces.  Longueur : 24,5 cm  Largeur : 34 cm  Profondeur : 1,5 cm"
p1697-v3225-s,fr_XX,MORJAS La trousse de toilette - Cuir Grainé Noir,"Une version originale et intemporelle de la meilleure alliée des voyageurs modernes, la trousse de toilette. Sa conception pratique vous garantit qu'aucune fuite ou produit renversé ne viendra gâcher votre voyage. Vous profitez d'un grand espace de rangement pour emporter tous vos essentiels de toilettes. De plus, une poche plaquée intérieure permet de ranger les petits éléments pour les retrouver rapidement et de les séparer de vos plus grands produits tels que flacon de parfum, tube de crème hydratante et autres produits de soins. La trousse de toilette est doublée en nylon, pour vous faciliter son nettoyage et son entretien et permettre un séchage rapide à ceux qui sont souvent en déplacement. Le cuir souple grainé vieillira de manière élégante et développera une belle patine au fil du temps.    La trousse de toilette est fabriquée à la main à Ubrique, en Espagne."
p1693-v3221-s,fr_XX,MORJAS Le Portefeuille - Cuir Grainé Noir,"Pensé pour y ranger tous vos documents essentiels, le portefeuille en cuir grainé marron s'impose par son design plié élégant et discret et ses deux compartiments pleine largeur prévue pour y ranger les billets de banque ainsi que ses six emplacements pour cartes. Le cuir souple grainé confère un toucher lisse qui offrira une patine élégante au fil des années.    Le portefeuille est fabriqué à la main à Ubrique, en Espagne."
p1694-v3222-s,fr_XX,MORJAS Le Portefeuille - Cuir Grainé Marron,"Pensé pour y ranger tous vos documents essentiels, le portefeuille en cuir grainé marron s'impose par son design plié élégant et discret et ses deux compartiments pleine largeur prévue pour y ranger les billets de banque ainsi que ses six emplacements pour cartes. Le cuir souple grainé confère un toucher lisse qui offrira une patine élégante au fil des années.    Le portefeuille est fabriqué à la main à Ubrique, en Espagne."
p3121-v4802-s,fr_XX,MORJAS La Silk Sock - Mi-Bas – Noir,Découvrez le confort doux et d’un look transparent avec la Silk Sock. C’est un incontournable des événements en cravate noire où smokings et robes de cocktail se se mêlent à profusion. Le look transparent de la Silk Sock crée un look discret mais élégant qui se s’accorde parfaitement avec la sensation d'un revers en soie et des rayures satinées le long du pantalon de smoking. La construction fine et l'utilisation de la soie de mûrier chinoise offrent un confort ultime lorsque vous glissez vos pieds dans une paire de Opera Pumps ou des Oxford en Cuir Verni.
p1471-v2988-s,fr_XX,MORJAS The Sock - Knee High - Mi-Bas – Noir Fil d'Écosse,"Tricotée en 100 % coton mercerisé, The Sock — Knee High offre une texture soyeuse avec une finition riche et éclatante. Une construction sans couture au niveau des orteils garantit un confort tout au long de la journée, tandis que le design côtelé apporte une touche élégante et sportive qui complète toute tenue."
p1472-v2989-s,fr_XX,MORJAS The Sock - Knee High - Mi-Bas – Bleu Marine Fil d'Écosse,"Tricotée en 100 % coton mercerisé, The Sock — Knee High offre une texture soyeuse avec une finition riche et éclatante. Une construction sans couture au niveau des orteils garantit un confort tout au long de la journée, tandis que le design côtelé apporte une touche élégante et sportive qui complète toute tenue."
p1473-v2990-s,fr_XX,MORJAS The Sock - Knee High - Mi-Bas – Marron Fil d'Écosse,"Tricotée en 100 % coton mercerisé, The Sock — Knee High offre une texture soyeuse avec une finition riche et éclatante. Une construction sans couture au niveau des orteils garantit un confort tout au long de la journée, tandis que le design côtelé apporte une touche élégante et sportive qui complète toute tenue."
p1474-v2991-s,fr_XX,MORJAS The Sock - Knee High - Mi-Bas – Gris Foncé Fil d'Écosse,"Tricotée en 100 % coton mercerisé, The Sock — Knee High offre une texture soyeuse avec une finition riche et éclatante. Une construction sans couture au niveau des orteils garantit un confort tout au long de la journée, tandis que le design côtelé apporte une touche élégante et sportive qui complète toute tenue."
p1475-v2992-s,fr_XX,MORJAS The Sock - Knee High - Mi-Bas – Gris Fil d'Écosse,"Tricotée en 100 % coton mercerisé, The Sock — Knee High offre une texture soyeuse avec une finition riche et éclatante. Une construction sans couture au niveau des orteils garantit un confort tout au long de la journée, tandis que le design côtelé apporte une touche élégante et sportive qui complète toute tenue."
p1621-v3138-s,fr_XX,MORJAS The Sock - Knee High - Mi-Bas – Sable Fil d'Écosse,"Tricotée en 100 % coton mercerisé, The Sock — Knee High offre une texture soyeuse avec une finition riche et éclatante. Une construction sans couture au niveau des orteils garantit un confort tout au long de la journée, tandis que le design côtelé apporte une touche élégante et sportive qui complète toute tenue."
p3694-v5449-s,fr_XX,MORJAS The Sock - Knee High - Mi-Bas – Bleu Clair Fil d'Écosse,"Tricotée en 100 % coton mercerisé, The Sock — Knee High offre une texture soyeuse avec une finition riche et éclatante. Une construction sans couture au niveau des orteils garantit un confort tout au long de la journée, tandis que le design côtelé apporte une touche élégante et sportive qui complète toute tenue."
p76-v1593-s,fr_XX,MORJAS La chaussette - Longueur Moyenne - Mi-Mollet – Bleu Marine Fil d'Écosse,"La chaussette Mid Calf est tricotée en coton mercerisé et polyamide, offrant une finition soyeuse et élégante qui reste confortable toute la journée. Sa construction sans couture à la pointe garantit un ajustement parfait, tandis que son design côtelé s’associe facilement aussi bien avec des sneakers qu’avec des Oxfords."
p1700-v3228-s,fr_XX,MORJAS La chaussette - Longueur Moyenne - Mi-Mollet – Gris Foncé Fil d'Écosse,"La chaussette Mid Calf est tricotée en coton mercerisé et polyamide, offrant une finition soyeuse et élégante qui reste confortable toute la journée. Sa construction sans couture à la pointe garantit un ajustement parfait, tandis que son design côtelé s’associe facilement aussi bien avec des sneakers qu’avec des Oxfords."
p1701-v3229-s,fr_XX,MORJAS La Chaussette - Mi-mollet - Gris Fil d'Ecosse - Mi-Mollet – Gris Fil d'Écosse,"La chaussette Mid Calf est tricotée en coton mercerisé et polyamide, offrant une finition soyeuse et élégante qui reste confortable toute la journée. Sa construction sans couture à la pointe garantit un ajustement parfait, tandis que son design côtelé s’associe facilement aussi bien avec des sneakers qu’avec des Oxfords."
p75-v1592-s,fr_XX,MORJAS La chaussette - Longueur Moyenne - Mi-Mollet – Noir Fil d'Écosse,"La chaussette Mid Calf est tricotée en coton mercerisé et polyamide, offrant une finition soyeuse et élégante qui reste confortable toute la journée. Sa construction sans couture à la pointe garantit un ajustement parfait, tandis que son design côtelé s’associe facilement aussi bien avec des sneakers qu’avec des Oxfords."
p1702-v3230-s,fr_XX,MORJAS La chaussette - Longueur Moyenne - Mi-Mollet – Marron Moyen Fil d'Écosse,"La chaussette Mid Calf est tricotée en coton mercerisé et polyamide, offrant une finition soyeuse et élégante qui reste confortable toute la journée. Sa construction sans couture à la pointe garantit un ajustement parfait, tandis que son design côtelé s’associe facilement aussi bien avec des sneakers qu’avec des Oxfords."
p1703-v3231-s,fr_XX,MORJAS La chaussette - Longueur Moyenne - Mi-Mollet – Sable Fil d'Écosse,"La chaussette Mid Calf est tricotée en coton mercerisé et polyamide, offrant une finition soyeuse et élégante qui reste confortable toute la journée. Sa construction sans couture à la pointe garantit un ajustement parfait, tandis que son design côtelé s’associe facilement aussi bien avec des sneakers qu’avec des Oxfords."
p3693-v5448-s,fr_XX,MORJAS The Sock - Mid Calf - Mi-Mollet – Blanc Cassé Fil d'Écosse,"La chaussette Mid Calf est tricotée en coton mercerisé et polyamide, offrant une finition soyeuse et élégante qui reste confortable toute la journée. Sa construction sans couture à la pointe garantit un ajustement parfait, tandis que son design côtelé s’associe facilement aussi bien avec des sneakers qu’avec des Oxfords."
p3115-v4796-s,fr_XX,MORJAS La chaussette en laine - Marine côtelée - Mi-Mollet – Bleu Marine Fil d'Écosse,"La chaussette en laine présente une longueur à mi-mollet. Elle est fabriquée en laine, cachemire et polyamide, pour une sensation de chaleur et de confort unique, tout en tenant bien sur la jambe tout au long de la journée. Le mélange de cachemire de notre chaussette en laine offre un toucher remarquablement doux tout en offrant une extrême résistance pour vous accompagner même lors des plus longues promenades hivernales."
p3116-v4797-s,fr_XX,MORJAS La chaussette en laine - Mi-Mollet – Marron Moyen Fil d'Écosse,"La chaussette en laine présente une longueur à mi-mollet. Elle est fabriquée en laine, cachemire et polyamide, pour une sensation de chaleur et de confort unique, tout en tenant bien sur la jambe tout au long de la journée. Le mélange de cachemire de notre chaussette en laine offre un toucher remarquablement doux tout en offrant une extrême résistance pour vous accompagner même lors des plus longues promenades hivernales."
p3117-v4798-s,fr_XX,MORJAS La chaussette en laine - Mi-Mollet – Écru Fil d'Écosse,"La chaussette en laine présente une longueur à mi-mollet. Elle est fabriquée en laine, cachemire et polyamide, pour une sensation de chaleur et de confort unique, tout en tenant bien sur la jambe tout au long de la journée. Le mélange de cachemire de notre chaussette en laine offre un toucher remarquablement doux tout en offrant une extrême résistance pour vous accompagner même lors des plus longues promenades hivernales."
p3668-v5423-s,fr_XX,MORJAS The Ballet Flat - Rubber Sole - Nappa Noir,Conçu avec un petit talon et des lignes douces qui épousent le pied avec élégance. Fabriqué à la main en Espagne en cuir nappa souple.
p3667-v5422-s,fr_XX,MORJAS The Ballet Flat - Rubber Sole - Nappa Marron,Conçu avec un petit talon et des lignes douces qui épousent le pied avec élégance. Fabriqué à la main en Espagne en cuir nappa souple.
p7716-v9471-s,fr_XX,MORJAS The Ballet Flat - Rubber Sole - Daim Noir,Conçu avec un petit talon et des lignes douces qui épousent le pied avec élégance. Fabriquée à la main en Espagne dans un daim nappa.
p7796-v9578-s,fr_XX,MORJAS The Ballet Flat - Rubber Sole - Nappa Rubis,Conçu avec un petit talon et des lignes douces qui épousent le pied avec élégance. Fabriqué à la main en Espagne en cuir nappa souple.
p3665-v5420-s,fr_XX,MORJAS The Ballet Flat - Leather Sole - Daim Grège,Conçu avec un petit talon et des lignes douces qui épousent le pied avec élégance. Fabriqué à la main en Espagne dans un daim nappa.
p3666-v5421-s,fr_XX,MORJAS The Ballet Flat - Leather Sole - Nappa Ivoire,Conçu avec un petit talon et des lignes douces qui épousent le pied avec élégance. Fabriqué à la main en Espagne en cuir nappa souple.
p7822-v9606-s,fr_XX,MORJAS The Ballet Flat - Leather Sole - Nappa Noir,Conçu avec un petit talon et des lignes douces qui épousent le pied avec élégance. Fabriquée à la main en Espagne dans un cuir nappa souple.
p7823-v9607-s,fr_XX,MORJAS The Ballet Flat - Leather Sole - Daim Noir,Conçu avec un petit talon et des lignes douces qui épousent le pied avec élégance. Fabriquée à la main en Espagne dans un daim nappa.
p7800-v9582-s,fr_XX,MORJAS The Soft Moc - Cuir Grainé Marron,"Non doublé pour un confort souple et léger. Conçue en cuir grainé marron avec avant-pied cousu main selon une construction mocassin. Fabriquée à la main en Italie, sur une semelle en caoutchouc."
p7799-v9581-s,fr_XX,MORJAS The Soft Moc - Cuir Grainé Noir,"Non doublé pour un confort souple et léger. Conçue en cuir grainé noir avec avant-pied cousu main selon une construction mocassin. Fabriquée à la main en Italie, sur une semelle en caoutchouc."
p7801-v9583-s,fr_XX,MORJAS The Soft Moc - Daim Marron,"Non doublé pour un confort souple et léger. Conçue en daim de veau brun avec avant-pied cousu main selon une construction mocassin. Fabriquée à la main en Italie, sur une semelle en caoutchouc."
p3672-v5427-s,fr_XX,MORJAS The Penny Loafer - Cuir Lisse Noir,"Conçu avec une silhouette épurée et un talon légèrement surélevé. Confectionné à la main en Espagne avec une construction Blake Stitch, garantissant confort, durabilité et allure raffinée."
p7718-v9473-s,fr_XX,MORJAS The Penny Loafer - Daim Marron,"Conçu avec une silhouette épurée et un talon légèrement surélevé. Confectionné à la main en Espagne avec une construction Blake Stitch, garantissant confort, durabilité et allure raffinée."
p3673-v5428-s,fr_XX,MORJAS The Penny Loafer - Cuir Lisse Bordeaux,"Conçu avec une silhouette épurée et un talon légèrement surélevé. Confectionné à la main en Espagne avec une construction Blake Stitch, garantissant confort, durabilité et allure raffinée."
p3674-v5429-s,fr_XX,MORJAS The Penny Loafer - Cuir Lisse Ivoire,"Conçu avec une silhouette épurée et un talon légèrement surélevé. Confectionné à la main en Espagne avec une construction Blake Stitch, garantissant confort, durabilité et allure raffinée."
p7717-v9472-s,fr_XX,MORJAS The Penny Loafer - Daim Noir,"Conçu avec une silhouette épurée et un talon légèrement surélevé. Confectionné à la main en Espagne avec une construction Blake Stitch, garantissant confort, durabilité et allure raffinée."
p3702-v5457-s,fr_XX,MORJAS The Paloma Sandal - Nappa Fauve,Conçu avec un petit talon et des brides fines qui soulignent la silhouette avec élégance. La semelle intérieure souple et rembourrée offre un confort subtil. Fabriqué en Espagne en cuir nappa souple.
p3703-v5458-s,fr_XX,MORJAS The Paloma Sandal - Nappa Noir,Conçu avec un petit talon et des brides fines qui soulignent la silhouette avec élégance. La semelle intérieure souple et rembourrée offre un confort subtil. Fabriqué en Espagne en cuir nappa souple.
p3704-v5459-s,fr_XX,MORJAS The Paloma Sandal - Nappa Marron,Conçu avec un petit talon et des brides fines qui soulignent la silhouette avec élégance. La semelle intérieure souple et rembourrée offre un confort subtil. Fabriqué en Espagne en cuir nappa souple.
p7788-v9570-s,fr_XX,MORJAS The Paloma Sandal - Cuir Grainé Taupe,Conçue avec un talon discret et des brides fines qui épousent le pied pour une silhouette sobre. Le pied repose sur une semelle intérieure coussinée. Fabriquée à la main en Espagne en cuir grainé.
p7723-v9478-s,fr_XX,MORJAS The Ankle Boot - Nappa Marron,Conçu en nappa souple. La tige qui enveloppe la cheville et le talon bloc de 75 mm soulignent une silhouette moderne et élégante.
p7722-v9477-s,fr_XX,MORJAS The Ankle Boot - Nappa Noir,Conçu en nappa souple. La tige qui enveloppe la cheville et le talon bloc de 75 mm soulignent une silhouette moderne et élégante.
p7724-v9479-s,fr_XX,MORJAS The Ankle Boot - Daim Noir,Conçu avec une tige élégante qui enveloppe la cheville et monté sur un talon bloc de 75 mm pour une silhouette moderne et raffinée. Fabriqué à la main en Espagne en daim de chèvre souple.
p7725-v9480-s,fr_XX,MORJAS The Ankle Boot - Daim Marron,Conçu avec une tige élégante qui enveloppe la cheville et monté sur un talon bloc de 75 mm pour une silhouette moderne et raffinée. Fabriqué à la main en Espagne en daim de chèvre souple.
p3698-v5453-s,fr_XX,MORJAS The Espadrille - Daim Beige,"Conçu avec une silhouette discrète et une semelle en jute légèrement surélevée pour une allure estivale sans effort. Fabriqué à la main en Espagne selon un savoir-faire traditionnel, offrant à chaque paire un charme unique et naturel."
p3697-v5452-s,fr_XX,MORJAS The Espadrille - Daim Taupe,"Conçu avec une silhouette discrète et une semelle en jute légèrement surélevée pour une allure estivale sans effort. Fabriqué à la main en Espagne selon un savoir-faire traditionnel, offrant à chaque paire un charme unique et naturel."
p3699-v5454-s,fr_XX,MORJAS The Espadrille - Daim Noir,"Conçu avec une silhouette discrète et une semelle en jute légèrement surélevée pour une allure estivale sans effort. Fabriqué à la main en Espagne selon un savoir-faire traditionnel, offrant à chaque paire un charme unique et naturel."
p7790-v9572-s,fr_XX,MORJAS The Boat Shoe - Daim Marron,"Non doublé pour un confort souple et léger. Conçue en daim de veau brun selon une construction mocassin. Fabriquée à la main en Italie, sur une semelle en caoutchouc."
p7789-v9571-s,fr_XX,MORJAS The Boat Shoe - Cuir Grainé Noir,"Non doublé pour un confort souple et léger. Conçue en cuir grainé noir selon une construction mocassin. Fabriquée à la main en Italie, sur une semelle en caoutchouc."
p3701-v5456-s,fr_XX,MORJAS The Boat Shoe - Daim Sable,"Non doublé pour un confort souple et léger. Conçue en daim de veau selon une construction mocassin. Fabriquée à la main en Italie, sur une semelle en caoutchouc."
p3700-v5455-s,fr_XX,MORJAS The Boat Shoe - Cuir Grainé Blanc,"Non doublé pour un confort souple et léger. Conçue en cuir grainé blanc selon une construction mocassin. Fabriquée à la main en Italie, sur une semelle en caoutchouc."
p7820-v9602-s,fr_XX,MORJAS The Flat Slingback - Cuir Noir Embossé,"Dotée d'un bout légèrement carré et d'un talon bas, maintenue par une bride slingback ajustable et une boucle argentée. La semelle intérieure rembourrée et la douce doublure en nappa assurent un confort du matin au soir. Fabriquée à la main en Espagne en cuir de veau embossé croco."
p7791-v9573-s,fr_XX,MORJAS The Slingback - Nappa Ivoire,"Un slingback à bout pointu, pensé pour être porté toute la journée. Le talon fin de 6,5 cm offre une hauteur élégante et confortable, tandis que l’arrière ouvert et la bride délicate soulignent sa silhouette chic. Fabriqué à la main en cuir nappa souple."
p3671-v5426-s,fr_XX,MORJAS The Slingback - Nappa Noir,"Un slingback à bout pointu, pensé pour être porté toute la journée. Le talon fin de 6,5 cm offre une hauteur élégante et confortable, tandis que l’arrière ouvert et la bride délicate soulignent sa silhouette chic. Fabriqué à la main en cuir nappa souple."
p3669-v5424-s,fr_XX,MORJAS The Slingback - Daim Taupe,"Un slingback à bout pointu, pensé pour être porté toute la journée. Le talon fin de 6,5 cm offre une hauteur élégante et confortable, tandis que l’arrière ouvert et la bride délicate soulignent sa silhouette chic. Confectionné à la main en daim nappa."
p7749-v9507-s,fr_XX,MORJAS The City Boot - Cuir Lisse Noir,"Une botte à enfiler avec une tige à hauteur de cheville, dotée de tirettes latérales. Fabriquée à la main en Espagne, en cuir de veau lisse avec une doublure entièrement en cuir et une semelle intérieure rembourrée pour un confort optimal."
p7750-v9508-s,fr_XX,MORJAS The City Boot - Cuir Lisse Marron,"Une botte à enfiler avec une tige à hauteur de cheville, dotée de tirettes latérales. Fabriquée à la main en Espagne, en cuir de veau lisse avec une doublure entièrement en cuir et une semelle intérieure rembourrée pour un confort optimal."
p7793-v9575-s,fr_XX,MORJAS The d'Orsay Pump - Nappa Marron,"Un escarpin d’Orsay en nappa d’agneau brun avec avant-pied plissé cousu main, fabriqué à la main en Espagne. Bride de cheville ajustable avec boucle argentée sur talon de 75 mm. Doublé en nappa d’agneau, semelle en cuir et semelle intérieure rembourrée pour le confort."
p7792-v9574-s,fr_XX,MORJAS The d'Orsay Pump - Nappa Noir,"Un escarpin d’Orsay en nappa d’agneau noir avec avant-pied plissé cousu main, fabriqué à la main en Espagne. Bride de cheville ajustable avec boucle argentée sur talon de 75 mm. Doublé en nappa d’agneau, semelle en cuir et semelle intérieure rembourrée pour le confort."
p7748-v9506-s,fr_XX,MORJAS The Riding Boot - Cuir Lisse Noir,"Une silhouette élancée inspirée de la tradition équestre. Conçue avec une tige s’arrêtant juste en dessous du genou et montée sur une semelle en cuir dotée d’un insert en caoutchouc discret pour une meilleure adhérence. Fabriquée à la main en Espagne, en cuir de veau souple et doublée de cuir nappa d’agneau pour un ajustement doux et précis."
p7818-v9600-s,fr_XX,MORJAS The Sandalette - Nappa Marron,"Dotée de fines brides croisées et d'un talon sculpté de 65 mm qui dessine le pied. Une bride de cheville ajustable et une boucle argentée polie complètent la silhouette, tandis que la semelle intérieure rembourrée apporte un confort supplémentaire. Fabriquée à la main en Espagne en nappa d'agneau souple."
p7819-v9601-s,fr_XX,MORJAS The Sandalette - Nappa Noir,"Dotée de fines brides croisées et d'un talon sculpté de 65 mm qui dessine le pied. Une bride de cheville ajustable et une boucle argentée polie complètent la silhouette, tandis que la semelle intérieure rembourrée apporte un confort supplémentaire. Fabriquée à la main en Espagne en nappa d'agneau souple."
p7817-v9599-s,fr_XX,MORJAS The Sandalette - Nappa Ivoire,"Dotée de fines brides croisées et d'un talon sculpté de 65 mm qui dessine le pied. Une bride de cheville ajustable et une boucle argentée polie complètent la silhouette, tandis que la semelle intérieure rembourrée apporte un confort supplémentaire. Fabriquée à la main en Espagne en nappa d'agneau souple."
p7816-v9598-s,fr_XX,MORJAS The Verona Sandal - Nappa Noir,Dotée d'une large bande en cuir et d'une bride d'orteil qui dessinent le pied pour une silhouette épurée. La semelle intérieure souple et rembourrée apporte un confort discret. Finie par une bordure cousue main et fabriquée à la main en Espagne.
p7815-v9597-s,fr_XX,MORJAS The Verona Sandal - Daim Marron,Dotée d'une large bande en cuir et d'une bride d'orteil qui dessinent le pied pour une silhouette épurée. La semelle intérieure souple et rembourrée apporte un confort discret. Finie par une bordure cousue main et fabriquée à la main en Espagne.
p7721-v9476-s,fr_XX,MORJAS The Pump - Nappa Noir,Réalisé en nappa d’agneau souple. Son bout pointu et son talon aiguille de 75 mm soulignent une ligne élégante et raffinée.
p7719-v9474-s,fr_XX,MORJAS The Pump - Daim Marron,Conçu en daim de chèvre souple avec doublure en nappa d’agneau. Son bout pointu et son talon aiguille de 75 mm soulignent une ligne élégante et féminine.
p7720-v9475-s,fr_XX,MORJAS The Pump - Nappa Caramel,Réalisé en nappa d’agneau souple. Son bout pointu et son talon aiguille de 75 mm soulignent une ligne élégante et raffinée.
p7794-v9576-s,fr_XX,MORJAS The Stiletto Boot - Nappa Noir,"Une bottine pointue en cuir nappa avec couture cousue main le long de la tige. Fabriquée à la main en Espagne, sur un talon de 70 mm avec semelle en caoutchouc et semelle intérieure rembourrée pour le confort."
p7795-v9577-s,fr_XX,MORJAS The Stiletto Boot - Daim Truffe,"Une bottine pointue en daim avec couture cousue main le long de la tige. Fabriquée à la main en Espagne, sur un talon de 70 mm avec semelle en caoutchouc et semelle intérieure rembourrée pour le confort."
p7752-v9510-s,fr_XX,MORJAS The Sock - Noir,"Chaussettes à maille fine et longueur moyenne, à la finition lisse. Déclinées en marron, noir ou blanc, elles apportent une touche subtile et ludique à la tenue. Fabriquées au Portugal en coton mercerisé mélangé, avec une confection sans couture pour un confort durable."
p7751-v9509-s,fr_XX,MORJAS The Sock - Marron,"Chaussettes à maille fine et longueur moyenne, à la finition lisse. Déclinées en marron, noir ou blanc, elles apportent une touche subtile et ludique à la tenue. Fabriquées au Portugal en coton mercerisé mélangé, avec une confection sans couture pour un confort durable."
p3954-v5709-s,fr_XX,MORJAS The Sock - Blanc Cassé,"Chaussettes à maille fine et longueur moyenne, à la finition lisse. Déclinées en marron, noir ou blanc, elles apportent une touche subtile et ludique à la tenue. Fabriquées au Portugal en coton mercerisé mélangé, avec une confection sans couture pour un confort durable."
p7740-v9495-s,fr_XX,MORJAS The Belt 20mm - Nappa Noir,"Une ceinture fine et discrète, pensée pour souligner la silhouette avec subtilité. Fabriquée à la main en Espagne en cuir nappa, avec une boucle en laiton massif à finition argentée."
p7798-v9580-s,fr_XX,MORJAS The Belt 20mm - Cuir Grainé Fauve,"Une ceinture fine et discrète, pensée pour souligner la silhouette avec subtilité. Fabriquée à la main en Espagne en cuir nappa, avec une boucle en laiton massif à finition argentée."
p7797-v9579-s,fr_XX,MORJAS The Belt 20mm - Nappa Ivoire,"Une ceinture fine et discrète, conçue pour une définition subtile. Fabriquée à la main en Espagne en cuir grainé, avec une boucle en laiton massif finition argentée."
p7742-v9497-s,fr_XX,MORJAS The Belt 40mm - Nappa Noir,"Une ceinture polyvalente, qui se porte aussi bien avec un pantalon que ceinturée sur des superpositions. Fabriquée à la main en Espagne en cuir nappa légèrement grainé, avec une boucle en laiton massif à finition argentée."
p7741-v9496-s,fr_XX,MORJAS The Belt 40mm - Nappa Marron,"Une ceinture polyvalente, qui se porte aussi bien avec un pantalon que ceinturée sur des superpositions. Fabriquée à la main en Espagne en cuir nappa légèrement grainé, avec une boucle en laiton massif à finition argentée."
p7743-v9498-s,fr_XX,MORJAS The Belt 50mm - Daim Noir,"Une ceinture affirmée, conçue pour mettre en valeur manteaux, pantalons ou robes. Fabriquée à la main en Espagne en daim, avec une boucle en laiton massif."
p7744-v9499-s,fr_XX,MORJAS The Belt 50mm - Daim Marron,"Une ceinture affirmée, conçue pour mettre en valeur manteaux, pantalons ou robes. Fabriquée à la main en Espagne en daim, avec une boucle en laiton massif."
p7821-v9605-s,fr_XX,MORJAS The Ballet Flat - Leather Sole - Nappa Marron,Conçu avec un petit talon et des lignes douces qui épousent le pied avec élégance. Fabriquée à la main en Espagne dans un cuir nappa souple.
p3670-v5425-s,fr_XX,MORJAS The Slingback - Daim Bleu Cendré,"Un slingback à bout pointu, pensé pour être porté toute la journée. Le talon fin de 6,5 cm offre une hauteur élégante et confortable, tandis que l’arrière ouvert et la bride délicate soulignent sa silhouette chic. Fabriqué à la main en daim nappa."
p7753-v9511-s,fr_XX,MORJAS The Chalet Boot - Pony Hair Marron,"Conçu avec une couture moc‑toe et une semelle en caoutchouc robuste pour une démarche assurée. Fabriqué à la main en Espagne, en cuir de veau à poils et doublé de laine de mouton véritable pour une chaleur et un confort naturels."
p3953-v9504-s,fr_XX,MORJAS The Chalet Boot - Cuir Lisse Marron,"Conçu avec une couture moc‑toe et une semelle en caoutchouc robuste pour une démarche assurée. Fabriqué à la main en Espagne, en cuir de veau lisse et doublé de laine de mouton véritable pour une chaleur et un confort naturels."
p3952-v9503-s,fr_XX,MORJAS The Chalet Boot - Cuir Lisse Noir,"Conçu avec une couture moc‑toe et une semelle en caoutchouc robuste pour une démarche assurée. Fabriqué à la main en Espagne, en cuir de veau lisse et doublé de laine de mouton véritable pour une chaleur et un confort naturels."
