id,override,title,description
p7825-v9609-s,de_DE,MORJAS The Ivy Loafer - Rubber Sole - Schwarzes Wildleder,"Der Ivy Loafer ist vom klassischen Ivy-Stil inspiriert. Seine etwas kantigere Form und der entspannte Schnitt unterscheiden ihn von unserem Penny Loafer und verleihen ihm eine sportliche, zeitlose Silhouette. Ein kürzerer Schaft und die durchgehende Rahmennaht betonen den College-Charakter."
p764-v2281-s,de_DE,MORJAS The Penny Loafer Unlined - Braunes Wildleder – Ungefüttert,"Unser ungefütterter Penny Loafer vereint lässigen Komfort mit einem weichen, atmungsaktiven Wildleder und bewusst schlichtem Innenaufbau. Die entspannte Form behält die elegante Linie unseres Originaldesigns, wirkt jedoch etwas lockerer und dadurch einzigartig. Jedes Paar wird in Almansa handgefertigt und mit einem Goodyear-Rahmen versehen, der Komfort und Langlebigkeit über Jahre garantiert."
p1627-v3144-s,de_DE,MORJAS The Penny Loafer Unlined - Mittelbraunes Wildleder – Ungefüttert,"Unser ungefütterter Penny Loafer vereint lässigen Komfort mit einem weichen, atmungsaktiven Wildleder und bewusst schlichtem Innenaufbau. Die entspannte Form behält die elegante Linie unseres Originaldesigns, wirkt jedoch etwas lockerer und dadurch einzigartig. Jedes Paar wird in Almansa handgefertigt und mit einem Goodyear-Rahmen versehen, der Komfort und Langlebigkeit über Jahre garantiert."
p3118-v4799-s,de_DE,MORJAS Der Penny Loafer Unlined - Sandfarbenes Wildleder – Ungefüttert,"Unser ungefütterter Penny Loafer vereint lässigen Komfort mit einem weichen, atmungsaktiven Wildleder und bewusst schlichtem Innenaufbau. Die entspannte Form behält die elegante Linie unseres Originaldesigns, wirkt jedoch etwas lockerer und dadurch einzigartig. Jedes Paar wird in Almansa handgefertigt und mit einem Goodyear-Rahmen versehen, der Komfort und Langlebigkeit über Jahre garantiert."
p5-v1519-s,de_DE,MORJAS The Penny Loafer - Schwarzes Kalbsleder,"Unser Flaggschiffmodell, 2017 eingeführt und seither kontinuierlich verfeinert, steht auf einer schmalen Sohle für ein elegantes, niedriges Profil. Seine vielseitige Silhouette bewegt sich mühelos zwischen Casual und Formal. Jedes Paar wird in Almansa von Hand gefertigt und mit Goodyear-Rahmennaht verarbeitet – für dauerhaften Komfort und Beständigkeit."
p38-v1522-s,de_DE,MORJAS The Penny Loafer - Braunes Wildleder,"Unser Flaggschiffmodell, 2017 eingeführt und seither kontinuierlich verfeinert, steht auf einer schmalen Sohle für ein elegantes, niedriges Profil. Seine vielseitige Silhouette bewegt sich mühelos zwischen Casual und Formal. Jedes Paar wird in Almansa von Hand gefertigt und mit Goodyear-Rahmennaht verarbeitet – für dauerhaften Komfort und Beständigkeit."
p7-v1521-s,de_DE,MORJAS The Penny Loafer - Braunes Kalbsleder,"Unser Flaggschiffmodell, 2017 eingeführt und seither kontinuierlich verfeinert, steht auf einer schmalen Sohle für ein elegantes, niedriges Profil. Seine vielseitige Silhouette bewegt sich mühelos zwischen Casual und Formal. Jedes Paar wird in Almansa von Hand gefertigt und mit Goodyear-Rahmennaht verarbeitet – für dauerhaften Komfort und Beständigkeit."
p2446-v4058-s,de_DE,MORJAS Der Penny Loafer - Schwarzes Grain-Leder,"Unser Flaggschiffmodell, 2017 eingeführt und seither kontinuierlich verfeinert, steht auf einer schmalen Sohle für ein elegantes, niedriges Profil. Seine vielseitige Silhouette bewegt sich mühelos zwischen Casual und Formal. Jedes Paar wird in Almansa von Hand gefertigt und mit Goodyear-Rahmennaht verarbeitet – für dauerhaften Komfort und Beständigkeit."
p6-v1520-s,de_DE,MORJAS The Penny Loafer - Burgundy Kalbsleder,"Unser Flaggschiffmodell, 2017 eingeführt und seither kontinuierlich verfeinert, steht auf einer schmalen Sohle für ein elegantes, niedriges Profil. Seine vielseitige Silhouette bewegt sich mühelos zwischen Casual und Formal. Jedes Paar wird in Almansa von Hand gefertigt und mit Goodyear-Rahmennaht verarbeitet – für dauerhaften Komfort und Beständigkeit."
p39-v1523-s,de_DE,MORJAS The Penny Loafer - Mittelbraunes Wildleder,"Unser Flaggschiffmodell, 2017 eingeführt und seither kontinuierlich verfeinert, steht auf einer schmalen Sohle für ein elegantes, niedriges Profil. Seine vielseitige Silhouette bewegt sich mühelos zwischen Casual und Formal. Jedes Paar wird in Almansa von Hand gefertigt und mit Goodyear-Rahmennaht verarbeitet – für dauerhaften Komfort und Beständigkeit."
p2447-v4059-s,de_DE,MORJAS Der Penny Loafer - Braunes Grain-Leder,"Unser Flaggschiffmodell, 2017 eingeführt und seither kontinuierlich verfeinert, steht auf einer schmalen Sohle für ein elegantes, niedriges Profil. Seine vielseitige Silhouette bewegt sich mühelos zwischen Casual und Formal. Jedes Paar wird in Almansa von Hand gefertigt und mit Goodyear-Rahmennaht verarbeitet – für dauerhaften Komfort und Beständigkeit."
p3120-v4801-s,de_DE,MORJAS Der Penny Loafer - Schwarzes Wildleder,"Unser Flaggschiffmodell, 2017 eingeführt und seither kontinuierlich verfeinert, steht auf einer schmalen Sohle für ein elegantes, niedriges Profil. Seine vielseitige Silhouette bewegt sich mühelos zwischen Casual und Formal. Jedes Paar wird in Almansa von Hand gefertigt und mit Goodyear-Rahmennaht verarbeitet – für dauerhaften Komfort und Beständigkeit."
p1637-v3154-s,de_DE,MORJAS Der Penny Loafer - Schwarzes Grain-Leder & Schwarzes Wildleder,"Unser Flaggschiffmodell, 2017 eingeführt und seither kontinuierlich verfeinert, steht auf einer schmalen Sohle für ein elegantes, niedriges Profil. Seine vielseitige Silhouette bewegt sich mühelos zwischen Casual und Formal. Jedes Paar wird in Almansa von Hand gefertigt und mit Goodyear-Rahmennaht verarbeitet – für dauerhaften Komfort und Beständigkeit."
p3152-v4834-s,de_DE,MORJAS The Penny Loafer - Schwarzes Grain-Leder & Dunkelblaues Wildleder,"Unser Flaggschiffmodell, 2017 eingeführt und seither kontinuierlich verfeinert, steht auf einer schmalen Sohle für ein elegantes, niedriges Profil. Seine vielseitige Silhouette bewegt sich mühelos zwischen Casual und Formal. Jedes Paar wird in Almansa von Hand gefertigt und mit Goodyear-Rahmennaht verarbeitet – für dauerhaften Komfort und Beständigkeit."
p786-v2303-s,de_DE,MORJAS The Penny Loafer Rubber Sole - Schwarzes Kalbsleder,"Unser Flaggschiffmodell, 2017 eingeführt und seither kontinuierlich verfeinert, steht auf einer schmalen Sohle für ein elegantes, niedriges Profil. Seine vielseitige Silhouette bewegt sich mühelos zwischen Casual und Formal. Jedes Paar wird in Almansa von Hand gefertigt und mit Goodyear-Rahmennaht verarbeitet – für dauerhaften Komfort und Beständigkeit."
p785-v2302-s,de_DE,MORJAS The Penny Loafer Rubber Sole - Braunes Wildleder,"Unser Flaggschiffmodell, 2017 eingeführt und seither kontinuierlich verfeinert, steht auf einer schmalen Sohle für ein elegantes, niedriges Profil. Seine vielseitige Silhouette bewegt sich mühelos zwischen Casual und Formal. Jedes Paar wird in Almansa von Hand gefertigt und mit Goodyear-Rahmennaht verarbeitet – für dauerhaften Komfort und Beständigkeit."
p2-v1524-s,de_DE,MORJAS The Penny Loafer Rubber Sole - Schwarzes Grain-Leder,"Unser Flaggschiffmodell, 2017 eingeführt und seither kontinuierlich verfeinert, steht auf einer schmalen Sohle für ein elegantes, niedriges Profil. Seine vielseitige Silhouette bewegt sich mühelos zwischen Casual und Formal. Jedes Paar wird in Almansa von Hand gefertigt und mit Goodyear-Rahmennaht verarbeitet – für dauerhaften Komfort und Beständigkeit."
p1629-v3146-s,de_DE,MORJAS The Penny Loafer Rubber Sole - Braunes Kalbsleder,"Unser Flaggschiffmodell, 2017 eingeführt und seither kontinuierlich verfeinert, steht auf einer schmalen Sohle für ein elegantes, niedriges Profil. Seine vielseitige Silhouette bewegt sich mühelos zwischen Casual und Formal. Jedes Paar wird in Almansa von Hand gefertigt und mit Goodyear-Rahmennaht verarbeitet – für dauerhaften Komfort und Beständigkeit."
p1630-v3147-s,de_DE,MORJAS The Penny Loafer Rubber Sole - Mittelbraunes Wildleder,"Unser Flaggschiffmodell, 2017 eingeführt und seither kontinuierlich verfeinert, steht auf einer schmalen Sohle für ein elegantes, niedriges Profil. Seine vielseitige Silhouette bewegt sich mühelos zwischen Casual und Formal. Jedes Paar wird in Almansa von Hand gefertigt und mit Goodyear-Rahmennaht verarbeitet – für dauerhaften Komfort und Beständigkeit."
p4-v1526-s,de_DE,MORJAS The Penny Loafer Rubber Sole - Braunes Grain-Leder,"Unser Flaggschiffmodell, 2017 eingeführt und seither kontinuierlich verfeinert, steht auf einer schmalen Sohle für ein elegantes, niedriges Profil. Seine vielseitige Silhouette bewegt sich mühelos zwischen Casual und Formal. Jedes Paar wird in Almansa von Hand gefertigt und mit Goodyear-Rahmennaht verarbeitet – für dauerhaften Komfort und Beständigkeit."
p1628-v3145-s,de_DE,MORJAS The Penny Loafer Rubber Sole - Burgundy Kalbsleder,"Unser Flaggschiffmodell, 2017 eingeführt und seither kontinuierlich verfeinert, steht auf einer schmalen Sohle für ein elegantes, niedriges Profil. Seine vielseitige Silhouette bewegt sich mühelos zwischen Casual und Formal. Jedes Paar wird in Almansa von Hand gefertigt und mit Goodyear-Rahmennaht verarbeitet – für dauerhaften Komfort und Beständigkeit."
p3122-v4803-s,de_DE,MORJAS Der Ivy Loafer - Schwarzes Kalbsleder,"Der Ivy Loafer ist vom klassischen Ivy-Stil inspiriert. Seine etwas kantigere Form und der entspannte Schnitt unterscheiden ihn von unserem Penny Loafer und verleihen ihm eine sportliche, zeitlose Silhouette. Ein kürzerer Schaft und die durchgehende Rahmennaht betonen den College-Charakter."
p3124-v4805-s,de_DE,MORJAS Der Ivy Loafer - Braunes Wildleder,"Der Ivy Loafer ist vom klassischen Ivy-Stil inspiriert. Seine etwas kantigere Form und der entspannte Schnitt unterscheiden ihn von unserem Penny Loafer und verleihen ihm eine sportliche, zeitlose Silhouette. Ein kürzerer Schaft und die durchgehende Rahmennaht betonen den College-Charakter."
p7336-v9091-s,de_DE,MORJAS The Ivy Loafer - Schwarzes Grain-Leder,"Der Ivy Loafer ist ein Penny Loafer, der vom old-school Ivy-Stil inspiriert ist. Er ist mit einem etwas kantigeren und entspannteren Look, als unser Hauptmodell des Penny Loafers konstruiert, was zu einer zeitlosen und sportlichen Silhouette führt. Das kürzere Oberleder und 360-Grad-Rahmennaht verstärken weiter die Designelemente, die von der College-Ästhetik inspiriert sind."
p3123-v4804-s,de_DE,MORJAS Der Ivy Loafer - Burgundy Kalbsleder,"Der Ivy Loafer ist vom klassischen Ivy-Stil inspiriert. Seine etwas kantigere Form und der entspannte Schnitt unterscheiden ihn von unserem Penny Loafer und verleihen ihm eine sportliche, zeitlose Silhouette. Ein kürzerer Schaft und die durchgehende Rahmennaht betonen den College-Charakter."
p7803-v9585-s,de_DE,MORJAS The Ivy Loafer - Braunes Grain-Leder,"Der Ivy Loafer ist ein Penny Loafer, der vom old-school Ivy-Stil inspiriert ist. Er ist mit einem etwas kantigeren und entspannteren Look, als unser Hauptmodell des Penny Loafers konstruiert, was zu einer zeitlosen und sportlichen Silhouette führt. Das kürzere Oberleder und 360-Grad-Rahmennaht verstärken weiter die Designelemente, die von der College-Ästhetik inspiriert sind."
p7335-v9090-s,de_DE,MORJAS The Ivy Loafer - Schwarzes Wildleder,"Der Ivy Loafer ist ein Penny Loafer, der vom old-school Ivy-Stil inspiriert ist. Er ist mit einem etwas kantigeren und entspannteren Look, als unser Hauptmodell des Penny Loafers konstruiert, was zu einer zeitlosen und sportlichen Silhouette führt. Das kürzere Oberleder und 360-Grad-Rahmennaht verstärken weiter die Designelemente, die von der College-Ästhetik inspiriert sind."
p3420-v5102-s,de_DE,MORJAS The Ivy Loafer Rubber Sole - Schwarzes Kalbsleder,"Der Ivy Loafer ist vom klassischen Ivy-Stil inspiriert. Seine etwas kantigere Form und der entspannte Schnitt unterscheiden ihn von unserem Penny Loafer und verleihen ihm eine sportliche, zeitlose Silhouette. Ein kürzerer Schaft und die durchgehende Rahmennaht betonen den College-Charakter."
p3422-v5104-s,de_DE,MORJAS The Ivy Loafer Rubber Sole - Braunes Wildleder,"Der Ivy Loafer ist vom klassischen Ivy-Stil inspiriert. Seine etwas kantigere Form und der entspannte Schnitt unterscheiden ihn von unserem Penny Loafer und verleihen ihm eine sportliche, zeitlose Silhouette. Ein kürzerer Schaft und die durchgehende Rahmennaht betonen den College-Charakter."
p7805-v9587-s,de_DE,MORJAS The Ivy Loafer - Rubber Sole - Schwarzes Grain-Leder,"Der Ivy Loafer ist ein Penny Loafer, der vom old-school Ivy-Stil inspiriert ist. Er ist mit einem etwas kantigeren und entspannteren Look, als unser Hauptmodell des Penny Loafers konstruiert, was zu einer zeitlosen und sportlichen Silhouette führt. Das kürzere Oberleder und 360-Grad-Rahmennaht verstärken weiter die Designelemente, die von der College-Ästhetik inspiriert sind."
p3421-v5103-s,de_DE,MORJAS The Ivy Loafer Rubber Sole - Burgundy Kalbsleder,"Der Ivy Loafer ist vom klassischen Ivy-Stil inspiriert. Seine etwas kantigere Form und der entspannte Schnitt unterscheiden ihn von unserem Penny Loafer und verleihen ihm eine sportliche, zeitlose Silhouette. Ein kürzerer Schaft und die durchgehende Rahmennaht betonen den College-Charakter."
p7777-v9559-s,de_DE,MORJAS The Ivy Loafer - Rubber Sole - Braunes Grain-Leder,"Der Ivy Loafer ist ein Penny Loafer, der vom old-school Ivy-Stil inspiriert ist. Er ist mit einem etwas kantigeren und entspannteren Look, als unser Hauptmodell des Penny Loafers konstruiert, was zu einer zeitlosen und sportlichen Silhouette führt. Das kürzere Oberleder und 360-Grad-Rahmennaht verstärken weiter die Designelemente, die von der College-Ästhetik inspiriert sind."
p35-v1527-s,de_DE,MORJAS The Tassel Loafer - Schwarzes Kalbsleder,"Der Tassel Loafer wird in Spanien von Hand gefertigt, mit Goodyear-Rahmen, abgerundeter Passform im Vorfußbereich und leicht geformter Taille und Ferse. Die schlanke Silhouette wird durch die beiden Quasten abgerundet, die Bewegung und charakteristische Note verleihen."
p9-v1530-s,de_DE,MORJAS The Tassel Loafer - Braunes Wildleder,"Der Tassel Loafer wird in Spanien von Hand gefertigt, mit Goodyear-Rahmen, abgerundeter Passform im Vorfußbereich und leicht geformter Taille und Ferse. Die schlanke Silhouette wird durch die beiden Quasten abgerundet, die Bewegung und charakteristische Note verleihen."
p37-v1529-s,de_DE,MORJAS The Tassel Loafer - Braunes Kalbsleder,"Der Tassel Loafer wird in Spanien von Hand gefertigt, mit Goodyear-Rahmen, abgerundeter Passform im Vorfußbereich und leicht geformter Taille und Ferse. Die schlanke Silhouette wird durch die beiden Quasten abgerundet, die Bewegung und charakteristische Note verleihen."
p10-v1531-s,de_DE,MORJAS The Tassel Loafer - Mittelbraunes Wildleder,"Der Tassel Loafer wird in Spanien von Hand gefertigt, mit Goodyear-Rahmen, abgerundeter Passform im Vorfußbereich und leicht geformter Taille und Ferse. Die schlanke Silhouette wird durch die beiden Quasten abgerundet, die Bewegung und charakteristische Note verleihen."
p36-v1528-s,de_DE,MORJAS The Tassel Loafer - Burgundy Kalbsleder,"Der Tassel Loafer wird in Spanien von Hand gefertigt, mit Goodyear-Rahmen, abgerundeter Passform im Vorfußbereich und leicht geformter Taille und Ferse. Die schlanke Silhouette wird durch die beiden Quasten abgerundet, die Bewegung und charakteristische Note verleihen."
p788-v2305-s,de_DE,MORJAS The Tassel Loafer Rubber Sole - Schwarzes Kalbsleder,"Der Tassel Loafer wird in Spanien von Hand gefertigt, mit Goodyear-Rahmen, abgerundeter Passform im Vorfußbereich und leicht geformter Taille und Ferse. Die schlanke Silhouette wird durch die beiden Quasten abgerundet, die Bewegung und charakteristische Note verleihen."
p787-v2304-s,de_DE,MORJAS The Tassel Loafer Rubber Sole - Braunes Wildleder,"Der Tassel Loafer wird in Spanien von Hand gefertigt, mit Goodyear-Rahmen, abgerundeter Passform im Vorfußbereich und leicht geformter Taille und Ferse. Die schlanke Silhouette wird durch die beiden Quasten abgerundet, die Bewegung und charakteristische Note verleihen."
p1624-v3141-s,de_DE,MORJAS The Tassel Loafer Rubber Sole - Braunes Kalbsleder,"Der Tassel Loafer wird in Spanien von Hand gefertigt, mit Goodyear-Rahmen, abgerundeter Passform im Vorfußbereich und leicht geformter Taille und Ferse. Die schlanke Silhouette wird durch die beiden Quasten abgerundet, die Bewegung und charakteristische Note verleihen."
p1625-v3142-s,de_DE,MORJAS The Tassel Loafer Rubber Sole - Mittelbraunes Wildleder,"Der Tassel Loafer wird in Spanien von Hand gefertigt, mit Goodyear-Rahmen, abgerundeter Passform im Vorfußbereich und leicht geformter Taille und Ferse. Die schlanke Silhouette wird durch die beiden Quasten abgerundet, die Bewegung und charakteristische Note verleihen."
p1623-v3140-s,de_DE,MORJAS The Tassel Loafer Rubber Sole - Burgundy Kalbsleder,"Der Tassel Loafer wird in Spanien von Hand gefertigt, mit Goodyear-Rahmen, abgerundeter Passform im Vorfußbereich und leicht geformter Taille und Ferse. Die schlanke Silhouette wird durch die beiden Quasten abgerundet, die Bewegung und charakteristische Note verleihen."
p3691-v5446-s,de_DE,MORJAS The Belgian Unlined - Beiges Wildleder – Ungefüttert,Der Belgian ist unsere elegante Interpretation eines klassischen Loafers. Er lässt sich vielseitig kombinieren – von Jeans bis Smoking. Die ungefütterte Verarbeitung verleiht dem Schuh eine entspannte Form und sorgt für besonderen Tragekomfort – egal ob tagsüber oder am Abend.
p3690-v5445-s,de_DE,MORJAS The Belgian Unlined - Taupefarbenes Nubukleder – Ungefüttert,Der Belgian ist unsere elegante Interpretation eines klassischen Loafers. Er lässt sich vielseitig kombinieren – von Jeans bis Smoking. Die ungefütterte Verarbeitung verleiht dem Schuh eine entspannte Form und sorgt für besonderen Tragekomfort – egal ob tagsüber oder am Abend.
p125-v1642-s,de_DE,MORJAS The Belgian - Schwarzes Wildleder,Der Belgian ist unsere elegante Interpretation eines klassischen Loafers. Er lässt sich vielseitig kombinieren – von Jeans bis Smoking. Die dünne Ledersohle und der kleine Absatz sorgen für eine klassische und schlanke Silhouette.
p1643-v3160-s,de_DE,MORJAS The Belgian - Schwarzes Hirschleder,Der Belgian ist unsere elegante Interpretation eines klassischen Loafers. Er lässt sich vielseitig kombinieren – von Jeans bis Smoking. Die dünne Ledersohle und der kleine Absatz sorgen für eine klassische und schlanke Silhouette.
p1644-v3161-s,de_DE,MORJAS The Belgian - Braunes Hirschleder,Der Belgian ist unsere elegante Interpretation eines klassischen Loafers. Er lässt sich vielseitig kombinieren – von Jeans bis Smoking. Die dünne Ledersohle und der kleine Absatz sorgen für eine klassische und schlanke Silhouette.
p7766-v9534-s,de_DE,MORJAS The Belgian - Schwarzes Lackleder,"Gefertigt aus Lackleder, interpretiert dieser Belgian eine dezente Alternative zum Opera Pump für formelle Abendanlässe, mit einer schlanken Silhouette, die das Modell so vielseitig macht. Der Hochglanz verleiht dem Schuh eine formelle Präsenz, während die dünne Ledersohle und der niedrige Absatz die Linie klar halten. Handgefertigt in Spanien."
p3428-v5110-s,de_DE,MORJAS The Belgian Rubber Sole - Schwarzes Hirschleder,"Der Belgian ist unsere elegante Interpretation eines klassischen Loafers. Er lässt sich vielseitig kombinieren – von Jeans bis Smoking. Die farblich passenden, weichen Gummisohlen sorgen für ein neues Maß an Komfort und eignen sich ideal für Zuhause oder in der Stadt."
p3427-v5109-s,de_DE,MORJAS The Belgian Rubber Sole - Braunes Hirschleder,"Der Belgian ist unsere elegante Interpretation eines klassischen Loafers. Er lässt sich vielseitig kombinieren – von Jeans bis Smoking. Die farblich passenden, weichen Gummisohlen sorgen für ein neues Maß an Komfort und eignen sich ideal für Zuhause oder in der Stadt."
p3555-v5310-s,de_DE,MORJAS The Belgian Rubber Sole - Schwarzes Wildleder,"Der Belgian ist unsere elegante Interpretation eines klassischen Loafers. Er lässt sich vielseitig kombinieren – von Jeans bis Smoking. Die farblich passenden, weichen Gummisohlen sorgen für ein neues Maß an Komfort und eignen sich ideal für Zuhause oder in der Stadt."
p1638-v3155-s,de_DE,MORJAS The Horsebit Loafer - Schwarzes Kalbsleder,"Der Horsebit Loafer wird auf dem gleichen Leisten wie unsere Penny Loafer gefertigt und mit einem metallenen Bit-Detail über dem Vamp veredelt. Rahmengenäht auf einer einfachen Ledersohle und vollständig mit Leder gefüttert. Eine klassische Silhouette, inspiriert vom Design der 1950er Jahre, mit zeitgemäßen Proportionen neu interpretiert und ebenso passend zum Anzug wie zur getragenen Jeans. Handgefertigt in Almansa, Spanien."
p1639-v3156-s,de_DE,MORJAS Der Horsebit Loafer - Braunes Wildleder,"Der Horsebit Loafer wird auf dem gleichen Leisten wie unsere Penny Loafer gefertigt und mit einem metallenen Bit-Detail über dem Vamp veredelt. Rahmengenäht auf einer einfachen Ledersohle und vollständig mit Leder gefüttert. Eine klassische Silhouette, inspiriert vom Design der 1950er Jahre, mit zeitgemäßen Proportionen neu interpretiert und ebenso passend zum Anzug wie zur getragenen Jeans. Handgefertigt in Almansa, Spanien."
p7769-v9537-s,de_DE,MORJAS The Horsebit Loafer - Schwarzes Grain-Leder,"Der Horsebit Loafer wird auf dem gleichen Leisten wie unsere Penny Loafer gefertigt und mit einem metallenen Bit-Detail über dem Vamp veredelt. Rahmengenäht auf einer einfachen Ledersohle und vollständig mit Leder gefüttert. Eine klassische Silhouette, inspiriert vom Design der 1950er Jahre, mit zeitgemäßen Proportionen neu interpretiert und ebenso passend zum Anzug wie zur getragenen Jeans. Handgefertigt in Almansa, Spanien."
p7770-v9538-s,de_DE,MORJAS The Horsebit Loafer - Braunes Grain-Leder,"Der Horsebit Loafer wird auf dem gleichen Leisten wie unsere Penny Loafer gefertigt und mit einem metallenen Bit-Detail über dem Vamp veredelt. Rahmengenäht auf einer einfachen Ledersohle und vollständig mit Leder gefüttert. Eine klassische Silhouette, inspiriert vom Design der 1950er Jahre, mit zeitgemäßen Proportionen neu interpretiert und ebenso passend zum Anzug wie zur getragenen Jeans. Handgefertigt in Almansa, Spanien."
p7773-v9541-s,de_DE,MORJAS The Venetian - Schwarzes Grain-Leder,"Der Venetian ist ein reduzierter Loafer in Mokassinkonstruktion, der von Hand in Italien genäht ist. Gefertigt aus genarbtem Kalbsleder, mit vollständiger Lederfütterung und gepolsterter Innensohle, die für ein angenehmes Tragegefühl sorgen. Die flexible Gummisohle unterstützt Komfort und Leichtigkeit im Alltag. Die Silhouette eignet sich für leichtes Tailoring und passt ebenso gut zu sommerlichen Looks."
p7774-v9542-s,de_DE,MORJAS The Venetian - Braunes Grain-Leder,"Der Venetian ist ein reduzierter Loafer in Mokassinkonstruktion, der von Hand in Italien genäht ist. Gefertigt aus genarbtem Kalbsleder, mit vollständiger Lederfütterung und gepolsterter Innensohle, die für ein angenehmes Tragegefühl sorgen. Die flexible Gummisohle unterstützt Komfort und Leichtigkeit im Alltag. Die Silhouette eignet sich für leichtes Tailoring und passt ebenso gut zu sommerlichen Looks."
p7775-v9543-s,de_DE,MORJAS The Venetian - Braunes Wildleder,"Der Venetian ist ein reduzierter Loafer in Mokassinkonstruktion, der von Hand in Italien genäht ist. Gefertigt aus Wildleder, mit vollständiger Lederfütterung und gepolsterter Innensohle, die für ein angenehmes Tragegefühl sorgen. Die flexible Gummisohle unterstützt Komfort und Leichtigkeit im Alltag. Die Silhouette eignet sich für leichtes Tailoring und passt ebenso gut zu sommerlichen Looks."
p7776-v9544-s,de_DE,MORJAS The Venetian - Sandfarbenes Wildleder,"Der Venetian ist ein reduzierter Loafer in Mokassinkonstruktion, der von Hand in Italien genäht ist. Gefertigt aus Wildleder, mit vollständiger Lederfütterung und gepolsterter Innensohle, die für ein angenehmes Tragegefühl sorgen. Die flexible Gummisohle unterstützt Komfort und Leichtigkeit im Alltag. Die Silhouette eignet sich für leichtes Tailoring und passt ebenso gut zu sommerlichen Looks."
p7333-v9088-s,de_DE,MORJAS The Full Strap Loafer - Schwarzes Kalbsleder,"Ein tief ausgeschnittener Loafer mit klarer Silhouette – geprägt durch den kürzeren Schaftausschnitt und den durchgehenden Riemen, der elegant über den Schuh verläuft. Gefertigt mit rahmengenähter Ledersohle. Handgefertigt in Almansa, Spanien."
p123-v1640-s,de_DE,MORJAS The Opera Pump - Schwarzes Lackleder,"Für uns der eleganteste Schuh zu Black- und White-Tie: Die Opera Pump ist ein Slipper mit Schleife und schwarzem, gestepptem Satinfutter, gefertigt in Spanien aus Lackleder. Ein Klassiker, der das 21. Jahrhundert nahezu unverändert aus dem 19. betreten hat."
p3130-v4811-s,de_DE,MORJAS Die Espadrille - Beiges ,"Die Espadrille ist auf einer leicht erhöhten Jutesohle konstruiert und sorgt für einen mühelos eleganten Look. Das weiche Obermaterial und die ausgewogene Silhouette machen sie zur natürlichen Wahl für warme Tage. Jedes Paar wird von Hand nach traditionellen Methoden gefertigt und erhält so einen dezenten, individuellen Charakter."
p2453-v4065-s,de_DE,MORJAS The Espadrille - All Black Suede,"Die Espadrille ist auf einer leicht erhöhten Jutesohle konstruiert und sorgt für einen mühelos eleganten Look. Das weiche Obermaterial und die ausgewogene Silhouette machen sie zur natürlichen Wahl für warme Tage. Jedes Paar wird von Hand nach traditionellen Methoden gefertigt und erhält so einen dezenten, individuellen Charakter."
p1648-v3165-s,de_DE,MORJAS The Espadrille - Taupefarbenes Wildleder,"Die Espadrille ist auf einer leicht erhöhten Jutesohle konstruiert und sorgt für einen mühelos eleganten Look. Das weiche Obermaterial und die ausgewogene Silhouette machen sie zur natürlichen Wahl für warme Tage. Jedes Paar wird von Hand nach traditionellen Methoden gefertigt und erhält so einen dezenten, individuellen Charakter."
p783-v2300-s,de_DE,MORJAS The Espadrille - Dunkelblaues Wildleder,"Die Espadrille ist auf einer leicht erhöhten Jutesohle konstruiert und sorgt für einen mühelos eleganten Look. Das weiche Obermaterial und die ausgewogene Silhouette machen sie zur natürlichen Wahl für warme Tage. Jedes Paar wird von Hand nach traditionellen Methoden gefertigt und erhält so einen dezenten, individuellen Charakter."
p782-v2299-s,de_DE,MORJAS The Espadrille - Hellgraues Wildleder,"Die Espadrille ist auf einer leicht erhöhten Jutesohle konstruiert und sorgt für einen mühelos eleganten Look. Das weiche Obermaterial und die ausgewogene Silhouette machen sie zur natürlichen Wahl für warme Tage. Jedes Paar wird von Hand nach traditionellen Methoden gefertigt und erhält so einen dezenten, individuellen Charakter."
p1649-v3166-s,de_DE,MORJAS The Espadrille - Elfenbein Baumwollcanvas,"Die Espadrille ist auf einer leicht erhöhten Jutesohle konstruiert und sorgt für einen mühelos eleganten Look. Das weiche Obermaterial und die ausgewogene Silhouette machen sie zur natürlichen Wahl für warme Tage. Jedes Paar wird von Hand nach traditionellen Methoden gefertigt und erhält so einen dezenten, individuellen Charakter."
p7768-v9536-s,de_DE,MORJAS The Espadrille - All Brown Suede,"Die Espadrille ist auf einer leicht erhöhten Jutesohle konstruiert und sorgt für einen mühelos eleganten Look. Das weiche Obermaterial und die ausgewogene Silhouette machen sie zur natürlichen Wahl für warme Tage. Jedes Paar wird von Hand nach traditionellen Methoden gefertigt und erhält so einen dezenten, individuellen Charakter."
p779-v2296-s,de_DE,MORJAS The Espadrille - Braunes Wildleder,"Die Espadrille ist auf einer leicht erhöhten Jutesohle konstruiert und sorgt für einen mühelos eleganten Look. Das weiche Obermaterial und die ausgewogene Silhouette machen sie zur natürlichen Wahl für warme Tage. Jedes Paar wird von Hand nach traditionellen Methoden gefertigt und erhält so einen dezenten, individuellen Charakter."
p3689-v5444-s,de_DE,MORJAS The Boat Shoe - Braunes Grain-Leder,Der Boat Shoe wird von Hand in Italien in Mokassinkonstruktion genäht und bleibt ungefüttert für besondere Leichtigkeit. Die tonale Gummisohle sorgt für Grip und einen dezent sportlichen Charakter. Die Silhouette passt zu weit geschnittenen Hosen und eignet sich ebenso für taillierte Shorts.
p3142-v4823-s,de_DE,MORJAS Der Boat Shoe - Braunes Wildleder,[b]Bald verfügbar – anmelden um benachrichtigt zu werden[/b]  Der Boat Shoe wird von Hand in Italien in Mokassinkonstruktion genäht und bleibt ungefüttert für besondere Leichtigkeit. Die tonale Gummisohle sorgt für Grip und einen dezent sportlichen Charakter. Die Silhouette passt zu weit geschnittenen Hosen und eignet sich ebenso für taillierte Shorts.
p3162-v4844-s,de_DE,MORJAS Der Boat Shoe - Schwarzes Grain-Leder,Der Boat Shoe wird von Hand in Italien in Mokassinkonstruktion genäht und bleibt ungefüttert für besondere Leichtigkeit. Die tonale Gummisohle sorgt für Grip und einen dezent sportlichen Charakter. Die Silhouette passt zu weit geschnittenen Hosen und eignet sich ebenso für taillierte Shorts.
p7782-v9564-s,de_DE,MORJAS The Boat Shoe - Sandfarbenes Wildleder,Der Boat Shoe wird von Hand in Italien in Mokassinkonstruktion genäht und bleibt ungefüttert für besondere Leichtigkeit. Die tonale Gummisohle sorgt für Grip und einen dezent sportlichen Charakter. Die Silhouette passt zu weit geschnittenen Hosen und eignet sich ebenso für taillierte Shorts.
p7783-v9565-s,de_DE,MORJAS The Boat Shoe - Braunes Wildleder & Braunes Kalbsleder,Der Boat Shoe wird von Hand in Italien in Mokassinkonstruktion genäht und bleibt ungefüttert für besondere Leichtigkeit. Die tonale Gummisohle sorgt für Grip und einen dezent sportlichen Charakter. Die Silhouette passt zu weit geschnittenen Hosen und eignet sich ebenso für taillierte Shorts.
p3141-v4822-s,de_DE,MORJAS Der Boat Shoe - Schwarzes Wildleder,Der Boat Shoe wird von Hand in Italien in Mokassinkonstruktion genäht und bleibt ungefüttert für besondere Leichtigkeit. Die tonale Gummisohle sorgt für Grip und einen dezent sportlichen Charakter. Die Silhouette passt zu weit geschnittenen Hosen und eignet sich ebenso für taillierte Shorts.
p7779-v9561-s,de_DE,MORJAS The Deck Shoe - Cremefarbenes Baumwollcanvas,"Der Deck Shoe hat seinen Ursprung in der maritimen Tradition und wird in Handarbeit in Portugal gefertigt, mit einem leichten, atmungsaktiven Canvas-Obermaterial. Die weiße Gummisohle mit strukturierter Oberfläche sorgt für Halt an Deck, während das schlichte Profil sich mühelos mit legerer Kleidung, Denim oder anderen lässigen Stücken kombinieren lässt."
p3685-v5440-s,de_DE,MORJAS The Deck Shoe - Marineblaues Baumwollcanvas,"Der Deck Shoe hat seinen Ursprung in der maritimen Tradition und wird in Handarbeit in Portugal gefertigt, mit einem leichten, atmungsaktiven Canvas-Obermaterial. Die weiße Gummisohle mit strukturierter Oberfläche sorgt für Halt an Deck, während das schlichte Profil sich mühelos mit legerer Kleidung, Denim oder anderen lässigen Stücken kombinieren lässt."
p7778-v9560-s,de_DE,MORJAS The Deck Shoe - Lavendelfarbenes Baumwollcanvas,"Der Deck Shoe hat seinen Ursprung in der maritimen Tradition und wird in Handarbeit in Portugal gefertigt, mit einem leichten, atmungsaktiven Canvas-Obermaterial. Die weiße Gummisohle mit strukturierter Oberfläche sorgt für Halt an Deck, während das schlichte Profil sich mühelos mit legerer Kleidung, Denim oder anderen lässigen Stücken kombinieren lässt."
p7772-v9540-s,de_DE,MORJAS The Plimsoll - Cremefarbenes Baumwollcanvas,"Der einzige Schuh, den wir backen. Der Plimsoll wird mittels Vulkanisation gefertigt, einem Verfahren, bei dem Sohle und Obermaterial bei 140 Grad verschmolzen werden. Das Ergebnis ist ein Sneaker, der gleichermaßen flexibel und robust ist, mit einem leichten Tragegefühl für Frühling und Sommer. Atmungsaktiv, unkompliziert und aus Materialien gefertigt, die mit der Zeit Charakter entwickeln."
p3681-v5436-s,de_DE,MORJAS The Plimsoll - Taupefarbenes Nubukleder,"Der einzige Schuh, den wir backen. Der Plimsoll wird mittels Vulkanisation gefertigt, einem Verfahren, bei dem Sohle und Obermaterial bei 140 Grad verschmolzen werden. Das Ergebnis ist ein Sneaker, der gleichermaßen flexibel und robust ist, mit einem leichten Tragegefühl für Frühling und Sommer. Atmungsaktiv, unkompliziert und aus Materialien gefertigt, die mit der Zeit Charakter entwickeln."
p7771-v9539-s,de_DE,MORJAS The Plimsoll - Olivfarbenes Baumwollcanvas,"Der einzige Schuh, den wir backen. Der Plimsoll wird mittels Vulkanisation gefertigt, einem Verfahren, bei dem Sohle und Obermaterial bei 140 Grad verschmolzen werden. Das Ergebnis ist ein Sneaker, der gleichermaßen flexibel und robust ist, mit einem leichten Tragegefühl für Frühling und Sommer. Atmungsaktiv, unkompliziert und aus Materialien gefertigt, die mit der Zeit Charakter entwickeln."
p3682-v5437-s,de_DE,MORJAS The Plimsoll - Schwarzes Wildleder,"Der einzige Schuh, den wir backen. Der Plimsoll wird mittels Vulkanisation gefertigt, einem Verfahren, bei dem Sohle und Obermaterial bei 140 Grad verschmolzen werden. Das Ergebnis ist ein Sneaker, der gleichermaßen flexibel und robust ist, mit einem leichten Tragegefühl für Frühling und Sommer. Atmungsaktiv, unkompliziert und aus Materialien gefertigt, die mit der Zeit Charakter entwickeln."
p772-v2289-s,de_DE,MORJAS The Sneaker 02 - Weißes Leder,"Ein zurückhaltender Sneaker mit klarer, flacher Linie. Handgefertigt in Portugal, präsentiert er sich in einer schlanken Silhouette mit reduzierter Ästhetik, die sich mühelos in jede Garderobe einfügt. Für den Alltag entworfen, bietet er einen frischen und unaufdringlichen Look."
p3678-v5433-s,de_DE,MORJAS The Court Sneaker - Off-Weiß,"Der Court Sneaker greift Tennis- und Basketballschuhe der 70er und 80er Jahre auf. Ein flaches Profil für den täglichen Gebrauch. Handgefertigt in Portugal auf einer Basis aus Lederpappe, gewählt für Stabilität und Struktur. Das Obermaterial aus Wildleder und Glattleder ist perforiert und sitzt auf einer Laufsohle aus thermoplastischem Gummi. Mit Fußgewölbestütze und Dämpfung für dauerhaften Tragekomfort."
p1659-v3176-s,de_DE,MORJAS The Sneaker 02 - Dunkelbraunes Wildleder,"Ein zurückhaltender Sneaker mit klarer, flacher Linie. Handgefertigt in Portugal, präsentiert er sich in einer schlanken Silhouette mit reduzierter Ästhetik, die sich mühelos in jede Garderobe einfügt. Für den Alltag entworfen, bietet er einen frischen und unaufdringlichen Look."
p2456-v4068-s,de_DE,MORJAS Der Sneaker 02 - Nougatbraunes Wildleder,"Ein zurückhaltender Sneaker mit klarer, flacher Linie. Handgefertigt in Portugal, präsentiert er sich in einer schlanken Silhouette mit reduzierter Ästhetik, die sich mühelos in jede Garderobe einfügt. Für den Alltag entworfen, bietet er einen frischen und unaufdringlichen Look."
p766-v2283-s,de_DE,MORJAS The Sneaker 02 - Dunkelblaues Wildleder,"Ein zurückhaltender Sneaker mit klarer, flacher Linie. Handgefertigt in Portugal, präsentiert er sich in einer schlanken Silhouette mit reduzierter Ästhetik, die sich mühelos in jede Garderobe einfügt. Für den Alltag entworfen, bietet er einen frischen und unaufdringlichen Look."
p3692-v5447-s,de_DE,MORJAS The Sneaker 02 - Beiges ,"Ein zurückhaltender Sneaker mit klarer, flacher Linie. Handgefertigt in Portugal, präsentiert er sich in einer schlanken Silhouette mit reduzierter Ästhetik, die sich mühelos in jede Garderobe einfügt. Für den Alltag entworfen, bietet er einen frischen und unaufdringlichen Look."
p7767-v9535-s,de_DE,MORJAS The Court Sneaker - Nougat,"Der Court Sneaker greift Tennis- und Basketballschuhe der 70er und 80er Jahre auf. Ein flaches Profil für den täglichen Gebrauch. Handgefertigt in Portugal auf einer Basis aus Lederpappe, gewählt für Stabilität und Struktur. Das Obermaterial aus Wildleder ist perforiert und sitzt auf einer Laufsohle aus thermoplastischem Gummi. Mit Fußgewölbestütze und Dämpfung für dauerhaften Tragekomfort."
p1660-v3177-s,de_DE,MORJAS The Sneaker 02 - Schwarzes Wildleder,"Ein zurückhaltender Sneaker mit klarer, flacher Linie. Handgefertigt in Portugal, präsentiert er sich in einer schlanken Silhouette mit reduzierter Ästhetik, die sich mühelos in jede Garderobe einfügt. Für den Alltag entworfen, bietet er einen frischen und unaufdringlichen Look."
p3679-v5434-s,de_DE,MORJAS The Court Sneaker - Braun,"Der Court Sneaker greift Tennis- und Basketballschuhe der 70er und 80er Jahre auf. Ein flaches Profil für den täglichen Gebrauch. Handgefertigt in Portugal auf einer Basis aus Lederpappe, gewählt für Stabilität und Struktur. Das Obermaterial aus Wildleder und Glattleder ist perforiert und sitzt auf einer Laufsohle aus thermoplastischem Gummi. Mit Fußgewölbestütze und Dämpfung für dauerhaften Tragekomfort."
p3680-v5435-s,de_DE,MORJAS The Court Sneaker - Schwarz,"Der Court Sneaker greift Tennis- und Basketballschuhe der 70er und 80er Jahre auf. Ein flaches Profil für den täglichen Gebrauch. Handgefertigt in Portugal auf einer Basis aus Lederpappe, gewählt für Stabilität und Struktur. Das Obermaterial aus Wildleder und Glattleder ist perforiert und sitzt auf einer Laufsohle aus thermoplastischem Gummi. Mit Fußgewölbestütze und Dämpfung für dauerhaften Tragekomfort."
p3675-v5430-s,de_DE,MORJAS The Trainer - Weiß,"The Trainer verbindet sportlichen Minimalismus mit Inspiration aus klassischen Laufschuhen. Handgefertigt aus weichem Wildleder und atmungsaktivem Nylon, konstruiert auf einer Vibram-Sohle für höchsten Komfort und perfekten Halt."
p3677-v5432-s,de_DE,MORJAS The Trainer - Marineblau/Schwarz,"The Trainer verbindet sportlichen Minimalismus mit Inspiration aus klassischen Laufschuhen. Handgefertigt aus weichem Wildleder und atmungsaktivem Nylon, konstruiert auf einer Vibram-Sohle für höchsten Komfort und perfekten Halt."
p3676-v5431-s,de_DE,MORJAS The Trainer - Graubraun,"The Trainer verbindet sportlichen Minimalismus mit Inspiration aus klassischen Laufschuhen. Handgefertigt aus weichem Wildleder und atmungsaktivem Nylon, konstruiert auf einer Vibram-Sohle für höchsten Komfort und perfekten Halt."
p7802-v9584-s,de_DE,MORJAS The Costa Sandal - Schwarzes Grain-Leder,"Die Costa Sandale ist von Hand in Italien gefertigt, mit einem Obermaterial aus genarbtem Kalbsleder und einem geformten Fußbett in Kalbsleder. Der breite Riemen mit verstellbarem Verschluss sorgt für eine präzise Passform. Eine leichte Polyurethansohle ergänzt das Modell um Stabilität und Alltagstauglichkeit."
p7756-v9514-s,de_DE,MORJAS The Camp Moc - Mull Nubukleder,"Handgefertigt in Italien und aus geschmeidigem Nubukleder gefertigt, basiert der Camp Moc auf derselben Konstruktion wie unser Boat Shoe, ist jedoch für einen vielseitigeren, saisonübergreifenden Einsatz konzipiert. Die markante Profilsohle sorgt für zusätzlichen Halt und Langlebigkeit, wenn leichtere Schuhe nicht genügen. Vollständig ledergefüttert und mit einer gepolsterten Innensohle ausgestattet, bietet er zuverlässigen Komfort im Alltag."
p7755-v9513-s,de_DE,MORJAS The Camp Moc - Schwarzes Hirschleder,"Handgefertigt in Italien und aus besonders weichem Hirschleder gefertigt, basiert der Camp Moc auf derselben Konstruktion wie unser Boat Shoe, ist jedoch für einen vielseitigeren, saisonübergreifenden Einsatz konzipiert. Die markante Profilsohle sorgt für zusätzlichen Halt und Langlebigkeit an Tagen, an denen leichtere Schuhe nicht ausreichen. Vollständig ledergefüttert und mit einer gepolsterten Innensohle ausgestattet, bietet er zuverlässigen Komfort im Alltag."
p11-v1533-s,de_DE,MORJAS The Oxford - Schwarzes Kalbsleder,"Der Oxford wird in Spanien von Hand gefertigt und mit Goodyear-Rahmennaht konstruiert – eine Methode, die Langlebigkeit und einfaches Wiederbesohlen ermöglicht. Sein Lederoberteil formt eine ausgewogene Silhouette, die sowohl zu formellen als auch zu halbformellen Anlässen passt. Ein Schuh für viele Jahre, mit einer souveränen Präsenz."
p16-v1538-s,de_DE,MORJAS The Oxford - Schwarzes Lackleder,"Der Oxford aus Lackleder ist für Black- und White-Tie-Anlässe entworfen und verleiht den formellsten Outfits eine makellose Ausstrahlung. Handgefertigt in Spanien mit Goodyear-Rahmen, einer Konstruktion, die für ihre Langlebigkeit und leichte Wiederbesohlung geschätzt wird. Mit glatter Vorderkappe, einer eigens entwickelten schwarzen Sohle mit Messingnägeln sowie vollständig schwarzem Lederfutter."
p13-v1535-s,de_DE,MORJAS The Oxford - Braunes Kalbsleder,"Der Oxford wird in Spanien von Hand gefertigt und mit Goodyear-Rahmennaht konstruiert – eine Methode, die Langlebigkeit und einfaches Wiederbesohlen ermöglicht. Sein Lederoberteil formt eine ausgewogene Silhouette, die sowohl zu formellen als auch zu halbformellen Anlässen passt. Ein Schuh für viele Jahre, mit einer souveränen Präsenz."
p12-v1534-s,de_DE,MORJAS The Oxford - Burgundy Kalbsleder,"Der Oxford wird in Spanien von Hand gefertigt und mit Goodyear-Rahmennaht konstruiert – eine Methode, die Langlebigkeit und einfaches Wiederbesohlen ermöglicht. Sein Lederoberteil formt eine ausgewogene Silhouette, die sowohl zu formellen als auch zu halbformellen Anlässen passt. Ein Schuh für viele Jahre, mit einer souveränen Präsenz."
p14-v1536-s,de_DE,MORJAS The Oxford - Braunes Wildleder,"Der Oxford wird in Spanien von Hand gefertigt und mit Goodyear-Rahmennaht konstruiert – eine Methode, die Langlebigkeit und einfaches Wiederbesohlen ermöglicht. Sein Lederoberteil formt eine ausgewogene Silhouette, die sowohl zu formellen als auch zu halbformellen Anlässen passt. Ein Schuh für viele Jahre, mit einer souveränen Präsenz."
p789-v2306-s,de_DE,MORJAS The Oxford Rubber Sole - Schwarzes Kalbsleder,"Der Oxford wird in Spanien von Hand gefertigt und mit Goodyear-Rahmennaht konstruiert – eine Methode, die Langlebigkeit und einfaches Wiederbesohlen ermöglicht. Sein Lederoberteil formt eine ausgewogene Silhouette, die sowohl zu formellen als auch zu halbformellen Anlässen passt. Ein Schuh für viele Jahre, mit einer souveränen Präsenz."
p1632-v3149-s,de_DE,MORJAS The Oxford Rubber Sole - Braunes Kalbsleder,"Der Oxford wird in Spanien von Hand gefertigt und mit Goodyear-Rahmennaht konstruiert – eine Methode, die Langlebigkeit und einfaches Wiederbesohlen ermöglicht. Sein Lederoberteil formt eine ausgewogene Silhouette, die sowohl zu formellen als auch zu halbformellen Anlässen passt. Ein Schuh für viele Jahre, mit einer souveränen Präsenz."
p1631-v3148-s,de_DE,MORJAS The Oxford Rubber Sole - Burgundy Kalbsleder,"Der Oxford wird in Spanien von Hand gefertigt und mit Goodyear-Rahmennaht konstruiert – eine Methode, die Langlebigkeit und einfaches Wiederbesohlen ermöglicht. Sein Lederoberteil formt eine ausgewogene Silhouette, die sowohl zu formellen als auch zu halbformellen Anlässen passt. Ein Schuh für viele Jahre, mit einer souveränen Präsenz."
p1633-v3150-s,de_DE,MORJAS Der Oxford Gummisohle - Braunes Wildleder,"Der Oxford wird in Spanien von Hand gefertigt und mit Goodyear-Rahmennaht konstruiert – eine Methode, die Langlebigkeit und einfaches Wiederbesohlen ermöglicht. Sein Lederoberteil formt eine ausgewogene Silhouette, die sowohl zu formellen als auch zu halbformellen Anlässen passt. Ein Schuh für viele Jahre, mit einer souveränen Präsenz."
p803-v2320-s,de_DE,MORJAS The Adelaide - Schwarzes Kalbsleder,"Der Adelaide greift die geschlossene Schnürung des Oxford auf und erhält dadurch eine elegante, formelle Ausstrahlung. Handgefertigt in Spanien mit rahmengenähter Konstruktion und Ledersohle. Feine Broguierungen und eine U-förmige Schnürpartie setzen dezente Akzente, ohne die klare Silhouette zu unterbrechen. Geeignet für formelle und halbformelle Anlässe."
p2443-v4055-s,de_DE,MORJAS Der Adelaide - Braunes Kalbsleder,"Der Adelaide greift die geschlossene Schnürung des Oxford auf und erhält dadurch eine elegante, formelle Ausstrahlung. Handgefertigt in Spanien mit rahmengenähter Konstruktion und Ledersohle. Feine Broguierungen und eine U-förmige Schnürpartie setzen dezente Akzente, ohne die klare Silhouette zu unterbrechen. Geeignet für formelle und halbformelle Anlässe."
p1635-v3152-s,de_DE,MORJAS Der Adelaide - Braunes Wildleder,"Der Adelaide greift die geschlossene Schnürung des Oxford auf und erhält dadurch eine elegante, formelle Ausstrahlung. Handgefertigt in Spanien mit rahmengenähter Konstruktion und Ledersohle. Feine Broguierungen und eine U-förmige Schnürpartie setzen dezente Akzente, ohne die klare Silhouette zu unterbrechen. Geeignet für formelle und halbformelle Anlässe."
p3424-v5106-s,de_DE,MORJAS The Split Toe Derby - Braunes Grain-Leder,"Der Split Toe Derby wird in Spanien von Hand gefertigt, mit Goodyear-Rahmen und einer dünnen Gummisohle. Die markante Nahtführung mit aufgesetztem Schaft und geteiltem Vorderblatt geht auf einen funktionalen Ursprung zum Schutz vor Nässe zurück und ist heute ein stilprägendes Detail. Mit vollem Lederfutter versehen, bietet er eine ausgewogene Form für verschiedenste Anlässe."
p3425-v5107-s,de_DE,MORJAS The Split Toe Derby - Schwarzes Kalbsleder,"Der Split Toe Derby wird in Spanien von Hand gefertigt, mit Goodyear-Rahmen und einer dünnen Gummisohle. Die markante Nahtführung mit aufgesetztem Schaft und geteiltem Vorderblatt geht auf einen funktionalen Ursprung zum Schutz vor Nässe zurück und ist heute ein stilprägendes Detail. Mit vollem Lederfutter versehen, bietet er eine ausgewogene Form für verschiedenste Anlässe."
p3660-v5415-s,de_DE,MORJAS The Split Toe Derby - Schwarzes Grain-Leder,"Der Split Toe Derby wird in Spanien von Hand gefertigt, mit Goodyear-Rahmen und einer dünnen Gummisohle. Die markante Nahtführung mit aufgesetztem Schaft und geteiltem Vorderblatt geht auf einen funktionalen Ursprung zum Schutz vor Nässe zurück und ist heute ein stilprägendes Detail. Mit vollem Lederfutter versehen, bietet er eine ausgewogene Form für verschiedenste Anlässe."
p3423-v5105-s,de_DE,MORJAS The Split Toe Derby - Braunes Wildleder,"Der Split Toe Derby wird in Spanien von Hand gefertigt, mit Goodyear-Rahmen und einer dünnen Gummisohle. Die markante Nahtführung mit aufgesetztem Schaft und geteiltem Vorderblatt geht auf einen funktionalen Ursprung zum Schutz vor Nässe zurück und ist heute ein stilprägendes Detail. Mit vollem Lederfutter versehen, bietet er eine ausgewogene Form für verschiedenste Anlässe."
p7786-v9568-s,de_DE,MORJAS The Split Toe Derby - Polo Wildleder,"Der Split Toe Derby wird in Spanien von Hand gefertigt, mit Goodyear-Rahmen und einer dünnen Gummisohle. Die markante Nahtführung mit aufgesetztem Schaft und geteiltem Vorderblatt geht auf einen funktionalen Ursprung zum Schutz vor Nässe zurück und ist heute ein stilprägendes Detail. Mit vollem Lederfutter versehen, bietet er eine ausgewogene Form für verschiedenste Anlässe."
p31-v1541-s,de_DE,MORJAS The Derby - Braunes Kalbsleder,"Der Derby wird in Spanien von Hand gefertigt und verbindet eine Goodyear-Rahmennaht mit vertikaler Stormwelt für Langlebigkeit und Schutz bei jedem Wetter. Dezente Broguing-Details verleihen Struktur, während die profilierte Gummisohle ein ausgewogenes Erscheinungsbild schafft, das sich sowohl zu Denim als auch zu Tailoring tragen lässt – das ganze Jahr über."
p29-v1539-s,de_DE,MORJAS The Derby - Schwarzes Kalbsleder,"Der Derby wird in Spanien von Hand gefertigt und verbindet eine Goodyear-Rahmennaht mit vertikaler Stormwelt für Langlebigkeit und Schutz bei jedem Wetter. Dezente Broguing-Details verleihen Struktur, während die profilierte Gummisohle ein ausgewogenes Erscheinungsbild schafft, das sich sowohl zu Denim als auch zu Tailoring tragen lässt – das ganze Jahr über."
p32-v1542-s,de_DE,MORJAS The Derby - Braunes Wildleder,"Der Derby wird in Spanien von Hand gefertigt und verbindet eine Goodyear-Rahmennaht mit vertikaler Stormwelt für Langlebigkeit und Schutz bei jedem Wetter. Dezente Broguing-Details verleihen Struktur, während die profilierte Gummisohle ein ausgewogenes Erscheinungsbild schafft, das sich sowohl zu Denim als auch zu Tailoring tragen lässt – das ganze Jahr über."
p33-v1543-s,de_DE,MORJAS The Derby - Mittelbraunes Wildleder,"Der Derby wird in Spanien von Hand gefertigt und verbindet eine Goodyear-Rahmennaht mit vertikaler Stormwelt für Langlebigkeit und Schutz bei jedem Wetter. Dezente Broguing-Details verleihen Struktur, während die profilierte Gummisohle ein ausgewogenes Erscheinungsbild schafft, das sich sowohl zu Denim als auch zu Tailoring tragen lässt – das ganze Jahr über."
p28-v1546-s,de_DE,MORJAS The Derby - Braunes Grain-Leder,"Der Derby wird in Spanien von Hand gefertigt und verbindet eine Goodyear-Rahmennaht mit vertikaler Stormwelt für Langlebigkeit und Schutz bei jedem Wetter. Dezente Broguing-Details verleihen Struktur, während die profilierte Gummisohle ein ausgewogenes Erscheinungsbild schafft, das sich sowohl zu Denim als auch zu Tailoring tragen lässt – das ganze Jahr über."
p30-v1540-s,de_DE,MORJAS The Derby - Burgundy Kalbsleder,"Der Derby wird in Spanien von Hand gefertigt und verbindet eine Goodyear-Rahmennaht mit vertikaler Stormwelt für Langlebigkeit und Schutz bei jedem Wetter. Dezente Broguing-Details verleihen Struktur, während die profilierte Gummisohle ein ausgewogenes Erscheinungsbild schafft, das sich sowohl zu Denim als auch zu Tailoring tragen lässt – das ganze Jahr über."
p26-v1544-s,de_DE,MORJAS The Derby - Schwarzes Grain-Leder,"Der Derby wird in Spanien von Hand gefertigt und verbindet eine Goodyear-Rahmennaht mit vertikaler Stormwelt für Langlebigkeit und Schutz bei jedem Wetter. Dezente Broguing-Details verleihen Struktur, während die profilierte Gummisohle ein ausgewogenes Erscheinungsbild schafft, das sich sowohl zu Denim als auch zu Tailoring tragen lässt – das ganze Jahr über."
p20-v1548-s,de_DE,MORJAS The Plain Toe Blucher - Schwarzes Kalbsleder,"Der Plain Toe Blucher wird in Spanien von Hand gefertigt und zeichnet sich durch sein glattes, unverziertes Oberleder und seine schlichte Eleganz aus. Die Goodyear-Rahmenkonstruktion mit vertikalem Storm-Welt sorgt für Schutz und Beständigkeit, während die genoppte Gummisohle eine ausgewogene Form verleiht, die sowohl zu Anzügen als auch zu legeren Outfits passt."
p7784-v9566-s,de_DE,MORJAS The Plain Toe Blucher - Beiges ,"Der Plain Toe Blucher wird in Spanien von Hand gefertigt und zeichnet sich durch sein glattes, unverziertes Oberleder und seine schlichte Eleganz aus. Die Goodyear-Rahmenkonstruktion sorgt für Schutz und Beständigkeit, während die Ledersohle eine ausgewogene Silhouette verleiht, die sich sowohl zu Tailoring als auch zu legeren Outfits in den wärmeren Monaten einfügt."
p44-v1572-s,de_DE,MORJAS The Double Monkstrap - Schwarzes Kalbsleder,"Der Double Monkstrap wird in Spanien von Hand gefertigt und steht auf einer doppelten Ledersohle, die ihm eine markante und stabile Präsenz verleiht. Zwei Schließen prägen das Design und schaffen eine ausgewogene Verbindung von formeller Eleganz und moderner Leichtigkeit."
p45-v1574-s,de_DE,MORJAS The Double Monkstrap - Braunes Kalbsleder,"Der Double Monkstrap wird in Spanien von Hand gefertigt und steht auf einer doppelten Ledersohle, die ihm eine markante und stabile Präsenz verleiht. Zwei Schließen prägen das Design und schaffen eine ausgewogene Verbindung von formeller Eleganz und moderner Leichtigkeit."
p49-v1567-s,de_DE,MORJAS The Single Monkstrap - Schwarzes Kalbsleder,"Der Single Monkstrap wird in Spanien von Hand gefertigt und auf einer doppelten Ledersohle aufgebaut, die ihm eine markante Präsenz verleiht. Die einzelne Schließe sorgt für eine klare, moderne Linie, während die ausgewogenen Proportionen ihn zu einem vielseitigen Begleiter zwischen formellen und legeren Looks machen."
p46-v1573-s,de_DE,MORJAS The Double Monkstrap - Burgundy Kalbsleder,"Der Double Monkstrap wird in Spanien von Hand gefertigt und steht auf einer doppelten Ledersohle, die ihm eine markante und stabile Präsenz verleiht. Zwei Schließen prägen das Design und schaffen eine ausgewogene Verbindung von formeller Eleganz und moderner Leichtigkeit."
p7787-v9569-s,de_DE,MORJAS The Single Monkstrap - Braunes Wildleder,"Der Single Monkstrap wird in Spanien von Hand gefertigt und auf einer doppelten Ledersohle aufgebaut. Die einzelne Schließe sorgt für eine klare, moderne Linie, während die ausgewogenen Proportionen sich mühelos zwischen formellen und entspannten Looks über das ganze Jahr hinweg einfügen."
p47-v1575-s,de_DE,MORJAS The Double Monkstrap - Braunes Wildleder,"Der Double Monkstrap wird in Spanien von Hand gefertigt und steht auf einer doppelten Ledersohle, die ihm eine markante und stabile Präsenz verleiht. Zwei Schließen prägen das Design und schaffen eine ausgewogene Verbindung von formeller Eleganz und moderner Leichtigkeit."
p54-v1562-s,de_DE,MORJAS The Chelsea Boot - Schwarzes Kalbsleder,"Der Chelsea Boot wird aus einem einzigen Stück Leder gefertigt – ein sogenannter Wholecut, der sich durch seine glatte, durchgehende Form und eine markante Silhouette auszeichnet. Konstruiert auf einer rahmengenähten Gummisohle und einem eleganten 3 cm hohen Absatz."
p57-v1565-s,de_DE,MORJAS The Chelsea Boot - Braunes Wildleder,"Der Chelsea Boot wird aus einem einzigen Stück Leder gefertigt – ein sogenannter Wholecut, der sich durch seine glatte, durchgehende Form und eine markante Silhouette auszeichnet. Konstruiert auf einer rahmengenähten Gummisohle und einem eleganten 3 cm hohen Absatz."
p3426-v5108-s,de_DE,MORJAS The Chelsea Boot - Schwarzes Wildleder,"Der Chelsea Boot wird aus einem einzigen Stück Leder gefertigt – ein sogenannter Wholecut, der sich durch seine glatte, durchgehende Form und eine markante Silhouette auszeichnet. Konstruiert auf einer rahmengenähten Gummisohle und einem eleganten 3 cm hohen Absatz."
p56-v1564-s,de_DE,MORJAS The Chelsea Boot - Braunes Kalbsleder,"Der Chelsea Boot wird aus einem einzigen Stück Leder gefertigt – ein sogenannter Wholecut, der sich durch seine glatte, durchgehende Form und eine markante Silhouette auszeichnet. Konstruiert auf einer rahmengenähten Gummisohle und einem eleganten 3 cm hohen Absatz."
p7757-v9515-s,de_DE,MORJAS The Unlined Chukka - Braunes Wildleder – Ungefüttert,"Der Unlined Chukka wird in Handarbeit in Spanien gefertigt, ein Zwei-Ösen-Boot aus reversiertem braunem Wildleder, rahmengenäht auf einer Ledersohle mit Sturmrandnaht. Ohne Futter bleibt der Schuh weich und leicht, mit einem lässigen Charakter, der sich mit der Zeit weiterentwickelt. Eine weniger strukturierte Alternative zum gefütterten Gegenstück, geeignet für wärmere Tage und leichteren Einsatz."
p63-v1561-s,de_DE,MORJAS The Chukka Boot - Mittelbraunes Wildleder,"Der Chukka Boot ist mit einer robusten Gummisohle ausgestattet und vollständig mit Leder gefüttert. Die knöchelhohe Silhouette sorgt für einen markanten Alltagslook – ideal für die kältere Jahreszeit und leicht genug, um auch in milderen Klimazonen das ganze Jahr über getragen zu werden. Handgefertigt in Spanien."
p62-v1560-s,de_DE,MORJAS The Chukka Boot - Braunes Wildleder,"Der Chukka Boot ist mit einer robusten Gummisohle ausgestattet und vollständig mit Leder gefüttert. Die knöchelhohe Silhouette sorgt für einen markanten Alltagslook – ideal für die kältere Jahreszeit und leicht genug, um auch in milderen Klimazonen das ganze Jahr über getragen zu werden. Handgefertigt in Spanien."
p7733-v9488-s,de_DE,MORJAS The Moc Toe Chukka - Schwarzes Grain-Leder,"Gefertigt aus genarbtem Leder, interpretiert der Moc Toe Chukka die Chukka in einer kräftigeren Ausführung, ideal für kühlere Tage. Rahmengenäht (Goodyear) mit Stormwelt und auf einer Profilsohle montiert, verbindet er Robustheit mit gepflegtem Stil. Gepolsterte Innensohle und Drei-Ösen-Schnürung sorgen für angenehmen Tragekomfort. Handgefertigt in Spanien."
p7732-v9487-s,de_DE,MORJAS The Moc Toe Chukka - Braunes Grain-Leder & Braunes Wildleder,"Gefertigt aus genarbtem leder und Wildleder, interpretiert der Moc Toe Boot die Chukka in einer kräftigeren Ausführung, ideal für kühlere Tage. Rahmengenäht (Goodyear) mit Stormwelt und auf einer Profilsohle montiert, verbindet er Robustheit mit gepflegtem Stil. Gepolsterte Innensohle und Drei-Ösen-Schnürung sorgen für angenehmen Tragekomfort. Handgefertigt in Spanien."
p77-v1594-s,de_DE,MORJAS The Jumper Boot - Schwarzes Grain-Leder,"Der Jumper Boot ist ein hoher Derby Boot mit gerader Kappe, handgefertigt in Spanien. Stormwelt und genoppte Gummisohle bieten Halt und Wasserresistenz, während die Goodyear-Rahmennaht Langlebigkeit und die Möglichkeit zum Wiederbesohlen garantiert."
p78-v1595-s,de_DE,MORJAS The Jumper Boot - Braunes Wildleder,"Der Jumper Boot ist ein hoher Derby Boot mit gerader Kappe, handgefertigt in Spanien. Stormwelt und genoppte Gummisohle bieten Halt und Wasserresistenz, während die Goodyear-Rahmennaht Langlebigkeit und die Möglichkeit zum Wiederbesohlen garantiert."
p1684-v3212-s,de_DE,MORJAS Der Jumper Boot - Braunes Grain-Leder,"Der Jumper Boot ist ein hoher Derby Boot mit gerader Kappe, handgefertigt in Spanien. Stormwelt und genoppte Gummisohle bieten Halt und Wasserresistenz, während die Goodyear-Rahmennaht Langlebigkeit und die Möglichkeit zum Wiederbesohlen garantiert."
p7726-v9481-s,de_DE,MORJAS The Jumper Boot - Schwarzes Kalbsleder,"Der Jumper Boot ist ein hoher Derby Boot mit gerader Kappe, handgefertigt in Spanien. Stormwelt und genoppte Gummisohle bieten Halt und Wasserresistenz, während die Goodyear-Rahmennaht Langlebigkeit und die Möglichkeit zum Wiederbesohlen garantiert."
p7745-v9500-s,de_DE,MORJAS The Hybrid Hiker - Schwarzes Leder,"Der Hybrid Hiker verbindet robuste Geländetauglichkeit mit moderner Zurückhaltung. Wasserabweisende Mudguards, eine niedrig geschnittene Silhouette und eine stabile Konstruktion machen sie zum idealen Begleiter – in der Stadt wie unterwegs."
p3431-v5113-s,de_DE,MORJAS The Hybrid Hiker - Braunes Nubukleder,"Der Hybrid Hiker verbindet robuste Geländetauglichkeit mit moderner Zurückhaltung. Wasserabweisende Mudguards, eine niedrig geschnittene Silhouette und eine stabile Konstruktion machen sie zum idealen Begleiter – in der Stadt wie unterwegs."
p3432-v5114-s,de_DE,MORJAS The Hybrid Hiker - Schwarzes Grain-Leder,"Der Hybrid Hiker verbindet robuste Geländetauglichkeit mit moderner Zurückhaltung. Wasserabweisende Mudguards, eine niedrig geschnittene Silhouette und eine stabile Konstruktion machen sie zum idealen Begleiter – in der Stadt wie unterwegs."
p7731-v9486-s,de_DE,MORJAS The Hybrid Hiker - Taupefarbenes Wildleder,"Mit Geländetauglichkeit, wasserdichten Schmutzfängern und einer niedrigen Silhouette vereint der Hybrid Hiker nahtlos robuste Haltbarkeit mit zeitgenössischen, dezenten Details — und macht ihn damit zum idealen Begleiter für jede urbane Erkundung."
p3430-v5112-s,de_DE,MORJAS The Hybrid Hiker - Sandfarbenes Wildleder,"Der Hybrid Hiker verbindet robuste Geländetauglichkeit mit moderner Zurückhaltung. Wasserabweisende Mudguards, eine niedrig geschnittene Silhouette und eine stabile Konstruktion machen sie zum idealen Begleiter – in der Stadt wie unterwegs."
p7730-v9485-s,de_DE,MORJAS The Hybrid Hiker - Schwarzes Pony Hair,"Mit Geländetauglichkeit, wasserdichten Schmutzfängern und einer niedrigen Silhouette vereint der Hybrid Hiker nahtlos robuste Haltbarkeit mit zeitgenössischen, dezenten Details — und macht ihn damit zum idealen Begleiter für jede urbane Erkundung."
p1686-v3214-s,de_DE,MORJAS Der Hiking Boot - Braunes Grain-Leder,"Der Hiking Boot vereint Inspiration aus Stadt und Gebirge und verbindet robuste Funktionalität mit einer raffinierten Ästhetik. Eine profilierte Gummisohle, Stormwelt, umgeschlagene Zunge und gepolsterter Schaft sorgen für Komfort und Schutz bei jedem Wetter."
p813-v2330-s,de_DE,MORJAS The Hiking Boot - Schwarzes Grain-Leder,"Der Hiking Boot vereint Inspiration aus Stadt und Gebirge und verbindet robuste Funktionalität mit einer raffinierten Ästhetik. Eine profilierte Gummisohle, Stormwelt, umgeschlagene Zunge und gepolsterter Schaft sorgen für Komfort und Schutz bei jedem Wetter."
p3433-v5115-s,de_DE,MORJAS The Hiking Boot - Braunes Wildleder – Mudguard,"Die Mudguard Edition ist unsere neu interpretierte Hiking Boot mit noch robusteren Eigenschaften. Charakteristisch sind die wasserabweisenden Mudguards aus beschichtetem Leder, die zusätzlichen Schutz bieten. Zusammen mit Stormwelt, umgeschlagener Zunge und neuer Hardware entsteht ein Schuh, der jedem Terrain gewachsen ist – kraftvoll und markant."
p7729-v9484-s,de_DE,MORJAS The Hiking Boot - Schwarzes Wildleder – Mudguard,"Der Mudguard Edition ist unser neu interpretierter Hiking Boot, verbessert mit robusteren und widerstandsfähigeren Eigenschaften. Im Mittelpunkt stehen die Schmutzschutzränder - wasserabweisende, beschichtete Lederpartien - die ihn unter harten Bedingungen schützen. In Kombination mit einer Sturmrahmennaht, einer umklappbaren Zunge und neuen Beschlägen wird er zu einem geländegängigen Stiefel, der ebenso robust wie attraktiv ist."
p1689-v3217-s,de_DE,MORJAS Der Alpine Boot - Schwarzes Wildleder,"Der Alpine Boot wird in Spanien von Hand gefertigt und ist mit einem Storm-Welt und einer robusten Profilsohle für sicheren Halt bei allen Bedingungen ausgestattet. Komplett mit Lammfell gefüttert und aus weichem Wildleder gefertigt, sorgt er in der kalten Jahreszeit für Wärme und Komfort. Ein Reißverschluss vorne macht ihn besonders praktisch – ideal für Stadt und Winterurlaub."
p1690-v3218-s,de_DE,MORJAS Der Alpine Boot - Braunes Wildleder,"Der Alpine Boot wird in Spanien von Hand gefertigt und ist mit einem Storm-Welt und einer robusten Profilsohle für sicheren Halt bei allen Bedingungen ausgestattet. Komplett mit Lammfell gefüttert und aus weichem Wildleder gefertigt, sorgt er in der kalten Jahreszeit für Wärme und Komfort. Ein Reißverschluss vorne macht ihn besonders praktisch – ideal für Stadt und Winterurlaub."
p7728-v9483-s,de_DE,MORJAS The Alpine Boot - Schwarzes Grain-Leder,"Der Alpine Boot wird in Spanien von Hand gefertigt und ist mit einem Storm-Welt und einer robusten Profilsohle für sicheren Halt bei allen Bedingungen ausgestattet. Komplett mit Lammfell gefüttert und aus genarbtem Leder gefertigt, sorgt er in der kalten Jahreszeit für Wärme und Komfort. Ein Reißverschluss vorne macht ihn besonders praktisch – ideal für Stadt und Winterurlaub."
p7727-v9482-s,de_DE,MORJAS The Alpine Boot - Braunes Grain-Leder,"Der Alpine Boot wird in Spanien von Hand gefertigt und ist mit einem Storm-Welt und einer robusten Profilsohle für sicheren Halt bei allen Bedingungen ausgestattet. Komplett mit Lammfell gefüttert und aus genarbtem Leder gefertigt, sorgt er in der kalten Jahreszeit für Wärme und Komfort. Ein Reißverschluss vorne macht ihn besonders praktisch – ideal für Stadt und Winterurlaub."
p7746-v9501-s,de_DE,MORJAS The Country Boot - Braunes Nubukleder & Braunes Grain-Leder,"Gefertigt aus Nubuk- und genarbtem Leder vereint der Country Boot einen modernen Look mit robuster Funktionalität. Rahmengenäht (Goodyear) und mit einer markanten Profilsohle ausgestattet, bietet er wetterbeständige Eigenschaften und vielseitigen Stil, für Stadt und Land gleichermaßen. Handgefertigt in Spanien."
p1687-v3215-s,de_DE,MORJAS The Monkey Boot - Schwarzes Grain-Leder,"Der Monkey Boot hat eine faszinierende Geschichte – von seinen Ursprüngen in der Tschechoslowakei bis hin zur militärischen Nutzung. In den 1960er-Jahren von britischen Mods übernommen, zeichnet er sich durch eine markante Schnürung bis zur Kappe aus. Handgefertigt in Spanien mit Stormwelt und profilierter Gummisohle, steht er für Charakter und Beständigkeit."
p7337-v9092-s,de_DE,MORJAS The Belt - Schwarzes Wildleder,"Ein 30-mm-Gürtel aus schwarzem Kalbswildleder mit einer sanft gerundeten Messingschnalle in mattem Gold. Der warme Beschlag hebt das dunkle Wildleder hervor und verleiht dem Gürtel einen eigenständigen Charakter, ohne an Vielseitigkeit einzubüßen. Handgefertigt in Spanien."
p7338-v9093-s,de_DE,MORJAS The Belt - Braunes Pony Hair,Aus Kalbsleder mit braunem Pony-Hair-Finish gefertigt. Mit silberfarbener Messingschließe und einfach zu kombinieren.
p7339-v9094-s,de_DE,MORJAS The Belt - Schwarzes Pony Hair,Aus Kalbsleder mit schwarzem Pony-Hair-Finish gefertigt. Mit silberfarbener Messingschließe und einfach zu kombinieren.
p2460-v4072-s,de_DE,MORJAS The Belt - Sandfarbenes Wildleder,"Ein 30-mm-Gürtel aus Kalbswildleder in einem weichen Sandton mit einer sanft gerundeten Messingschnalle in Gold. Eine helle, warme Kombination, die sich natürlich in Garderoben mit neutralen und erdigen Tönen einfügt. Handgefertigt in Spanien."
p2461-v4073-s,de_DE,MORJAS The Belt - Taupefarbenes Wildleder,Ein 30-mm-Gürtel aus Kalbswildleder in einem gedeckten Taupeton mit einer sanft gerundeten Messingschnalle in Gold. Die Wärme des Beschlags ergänzt die Neutralität des Wildleders und verleiht dem Gürtel eine ruhige Vielseitigkeit. Handgefertigt in Spanien.
p7763-v9531-s,de_DE,MORJAS The Belt - Gold Buckle - Schwarzes Wildleder Breit Geflochten,"Ein 30-mm-Gürtel, von Hand geflochten aus Kalbswildleder in einem breiteren, offeneren Flechtmuster, mit einer sanft gerundeten Messingschnalle in Vintage-Gold. Gefüttert, um Form und Struktur zu bewahren, verleiht die weichere Textur des Wildleders dem Geflecht einen eigenständigen, entspannten Charakter. Handgefertigt in Spanien."
p7764-v9532-s,de_DE,MORJAS The Belt - Braunes Wildleder Breit Geflochten,"Ein 30-mm-Gürtel, von Hand geflochten aus Kalbswildleder in einem breiteren, offeneren Flechtmuster, mit einer sanft gerundeten Messingschnalle in Vintage-Gold. Gefüttert, um Form und Struktur zu bewahren, verleiht das warme braune Wildleder dem Geflecht einen weichen, entspannten Charakter. Handgefertigt in Spanien."
p664-v2181-s,de_DE,MORJAS The Belt - Matte Gold Buckle - Schwarzes Grain-Leder,"Ein 30-mm-Gürtel aus vollnarbigem, genarbtem Leder mit einer sanft gerundeten Messingschnalle in mattem Gold. Die Textur der Narbe verleiht dem Gürtel einen zeitgemäßen Charakter, während der warme Beschlag einen ruhigen Akzent setzt. Handgefertigt in Spanien."
p665-v2182-s,de_DE,MORJAS The Belt - Matte Gold Buckle - Braunes Grain-Leder,"Ein 30-mm-Gürtel aus vollnarbigem, genarbtem Leder mit einer sanft gerundeten Messingschnalle in mattem Gold. Die natürliche Textur der Narbe ergänzt den warmen Braunton und verleiht dem Gürtel einen vielseitigen Charakter mit ruhiger Präsenz. Handgefertigt in Spanien."
p760-v2277-s,de_DE,MORJAS The Belt - Matte Gold Buckle - Braunes Wildleder,Ein 30-mm-Gürtel aus Kalbswildleder in einem tiefen Braunton mit einer sanft gerundeten Messingschnalle in mattem Gold. Die Wärme des Beschlags bringt die Tiefe des Wildleders zur Geltung – ein vielseitiger Gürtel mit ruhigem Charakter. Handgefertigt in Spanien.
p761-v2278-s,de_DE,MORJAS The Belt - Matte Gold Buckle - Mittelbraunes Wildleder,"Ein 30-mm-Gürtel aus Kalbswildleder in einem satten Mittelbraun mit einer sanft gerundeten Messingschnalle in mattem Gold. Eine natürliche Kombination, die sich mühelos zwischen legeren und gepflegteren Outfits bewegt. Handgefertigt in Spanien."
p762-v2279-s,de_DE,MORJAS The Belt - Matte Gold Buckle - Schwarzes Geflochtenes Leder,"Ein 30-mm-Gürtel, von Hand geflochten aus pflanzlich gegerbtem Vachettaleder, mit einer sanft gerundeten Messingschnalle in Vintage-Gold. Das ungefütterte Leder entwickelt mit der Zeit eine satte Patina und gewinnt mit jedem Tragen an Charakter. Handgefertigt in Spanien."
p763-v2280-s,de_DE,MORJAS The Belt - Matte Gold Buckle - Braunes Geflochtenes Leder,"Ein 30-mm-Gürtel, von Hand geflochten aus pflanzlich gegerbtem Vachettaleder, mit einer sanft gerundeten Messingschnalle in Vintage-Gold. Der warme Braunton vertieft sich mit der Zeit, während das ungefütterte Leder eine natürliche Patina entwickelt. Handgefertigt in Spanien."
p3126-v4807-s,de_DE,MORJAS Der Belt - Schwarzes Breit Geflochtenes Leder,"Ein 30-mm-Gürtel, von Hand geflochten aus pflanzlich gegerbtem Vachettaleder in einem breiteren, offeneren Flechtmuster, mit einer sanft gerundeten Messingschnalle in Vintage-Gold. Das lockere Muster verleiht dem Gürtel eine entspannte Ausstrahlung, während das ungefütterte Leder mit der Zeit eine satte Patina entwickelt. Handgefertigt in Spanien."
p3127-v4808-s,de_DE,MORJAS Der Belt - Braunes Breit Geflochtenes Leder,"Ein 30-mm-Gürtel, von Hand geflochten aus pflanzlich gegerbtem Vachettaleder in einem breiteren, offeneren Flechtmuster, mit einer sanft gerundeten Messingschnalle in Vintage-Gold. Der warme Braunton und das lockere Muster verleihen dem Gürtel einen entspannten Charakter, der sich mit der Zeit weiterentwickelt. Handgefertigt in Spanien."
p3418-v5100-s,de_DE,MORJAS The Belt - Matte Gold Buckle - Schwarzes Kalbsleder,"Ein 30-mm-Gürtel aus vollnarbigem Kalbsleder mit glatter Oberfläche und einer sanft gerundeten Messingschnalle in mattem Gold. Der Kontrast zwischen dunklem Leder und warmem Beschlag verleiht dem Gürtel eine ruhige Präsenz, die sich mühelos in formelle wie legere Outfits einfügt. Handgefertigt in Spanien."
p666-v2183-s,de_DE,MORJAS The Belt - Silver Buckle - Schwarzes Geprägtes Leder,"Ein 30-mm-Gürtel aus vollnarbigem Kalbsleder mit Kroko-Prägung und einer sanft gerundeten Messingschnalle in Silber. Die Textur verleiht dem dunklen Leder Tiefe, während der silberne Beschlag den Look klar und vielseitig hält. Handgefertigt in Spanien."
p757-v2274-s,de_DE,MORJAS The Belt - Silver Buckle - Schwarzes Kalbsleder,"Ein 30-mm-Gürtel aus vollnarbigem Kalbsleder mit glatter Oberfläche und einer sanft gerundeten Messingschnalle in Silber. Eine tonale Kombination, die zurückhaltend wirkt und sich sowohl zu Anzug als auch zu lässigeren Looks tragen lässt. Handgefertigt in Spanien."
p758-v2275-s,de_DE,MORJAS The Belt - Silver Buckle - Burgundy Kalbsleder,Ein 30-mm-Gürtel aus vollnarbigem Kalbsleder in einem tiefen Burgunderton mit einer sanft gerundeten Messingschnalle in Silber. Der kühlere Beschlag setzt einen präzisen Kontrast und lässt sich gut mit dunklen wie neutralen Tönen kombinieren. Handgefertigt in Spanien.
p759-v2276-s,de_DE,MORJAS The Belt - Silver Buckle - Braunes Kalbsleder,"Ein 30-mm-Gürtel aus vollnarbigem Kalbsleder mit warmem, glattem Finish und einer sanft gerundeten Messingschnalle in Silber. Der kühlere Beschlag setzt einen klaren Kontrast zum braunen Leder und verleiht dem Gürtel eine ruhige Vielseitigkeit. Handgefertigt in Spanien."
p3419-v5101-s,de_DE,MORJAS The Belt - Silver Buckle - Schwarzes Grain-Leder,"Ein 30-mm-Gürtel aus vollnarbigem, genarbtem Leder mit einer sanft gerundeten Messingschnalle in Silber. Die strukturierte Oberfläche in Verbindung mit dem kühleren Beschlag ergibt einen klaren, modernen Look, der sich mühelos in formelle wie legere Garderoben einfügt. Handgefertigt in Spanien."
p7765-v9533-s,de_DE,MORJAS The Belt - Mull Nubuck - Mull Nubukleder,Der Gürtel in Mull Nubuk wird in Spanien von Hand aus weichem Nubukleder gefertigt und mit pflanzlich gegerbtem Leder gefüttert. 25 mm Breite. Abgerundete Schnalle aus massivem Messing in Silber.
p7813-v9595-s,de_DE,MORJAS The Belt - Matte Gold Buckle - Schwarzes Geprägtes Leder,"Ein 30-mm-Gürtel aus vollnarbigem Kalbsleder mit Kroko-Prägung und einer sanft gerundeten Messingschnalle in mattem Gold. Die Textur des Leders verleiht dem Gürtel Präsenz, während der warme Beschlag das Gesamtbild ruhig zusammenhält. Handgefertigt in Spanien."
p7807-v9589-s,de_DE,MORJAS The Belt - Matte Gold Buckle - Braunes Kalbsleder,"Ein 30-mm-Gürtel aus vollnarbigem Kalbsleder mit warmem, glattem Finish und einer sanft gerundeten Messingschnalle in mattem Gold. Eine natürliche Kombination, die sich mühelos zwischen formellen und legeren Anlässen bewegt. Handgefertigt in Spanien."
p7806-v9588-s,de_DE,MORJAS The Belt - Matte Gold Buckle - Burgundy Kalbsleder,"Ein 30-mm-Gürtel aus vollnarbigem Kalbsleder in einem tiefen Burgunderton mit einer sanft gerundeten Messingschnalle in mattem Gold. Die Wärme des Beschlags bringt die Tiefe des Leders zur Geltung – mit Charakter, ohne Aufdringlichkeit. Handgefertigt in Spanien."
p7808-v9590-s,de_DE,MORJAS The Belt - Silver Buckle - Schwarzes Wildleder,"Ein 30-mm-Gürtel aus schwarzem Kalbswildleder mit einer sanft gerundeten Messingschnalle in Silber. Eine tonale, zurückhaltende Kombination, die sich mühelos in formelle wie legere Garderoben einfügt. Handgefertigt in Spanien."
p7809-v9591-s,de_DE,MORJAS The Belt - Silver Buckle - Braunes Wildleder,Ein 30-mm-Gürtel aus Kalbswildleder in einem tiefen Braunton mit einer sanft gerundeten Messingschnalle in Silber. Der kühlere Beschlag setzt einen klaren Kontrast und verleiht dem Gürtel einen sauberen Charakter – passend zu lässigen wie gepflegteren Looks. Handgefertigt in Spanien.
p7810-v9592-s,de_DE,MORJAS The Belt - Silver Buckle - Mittelbraunes Wildleder,Ein 30-mm-Gürtel aus Kalbswildleder in einem satten Mittelbraun mit einer sanft gerundeten Messingschnalle in Silber. Der kühlere Beschlag setzt einen klaren Kontrast zur Wärme des Wildleders und sorgt für eine ruhige Vielseitigkeit. Handgefertigt in Spanien.
p7811-v9593-s,de_DE,MORJAS The Belt - Silver Buckle - Sandfarbenes Wildleder,"Ein 30-mm-Gürtel aus Kalbswildleder in einem weichen Sandton mit einer sanft gerundeten Messingschnalle in Silber. Der kühlere Beschlag setzt einen klaren, entspannten Kontrast zur Wärme des Wildleders – passend zu legeren wie gepflegteren Outfits. Handgefertigt in Spanien."
p7812-v9594-s,de_DE,MORJAS The Belt - Silver Buckle - Taupefarbenes Wildleder,"Ein 30-mm-Gürtel aus Kalbswildleder in einem gedeckten Taupeton mit einer sanft gerundeten Messingschnalle in Silber. Eine zurückhaltende, tonale Kombination, die sich mühelos in eine breite Palette von Outfits und Farben einfügt. Handgefertigt in Spanien."
p7814-v9596-s,de_DE,MORJAS The Belt - Silver Buckle - Braunes Grain-Leder,"Ein 30-mm-Gürtel aus vollnarbigem, genarbtem Leder mit einer sanft gerundeten Messingschnalle in Silber. Der kühlere Beschlag setzt einen ausgewogenen Kontrast zum warmen, strukturierten Leder und sorgt für eine Vielseitigkeit, die zu einer breiten Palette von Outfits passt. Handgefertigt in Spanien."
p7759-v9527-s,de_DE,MORJAS The Card Holder - Trüffelgraues Geprägtes Leder,"Eine schlanke Kartenhülle für den täglichen Gebrauch, mit sechs Kartenfächern und einem Fach für Bargeld. Gefertigt aus geprägtem Kalbsleder in Trüffelgrau und mit handbemalten Kanten veredelt. Kompaktes Format, passt unauffällig in Jacken- oder Hosentaschen. Handgefertigt in Spanien, versehen mit eingeprägtem MORJAS-Logo in Goldfolie."
p7760-v9528-s,de_DE,MORJAS The Foldable Card Holder - Trüffelgraues Geprägtes Leder,"Eine kompakte, faltbare Kartenhülle für den täglichen Gebrauch, mit sechs Kartenfächern, zwei versteckten Fächern und einem Fach für Bargeld. Gefertigt aus geprägtem Kalbsleder in Trüffelgrau, handbemalte Kanten sorgen für klare Konturen und Haltbarkeit. Schlankes Format, passt flach in Jacken- oder Hosentaschen. Handgefertigt in Spanien, veredelt mit eingeprägtem MORJAS-Logo in Goldfolie."
p7761-v9529-s,de_DE,MORJAS The Luggage Tag - Trüffelgraues Geprägtes Leder,"Ein Leder-Gepäckanhänger, der auf Reisen für klare Identifikation sorgt. Gefertigt aus geprägtem Kalbsleder mit handbemalten Kanten für eine definierte Kontur, die ihre Form behält. Inklusive vorgedrucktem Papier für Kontaktinformationen. Schlankes Format, passt sicher an jedem Gepäckstück. Handgefertigt in Spanien und mit eingeprägtem MORJAS-Logo in Goldfolie veredelt."
p7762-v9530-s,de_DE,MORJAS The Passport Holder - Trüffelgraues Geprägtes Leder,"Eine Passhülle, die Reisedokumente sicher und kompakt aufbewahrt. Sie hält den Reisepass geschützt und verfügt über ein Innenfach für Bordkarten, Karten oder Notizen. Gefertigt aus geprägtem Kalbsleder in Trüffelgrau, bietet sie eine festere Struktur bei gleichzeitig schlankem Format. Passt problemlos ins Handgepäck oder in die Jackentasche. Handgefertigt in Ubrique, Spanien."
p2449-v4061-s,de_DE,MORJAS The Sleeve - Schwarzes Grain-Leder,"Sorgen Sie mit The Sleeve für den besten Schutz für Ihren Laptop. Die Laptoptasche wird handgefertigt aus weichem Narbenleder und ist mit feinen Nähten verziert. The Sleeve verfügt über zwei kleinere Innentaschen, in denen sich Kabel, Handy oder andere kleine Geräte verstauen lassen. Das Design ist so konstruiert, dass die Tasche erweiterbar ist, damit alle wichtigen Dinge hineinpassen. Das Narbenleder ist ideal für diesen alltäglichen Begleiter, der immer besser wird, je öfter man ihn benutzt.    Die Laptoptasche wird in Ubrique, Spanien, handgefertigt.    Passt für Laptops bis zu 14"".  Länge: 24,5cm  Breite: 34cm  Tiefe: 1,5cm"
p1697-v3225-s,de_DE,MORJAS Die Kulturtasche - Schwarzes Grain-Leder,"Eine einzigartige und zeitlose Version des unentbehrlichen Reiseutensils des modernen Reisenden - Die Kulturtasche. Ihr praktisches Design sorgt dafür, dass der Inhalt nicht herausfällt. Das Innere der Tasche ist großzügig bemessen und bietet Platz für alles, was man unterwegs gebrauchen könnte. Zusätzlich sorgt ein Steckfach auf der Innenseite dafür, dass kleinere, lose Gegenstände nicht zwischen Parfüm, Hautpflegeprodukten und allen anderen Dingen, die Sie in der Tasche aufbewahren, verschwinden. Die Toilettentasche ist innen mit Nylon ausgeschmückt und ist damit ein pflegeleichtes Muss für alle, die viel unterwegs sind. Das weiche Narbenleder altert anmutig und entwickelt nach liebevollem Gebrauch eine schöne Patina.    Die Kulturtasche wird in Ubrique, Spanien, handgefertigt."
p1693-v3221-s,de_DE,MORJAS Das Portemonnaie - Schwarzes Grain-Leder,"Das gefaltete Portemonnaie aus braunem Narbenleder wurde entwickelt, um alles Wesentliche aufzubewahren und bietet ein elegantes, dezentes Design mit zwei Fächern für Geldscheine, die sich über die gesamte Breite erstrecken sowie sechs Kartenfächern. Das geschmeidige Narbenleder verleiht dem Portemonnaie einen sanften Touch. Die Lederqualität garantiert, dass das Portemonnaie in Würde altert und eine schöne Patina entwickelt, während es Sie in Ihrem Alltag begleitet.   Das Portemonnaie wird in Ubrique, Spanien, handgefertigt."
p1694-v3222-s,de_DE,MORJAS Das Portemonnaie - Braunes Grain-Leder,"Das gefaltete Portemonnaie aus braunem Narbenleder wurde entwickelt, um alles Wesentliche aufzubewahren und bietet ein elegantes, dezentes Design mit zwei Fächern für Geldscheine, die sich über die gesamte Breite erstrecken sowie sechs Kartenfächern. Das geschmeidige Narbenleder verleiht dem Portemonnaie einen sanften Touch. Die Lederqualität garantiert, dass das Portemonnaie in Würde altert und eine schöne Patina entwickelt, während es Sie in Ihrem Alltag begleitet.   Das Portemonnaie wird in Ubrique, Spanien, handgefertigt."
p3121-v4802-s,de_DE,MORJAS Die Silk Sock - Schwarz – Kniehoch,"Erleben Sie weichen Komfort und einen transparenten Look mit die Silk Sock. Sie ist ein Muss für festliche Anlässe, bei denen Smoking und Cocktailkleider reichlich vertreten sind. Der transparente Look der Silk Sock sorgt für einen dezenten und dennoch elegantes Aussehen, der perfekt mit dem glänzenden Gefühl eines Seidenrevers und Satinstreifen neben der Smokinghose passt. Die dünne Konstruktion und die Verwendung von chinesischer Maulbeerseide sorgen für ultimativen Komfort, wenn Sie Ihre Füße in ein Paar Opera Pumps oder Patent-Oxfords schlüpfen."
p1471-v2988-s,de_DE,MORJAS The Sock - Knee High - Schwarz Gerippt – Kniehoch,"Aus 100 % mercerisierter Baumwolle gestrickt, bietet The Sock — Knee High eine seidige Textur mit einem satten, lebendigen Finish. Eine nahtlose Zehenkonstruktion sorgt für ganztägigen Komfort, während das gerippte Design eine elegante, sportliche Note verleiht, die jedes Outfit ergänzt."
p1472-v2989-s,de_DE,MORJAS The Sock - Knee High - Dunkelblau Gerippt – Kniehoch,"Aus 100 % mercerisierter Baumwolle gestrickt, bietet The Sock — Knee High eine seidige Textur mit einem satten, lebendigen Finish. Eine nahtlose Zehenkonstruktion sorgt für ganztägigen Komfort, während das gerippte Design eine elegante, sportliche Note verleiht, die jedes Outfit ergänzt."
p1473-v2990-s,de_DE,MORJAS The Sock - Knee High - Braun Gerippt – Kniehoch,"Aus 100 % mercerisierter Baumwolle gestrickt, bietet The Sock — Knee High eine seidige Textur mit einem satten, lebendigen Finish. Eine nahtlose Zehenkonstruktion sorgt für ganztägigen Komfort, während das gerippte Design eine elegante, sportliche Note verleiht, die jedes Outfit ergänzt."
p1474-v2991-s,de_DE,MORJAS The Sock - Knee High - Dunkelgrau Gerippt - Kniehoch,"Aus 100 % mercerisierter Baumwolle gestrickt, bietet The Sock — Knee High eine seidige Textur mit einem satten, lebendigen Finish. Eine nahtlose Zehenkonstruktion sorgt für ganztägigen Komfort, während das gerippte Design eine elegante, sportliche Note verleiht, die jedes Outfit ergänzt."
p1475-v2992-s,de_DE,MORJAS The Sock - Knee High - Grau Gerippt – Kniehoch,"Aus 100 % mercerisierter Baumwolle gestrickt, bietet The Sock — Knee High eine seidige Textur mit einem satten, lebendigen Finish. Eine nahtlose Zehenkonstruktion sorgt für ganztägigen Komfort, während das gerippte Design eine elegante, sportliche Note verleiht, die jedes Outfit ergänzt."
p1621-v3138-s,de_DE,MORJAS The Sock - Knee High - Sand Gerippt – Kniehoch,"Aus 100 % mercerisierter Baumwolle gestrickt, bietet The Sock — Knee High eine seidige Textur mit einem satten, lebendigen Finish. Eine nahtlose Zehenkonstruktion sorgt für ganztägigen Komfort, während das gerippte Design eine elegante, sportliche Note verleiht, die jedes Outfit ergänzt."
p3694-v5449-s,de_DE,MORJAS The Sock - Knee High - Hellblau Gerippt – Kniehoch,"Aus 100 % mercerisierter Baumwolle gestrickt, bietet The Sock — Knee High eine seidige Textur mit einem satten, lebendigen Finish. Eine nahtlose Zehenkonstruktion sorgt für ganztägigen Komfort, während das gerippte Design eine elegante, sportliche Note verleiht, die jedes Outfit ergänzt."
p76-v1593-s,de_DE,MORJAS Die Socke - Mittellang - Dunkelblau Gerippt – Mittellang,"Die Socke Mid Calf wird aus merzerisierter Baumwolle und Polyamid gestrickt und bietet ein seidiges, elegantes Finish, das den ganzen Tag angenehm am Bein sitzt. Die nahtlose Zehenkonstruktion sorgt für eine glatte Passform, während das gerippte Design mühelos zu allem passt – von Sneakers bis zu Oxfords."
p1700-v3228-s,de_DE,MORJAS Die Socke - Mittellang - Dunkelgrau Gerippt – Mittellang,"Die Socke Mid Calf wird aus merzerisierter Baumwolle und Polyamid gestrickt und bietet ein seidiges, elegantes Finish, das den ganzen Tag angenehm am Bein sitzt. Die nahtlose Zehenkonstruktion sorgt für eine glatte Passform, während das gerippte Design mühelos zu allem passt – von Sneakers bis zu Oxfords."
p1701-v3229-s,de_DE,MORJAS Die Socke - Mittellang - Grau Gerippt – Mittellang,"Die Socke Mid Calf wird aus merzerisierter Baumwolle und Polyamid gestrickt und bietet ein seidiges, elegantes Finish, das den ganzen Tag angenehm am Bein sitzt. Die nahtlose Zehenkonstruktion sorgt für eine glatte Passform, während das gerippte Design mühelos zu allem passt – von Sneakers bis zu Oxfords."
p75-v1592-s,de_DE,MORJAS Die Socke - Mittellang - Schwarz Gerippt – Mittellang,"Die Socke Mid Calf wird aus merzerisierter Baumwolle und Polyamid gestrickt und bietet ein seidiges, elegantes Finish, das den ganzen Tag angenehm am Bein sitzt. Die nahtlose Zehenkonstruktion sorgt für eine glatte Passform, während das gerippte Design mühelos zu allem passt – von Sneakers bis zu Oxfords."
p1702-v3230-s,de_DE,MORJAS Die Socke - Mittellang - Mittelbraun Gerippt – Mittellang,"Die Socke Mid Calf wird aus merzerisierter Baumwolle und Polyamid gestrickt und bietet ein seidiges, elegantes Finish, das den ganzen Tag angenehm am Bein sitzt. Die nahtlose Zehenkonstruktion sorgt für eine glatte Passform, während das gerippte Design mühelos zu allem passt – von Sneakers bis zu Oxfords."
p1703-v3231-s,de_DE,MORJAS Die Socke - Mittellang - Sand Gerippt – Mittellang,"Die Socke Mid Calf wird aus merzerisierter Baumwolle und Polyamid gestrickt und bietet ein seidiges, elegantes Finish, das den ganzen Tag angenehm am Bein sitzt. Die nahtlose Zehenkonstruktion sorgt für eine glatte Passform, während das gerippte Design mühelos zu allem passt – von Sneakers bis zu Oxfords."
p3693-v5448-s,de_DE,MORJAS The Sock - Mid Calf - Off-Weiß Gerippt – Mittellang,"Die Socke Mid Calf wird aus merzerisierter Baumwolle und Polyamid gestrickt und bietet ein seidiges, elegantes Finish, das den ganzen Tag angenehm am Bein sitzt. Die nahtlose Zehenkonstruktion sorgt für eine glatte Passform, während das gerippte Design mühelos zu allem passt – von Sneakers bis zu Oxfords."
p3115-v4796-s,de_DE,MORJAS The Wool Sock - Navy - Dunkelblau Gerippt – Mittellang,"The Wool Sock hat eine mittlere Wadenlänge und besteht aus einer Mischung aus Wolle, Kaschmir und Polyamid für ein warmes und angenehmes Gefühl. Sie bleibt den ganzen Tag an der Wade ohne zu rutschen. Die Kaschmirmischung fühlt sich unglaublich weich an und macht die Socken gleichzeitig so strapazierfähig, dass sie sich selbst für den längsten Winterspaziergang hervorragend eignen."
p3116-v4797-s,de_DE,MORJAS The Wool Sock - Mittelbraun Gerippt – Mittellang,"The Wool Sock hat eine mittlere Wadenlänge und besteht aus einer Mischung aus Wolle, Kaschmir und Polyamid für ein warmes und angenehmes Gefühl. Sie bleibt den ganzen Tag an der Wade ohne zu rutschen. Die Kaschmirmischung fühlt sich unglaublich weich an und macht die Socken gleichzeitig so strapazierfähig, dass sie sich selbst für den längsten Winterspaziergang hervorragend eignen."
p3117-v4798-s,de_DE,MORJAS The Wool Sock - Ecru Gerippt – Mittellang,"The Wool Sock hat eine mittlere Wadenlänge und besteht aus einer Mischung aus Wolle, Kaschmir und Polyamid für ein warmes und angenehmes Gefühl. Sie bleibt den ganzen Tag an der Wade ohne zu rutschen. Die Kaschmirmischung fühlt sich unglaublich weich an und macht die Socken gleichzeitig so strapazierfähig, dass sie sich selbst für den längsten Winterspaziergang hervorragend eignen."
p3668-v5423-s,de_DE,MORJAS The Ballet Flat - Rubber Sole - Schwarzes Nappaleder,"Mit einem dezenten Absatz und einer geschwungenen Linienführung gestaltet, die den Fuß elegant umrahmt. Handgefertigt in Spanien aus weichem Nappaleder."
p3665-v5420-s,de_DE,MORJAS The Ballet Flat - Leather Sole - Graubeiges Wildleder,"Mit einem dezenten Absatz und einer geschwungenen Linienführung gestaltet, die den Fuß elegant umrahmt. Handgefertigt in Spanien aus weichem Nappa-Wildleder."
p3666-v5421-s,de_DE,MORJAS The Ballet Flat - Leather Sole - Elfenbein Nappaleder,"Mit einem dezenten Absatz und einer geschwungenen Linienführung gestaltet, die den Fuß elegant umrahmt. Handgefertigt in Spanien aus geschmeidigem Nappaleder."
p3667-v5422-s,de_DE,MORJAS The Ballet Flat - Rubber Sole - Braunes Nappaleder,"Mit einem dezenten Absatz und einer geschwungenen Linienführung gestaltet, die den Fuß elegant umrahmt. Handgefertigt in Spanien aus weichem Nappaleder."
p7716-v9471-s,de_DE,MORJAS The Ballet Flat - Rubber Sole - Schwarzes Wildleder,"Mit einem dezenten Absatz und einer geschwungenen Linienführung gestaltet, die den Fuß elegant umrahmt.  Handgefertigt in Spanien aus weichem Nappa-Wildleder."
p7823-v9607-s,de_DE,MORJAS The Ballet Flat - Leather Sole - Schwarzes Wildleder,"Mit einem dezenten Absatz und einer geschwungenen Linienführung gestaltet, die den Fuß elegant umrahmt. Handgefertigt in Spanien aus weichem Nappa-Wildleder."
p7822-v9606-s,de_DE,MORJAS The Ballet Flat - Leather Sole - Schwarzes Nappaleder,"Mit einem dezenten Absatz und einer geschwungenen Linienführung gestaltet, die den Fuß elegant umrahmt. Handgefertigt in Spanien aus weichem Nappaleder."
p7800-v9582-s,de_DE,MORJAS The Soft Moc - Braunes Grain-Leder,"Ungefüttert für ein besonders weiches und leichtes Tragegefühl. Gefertigt aus braunem genarbtem leder mit handgenähter Mokassinnaht. Handgefertigt in Italien, mit Gummisohle."
p7799-v9581-s,de_DE,MORJAS The Soft Moc - Schwarzes Grain-Leder,"Ungefüttert für ein besonders weiches und leichtes Tragegefühl. Gefertigt aus schwarzem genarbtem leder mit handgenähter Mokassinnaht. Handgefertigt in Italien, mit Gummisohle."
p7801-v9583-s,de_DE,MORJAS The Soft Moc - Braunes Wildleder,"Ungefüttert für ein besonders weiches und leichtes Tragegefühl. Gefertigt aus braunem Kalbswildleder mit handgenähter Mokassinnaht. Handgefertigt in Italien, mit Gummisohle."
p3672-v5427-s,de_DE,MORJAS The Penny Loafer - Schwarzes Kalbsleder,"Entworfen mit einer schlanken Silhouette und einem leicht erhöhten Absatz. In Spanien handgefertigt mit Blake-Naht-Konstruktion, entworfen für Komfort, Langlebigkeit und stilvollen Auftritt."
p7718-v9473-s,de_DE,MORJAS The Penny Loafer - Braunes Wildleder,"Entworfen mit einer schlanken Silhouette und einem leicht erhöhten Absatz. In Spanien handgefertigt mit Blake-Naht-Konstruktion, entworfen für Komfort, Langlebigkeit und stilvollen Auftritt."
p3673-v5428-s,de_DE,MORJAS The Penny Loafer - Burgundy Kalbsleder,"Entworfen mit einer schlanken Silhouette und einem leicht erhöhten Absatz. In Spanien handgefertigt mit Blake-Naht-Konstruktion, entworfen für Komfort, Langlebigkeit und stilvollen Auftritt."
p3674-v5429-s,de_DE,MORJAS The Penny Loafer - Elfenbein Kalbsleder,"Entworfen mit einer schlanken Silhouette und einem leicht erhöhten Absatz. In Spanien handgefertigt mit Blake-Naht-Konstruktion, entworfen für Komfort, Langlebigkeit und stilvollen Auftritt."
p7717-v9472-s,de_DE,MORJAS The Penny Loafer - Schwarzes Wildleder,"Entworfen mit einer schlanken Silhouette und einem leicht erhöhten Absatz. In Spanien handgefertigt mit Blake-Naht-Konstruktion, entworfen für Komfort, Langlebigkeit und stilvollen Auftritt."
p3703-v5458-s,de_DE,MORJAS The Paloma Sandal - Schwarzes Nappaleder,"Mit einem dezenten Absatz und schmalen Riemen entworfen, die die elegante Silhouette betonen. Die weiche, gepolsterte Innensohle sorgt für angenehmen Komfort. Gefertigt aus geschmeidigem Nappaleder in Spanien."
p3702-v5457-s,de_DE,MORJAS The Paloma Sandal - Hellbraunes Nappaleder,"Mit einem dezenten Absatz und schmalen Riemen entworfen, die die elegante Silhouette betonen. Die weiche, gepolsterte Innensohle sorgt für angenehmen Komfort. Gefertigt aus geschmeidigem Nappaleder in Spanien."
p3704-v5459-s,de_DE,MORJAS The Paloma Sandal - Braunes Nappaleder,"Mit einem dezenten Absatz und schmalen Riemen entworfen, die die elegante Silhouette betonen. Die weiche, gepolsterte Innensohle sorgt für angenehmen Komfort. Gefertigt aus geschmeidigem Nappaleder in Spanien."
p7788-v9570-s,de_DE,MORJAS The Paloma Sandal - Taupefarbenes Grain-Leder,"Gestaltet mit einem dezenten Absatz und schmalen Riemen, die den Fuß umschließen. Das weiche, gepolsterte Fußbett sorgt für angenehmen Komfort. Von Hand gefertigt in Spanien aus genarbtem Leder."
p7722-v9477-s,de_DE,MORJAS The Ankle Boot - Schwarzes Nappaleder,"Gefertigt aus weichem Nappaleder. Der Schaft umspielt den Knöchel, und der 75 mm hohe Blockabsatz sorgt für eine moderne, elegante Linie."
p7723-v9478-s,de_DE,MORJAS The Ankle Boot - Braunes Nappaleder,"Gefertigt aus weichem Nappaleder. Der Schaft umspielt den Knöchel, und der 75 mm hohe Blockabsatz sorgt für eine moderne, elegante Linie."
p7724-v9479-s,de_DE,MORJAS The Ankle Boot - Schwarzes Wildleder,"Gefertigt mit einem schlanken Schaft, der den Knöchel umspielt, und auf einem 75 mm hohen Blockabsatz für eine moderne, elegante Silhouette. Handgefertigt in Spanien aus weichem Ziegenwildleder."
p7725-v9480-s,de_DE,MORJAS The Ankle Boot - Braunes Wildleder,"Gefertigt mit einem schlanken Schaft, der den Knöchel umspielt, und auf einem 75 mm hohen Blockabsatz für eine moderne, elegante Silhouette. Handgefertigt in Spanien aus weichem Ziegenwildleder."
p7794-v9576-s,de_DE,MORJAS The Stiletto Boot - Schwarzes Nappaleder,"Eine Stiefelette mit Spitze in Nappaleder mit handgenähter Naht entlang des Schafts. Handgefertigt in Spanien, auf 70 mm Absatz mit Gummisohle und gepolsterter Innensohle für Komfort."
p7795-v9577-s,de_DE,MORJAS The Stiletto Boot - Trüffelbraunes Wildleder,"Eine Stiefelette mit Spitze in Wildleder mit handgenähter Naht entlang des Schafts. Handgefertigt in Spanien, auf 70 mm Absatz mit Gummisohle und gepolsterter Innensohle für Komfort."
p3697-v5452-s,de_DE,MORJAS The Espadrille - Taupefarbenes Wildleder,"Gefertigt mit einer dezenten Silhouette und leicht erhöhter Jutesohle für einen mühelos sommerlichen Look. In Spanien handgefertigt nach traditionellen Techniken, die jedem Paar einen individuellen Charakter verleihen."
p3698-v5453-s,de_DE,MORJAS The Espadrille - Beiges ,"Gefertigt mit einer dezenten Silhouette und leicht erhöhter Jutesohle für einen mühelos sommerlichen Look. In Spanien handgefertigt nach traditionellen Techniken, die jedem Paar einen individuellen Charakter verleihen."
p3699-v5454-s,de_DE,MORJAS The Espadrille - Schwarzes Wildleder,"Gefertigt mit einer dezenten Silhouette und leicht erhöhter Jutesohle für einen mühelos sommerlichen Look. In Spanien handgefertigt nach traditionellen Techniken, die jedem Paar einen individuellen Charakter verleihen."
p7790-v9572-s,de_DE,MORJAS The Boat Shoe - Braunes Wildleder,"Ungefüttert für ein besonders weiches und leichtes Tragegefühl. Gefertigt aus braunem Kalbswildleder in Mokassinkonstruktion. Handgefertigt in Italien, mit Gummisohle."
p7789-v9571-s,de_DE,MORJAS The Boat Shoe - Schwarzes Grain-Leder,"Ungefüttert für ein besonders weiches und leichtes Tragegefühl. Gefertigt aus schwarzem genarbtem Leder in Mokassinkonstruktion. Handgefertigt in Italien, mit Gummisohle."
p3701-v5456-s,de_DE,MORJAS The Boat Shoe - Sandfarbenes Wildleder,"Ungefüttert für ein besonders weiches und leichtes Tragegefühl. Gefertigt aus braunem Kalbswildleder in Mokassinkonstruktion. Handgefertigt in Italien, mit Gummisohle."
p3700-v5455-s,de_DE,MORJAS The Boat Shoe - Weißes Grain-Leder,"Ungefüttert für ein besonders weiches und leichtes Tragegefühl. Gefertigt aus weißem genarbtem Leder in Mokassinkonstruktion. Handgefertigt in Italien, mit Gummisohle."
p7820-v9602-s,de_DE,MORJAS The Flat Slingback - Schwarzes Geprägtes Leder,"Gestaltet mit einer leicht quadratischen Spitze und einem niedrigen Absatz, gehalten von einem verstellbaren Slingback-Riemen mit silberfarbener Schließe. Die gepolsterte Innensohle und das weiche Nappafutter sorgen für mühelosen Tragekomfort vom Morgen bis zum Abend. Handgefertigt in Spanien aus Kalbsleder in Krokoprägung."
p7791-v9573-s,de_DE,MORJAS The Slingback - Elfenbein Nappaleder,"Ein eleganter Slingback mit spitzer Zehenform, entworfen für ganztägigen Komfort. Der schmale 6,5 cm Absatz sorgt für einen angenehmen, stilvollen Auftritt, während die offene Ferse und der feine Riemen die elegante Silhouette betonen. Handgefertigt aus weichem Nappaleder."
p3671-v5426-s,de_DE,MORJAS The Slingback - Schwarzes Nappaleder,"Ein eleganter Slingback mit spitzer Zehenform, entworfen für ganztägigen Komfort. Der schmale 6,5 cm Absatz sorgt für einen angenehmen, stilvollen Auftritt, während die offene Ferse und der feine Riemen die elegante Silhouette betonen. Handgefertigt aus weichem Nappaleder."
p3669-v5424-s,de_DE,MORJAS The Slingback - Taupefarbenes Wildleder,"Ein eleganter Slingback mit spitzer Zehenform, entworfen für ganztägigen Komfort. Der schmale 6,5 cm Absatz sorgt für einen angenehmen, stilvollen Auftritt, während die offene Ferse und der feine Riemen die elegante Silhouette betonen. Handgefertigt aus weichem Nappa-Wildleder."
p7749-v9507-s,de_DE,MORJAS The City Boot - Schwarzes Kalbsleder,"Ein Ankle Boot zum Hineinschlüpfen mit knöchelhohem Schaft und Zuglaschen an beiden Seiten. Handgefertigt in Spanien aus glattem Kalbsleder, vollständig mit Leder gefüttert und mit einer gepolsterten Innensohle für hohen Tragekomfort."
p7750-v9508-s,de_DE,MORJAS The City Boot - Braunes Kalbsleder,"Ein Ankle Boot zum Hineinschlüpfen mit knöchelhohem Schaft und Zuglaschen an beiden Seiten. Handgefertigt in Spanien aus glattem Kalbsleder, vollständig mit Leder gefüttert und mit einer gepolsterten Innensohle für hohen Tragekomfort."
p7793-v9575-s,de_DE,MORJAS The d'Orsay Pump - Braunes Nappaleder,"Ein d’Orsay-Pump aus braunem Lammnappa mit handgenähter Faltenkappe. Handgefertigt in Spanien, mit verstellbarem Knöchelriemchen und silberner Schließe auf 75 mm Absatz. Gefüttert in Lammnappa, Ledersohle und gepolstertes Fußbett für Komfort."
p7792-v9574-s,de_DE,MORJAS The d'Orsay Pump - Schwarzes Nappaleder,"Ein d’Orsay-Pump aus schwarzem Lammnappa mit handgenähter Faltenkappe. Handgefertigt in Spanien, mit verstellbarem Knöchelriemchen und silberner Schließe auf 75 mm Absatz. Gefüttert in Lammnappa, Ledersohle und gepolstertes Fußbett für Komfort."
p7748-v9506-s,de_DE,MORJAS The Riding Boot - Schwarzes Kalbsleder,"Eine elegante, hoch geschnittene Silhouette, inspiriert von der Reittradition. Gefertigt mit einem Schaft, der knapp unter dem Knie endet, und einer Ledersohle mit dezent integrierter Gummieinlage für besseren Halt. Handgefertigt in Spanien aus weichem Kalbsleder und mit Lammnappa gefüttert, für ein angenehmes, passgenaues Tragegefühl."
p7818-v9600-s,de_DE,MORJAS The Sandalette - Braunes Nappaleder,"Gestaltet mit feinen, sich kreuzenden Riemen und einem skulptierten 65-mm-Absatz, der den Fuß umrahmt. Ein verstellbarer Knöchelriemen und eine polierte silberfarbene Schließe vollenden das Bild, während das gepolsterte Fußbett zusätzlichen Komfort bietet. Handgefertigt in Spanien aus geschmeidigem Lammnappa."
p7819-v9601-s,de_DE,MORJAS The Sandalette - Schwarzes Nappaleder,"Gestaltet mit feinen, sich kreuzenden Riemen und einem skulptierten 65-mm-Absatz, der den Fuß umrahmt. Ein verstellbarer Knöchelriemen und eine polierte silberfarbene Schließe vollenden das Bild, während das gepolsterte Fußbett zusätzlichen Komfort bietet. Handgefertigt in Spanien aus geschmeidigem Lammnappa."
p7817-v9599-s,de_DE,MORJAS The Sandalette - Elfenbein Nappaleder,"Gestaltet mit feinen, sich kreuzenden Riemen und einem skulptierten 65-mm-Absatz, der den Fuß umrahmt. Ein verstellbarer Knöchelriemen und eine polierte silberfarbene Schließe vollenden das Bild, während das gepolsterte Fußbett zusätzlichen Komfort bietet. Handgefertigt in Spanien aus geschmeidigem Lammnappa."
p7816-v9598-s,de_DE,MORJAS The Verona Sandal - Schwarzes Nappaleder,"Gestaltet mit einem breiten Lederband und einem Zehenriemen, die den Fuß umrahmen und für eine reduzierte Silhouette sorgen. Das weiche, gepolsterte Fußbett bietet dezenten Komfort. Veredelt mit einer handgenähten Kante und handgefertigt in Spanien."
p7815-v9597-s,de_DE,MORJAS The Verona Sandal - Braunes Wildleder,"Gestaltet mit einem breiten Lederband und einem Zehenriemen, die den Fuß umrahmen und für eine reduzierte Silhouette sorgen. Das weiche, gepolsterte Fußbett bietet dezenten Komfort. Veredelt mit einer handgenähten Kante und handgefertigt in Spanien."
p7721-v9476-s,de_DE,MORJAS The Pump - Schwarzes Nappaleder,"Gefertigt aus weichem Lammnappa. Die spitz zulaufende Form und der 75 mm hohe Stiletto-Absatz verleihen dem Schuh eine elegante, feine Linie."
p7719-v9474-s,de_DE,MORJAS The Pump - Braunes Wildleder,Gefertigt aus weichem Ziegenwildleder mit feinem Lammnappa-Futter. Die spitz zulaufende Form und der Stiletto-Absatz von 75 mm unterstreichen die elegante Linie des Schuhs.
p7720-v9475-s,de_DE,MORJAS The Pump - Karamell Nappaleder,"Gefertigt aus weichem Lammnappa. Die spitz zulaufende Form und der 75 mm hohe Stiletto-Absatz verleihen dem Schuh eine elegante, feine Linie."
p7752-v9510-s,de_DE,MORJAS The Sock - Schwarz,"Fein gestrickte Socke in mittlerer Länge mit glatter Oberfläche. In Braun, Schwarz oder Weiß erhältlich und entworfen, um dem Look eine dezente, verspielte Note zu verleihen. Gefertigt in Portugal aus einer weichen Baumwollmischung mit nahtloser Konstruktion für langanhaltenden Komfort."
p3954-v5709-s,de_DE,MORJAS The Sock - Off-Weiß,"Fein gestrickte Socke in mittlerer Länge mit glatter Oberfläche. In Braun, Schwarz oder Weiß erhältlich und entworfen, um dem Look eine dezente, verspielte Note zu verleihen. Gefertigt in Portugal aus einer weichen Baumwollmischung mit nahtloser Konstruktion für langanhaltenden Komfort."
p7751-v9509-s,de_DE,MORJAS The Sock - Braun,"Fein gestrickte Socke in mittlerer Länge mit glatter Oberfläche. In Braun, Schwarz oder Weiß erhältlich und entworfen, um dem Look eine dezente, verspielte Note zu verleihen. Gefertigt in Portugal aus einer weichen Baumwollmischung mit nahtloser Konstruktion für langanhaltenden Komfort."
p7740-v9495-s,de_DE,MORJAS The Belt 20mm - Schwarzes Nappaleder,"Ein schmaler Gürtel mit dezentem Charakter, der subtile Akzente setzt. Handgefertigt in Spanien aus Nappaleder mit massiver Messingschließe in silbernem Finish."
p7798-v9580-s,de_DE,MORJAS The Belt 20mm - Hellbraunes Grain-Leder,"Ein schmaler Gürtel mit dezentem Charakter, der subtile Akzente setzt. Handgefertigt in Spanien aus Nappaleder mit massiver Messingschließe in silbernem Finish."
p7797-v9579-s,de_DE,MORJAS The Belt 20mm - Elfenbein Nappaleder,"Ein schmaler, dezenter Gürtel für eine zurückhaltende Akzentuierung. Von Hand gefertigt in Spanien aus genarbtem Leder, mit einer Schnalle aus massivem Messing in silberner Ausführung."
p7742-v9497-s,de_DE,MORJAS The Belt 40mm - Schwarzes Nappaleder,"Ein vielseitiger Gürtel, der sowohl zu Hosen als auch über Schichten getragen werden kann. Handgefertigt in Spanien aus Nappaleder mit feiner Maserung und massiver Messingschließe in silbernem Finish."
p7741-v9496-s,de_DE,MORJAS The Belt 40mm - Braunes Nappaleder,"Ein vielseitiger Gürtel, der sowohl zu Hosen als auch über Schichten getragen werden kann. Handgefertigt in Spanien aus Nappaleder mit feiner Maserung und massiver Messingschließe in silbernem Finish."
p7743-v9498-s,de_DE,MORJAS The Belt 50mm - Schwarzes Wildleder,"Ein markanter Gürtel, der Mäntel, Hosen oder Kleider elegant akzentuiert. Handgefertigt in Spanien aus Wildleder mit massiver Messingschließe in silbernem Finish."
p7744-v9499-s,de_DE,MORJAS The Belt 50mm - Braunes Wildleder,"Ein markanter Gürtel, der Mäntel, Hosen oder Kleider elegant akzentuiert. Handgefertigt in Spanien aus Wildleder mit massiver Messingschließe in silbernem Finish."
p7796-v9578-s,de_DE,MORJAS The Ballet Flat - Rubber Sole - Rubinrotes Nappaleder,"Mit einem dezenten Absatz und einer geschwungenen Linienführung gestaltet, die den Fuß elegant umrahmt. Handgefertigt in Spanien aus weichem Nappaleder."
p7821-v9605-s,de_DE,MORJAS The Ballet Flat - Leather Sole - Braunes Nappaleder,"Mit einem dezenten Absatz und einer geschwungenen Linienführung gestaltet, die den Fuß elegant umrahmt. Handgefertigt in Spanien aus weichem Nappaleder."
p3670-v5425-s,de_DE,MORJAS The Slingback - Taubenblaues Wildleder,"Ein eleganter Slingback mit spitzer Zehenform, entworfen für ganztägigen Komfort. Der schmale 6,5 cm Absatz sorgt für einen angenehmen, stilvollen Auftritt, während die offene Ferse und der feine Riemen die elegante Silhouette betonen. Handgefertigt aus weichem Nappa-Wildleder."
p7753-v9511-s,de_DE,MORJAS The Chalet Boot - Braunes Pony Hair,"Gefertigt mit einer Moc‑Toe-Naht und einer robusten Gummisohle für sicheren Auftritt. Handgefertigt in Spanien aus Kalbsleder mit Haar und mit echtem Lammfell gefüttert, für natürliche Wärme und angenehmen Tragekomfort."
p3953-v9504-s,de_DE,MORJAS The Chalet Boot - Braunes Kalbsleder,"Gefertigt mit einer Moc‑Toe-Naht und einer robusten Gummisohle für sicheren Auftritt. Handgefertigt in Spanien aus glattem Kalbsleder und mit echtem Lammfell gefüttert, für natürliche Wärme und angenehmen Tragekomfort."
p3952-v9503-s,de_DE,MORJAS The Chalet Boot - Schwarzes Kalbsleder,"Gefertigt mit einer Moc‑Toe-Naht und einer robusten Gummisohle für sicheren Auftritt. Handgefertigt in Spanien aus glattem Kalbsleder und mit echtem Lammfell gefüttert, für natürliche Wärme und angenehmen Tragekomfort."
