id,title,description,availability,condition,price,link,image_link,additional_image_link,brand,google_product_category,product_type,item_group_id,gender,age_group,color,material,mpn
p7825-v9609-s,MORJAS The Ivy Loafer - Rubber Sole - Black Suede,"The Ivy Loafer is inspired by old-school Ivy style. Its slightly boxier shape and relaxed profile set it apart from our flagship Penny Loafer, giving it a sporty, enduring silhouette. A shorter vamp and 360-degree welt reinforce the collegiate influences at the heart of its design.",in stock,new,3700 SEK,https://www.morjas.com/product/the-ivy-loafer-rubber-sole-black-suede,https://morjas.centracdn.net/client/dynamic/originals/7825_3905cf3f65-morjas-the-ivy-loafer-loafer-black-suede-kopia-original.jpg,"https://morjas.centracdn.net/client/dynamic/originals/7825_dff66b901e-the-ivy-loafer-black-suede-5-original.jpg,https://morjas.centracdn.net/client/dynamic/originals/7825_35662894bd-morjas-the-ivy-loafer-loafer-black-suede-1-original.jpg,https://morjas.centracdn.net/client/dynamic/originals/7825_2a9fb2cdfb-morjas-the-ivy-loafer-loafer-black-suede-wear2-original.jpg,https://morjas.centracdn.net/client/dynamic/originals/7825_6169f2eeb4-morjas-the-ivy-loafer-loafer-black-suede-4-original.jpg,https://morjas.centracdn.net/client/dynamic/originals/7825_8251216e11-morjas-the-ivy-loafer-loafer-black-suede-3-original.jpg",MORJAS,Apparel & Accessories > Shoes,Ivy Loafers,p7825,male,adult,Black,Suede,2007061010
p764-v2281-s,MORJAS The Penny Loafer Unlined - Brown Suede - Unlined,"Our unlined penny loafer is crafted for effortless comfort with a soft, breathable suede upper and no inner lining. The relaxed silhouette retains the sleek profile of our original design, with a subtly slouchier look that sets it apart. Each pair is handcrafted in Almansa with a Goodyear welt for lasting comfort and durability.",in stock,new,3900 SEK,https://www.morjas.com/product/the-penny-loafer-brown-suede-unlined,https://morjas.centracdn.net/client/dynamic/originals/764_c364d496fa-morjas-the-penny-loafer-brown-suede-unlined-1-original.jpg,"https://morjas.centracdn.net/client/dynamic/originals/764_63250c9b12-morjas-the-penny-loafer-brown-suede-unlined-2-original.jpg,https://morjas.centracdn.net/client/dynamic/originals/764_aa9b1eed88-morjas-the-penny-loafer-brown-suede-unlined-wear-original.jpg,https://morjas.centracdn.net/client/dynamic/originals/764_39d46f6f4d-morjas-the-penny-loafer-brown-suede-unlined-original.jpg,https://morjas.centracdn.net/client/dynamic/originals/764_35bb80e275-morjas-the-penny-loafer-brown-suede-unlined-4-original.jpg,https://morjas.centracdn.net/client/dynamic/originals/764_88ee98ccbe-morjas-the-penny-loafer-brown-suede-unlined-3-original.jpg",MORJAS,Apparel & Accessories > Shoes,Penny Loafers,p764,male,adult,Brown,Suede,100091003
p1627-v3144-s,MORJAS The Penny Loafer Unlined - Medium Brown Suede - Unlined,"Our unlined penny loafer is crafted for effortless comfort with a soft, breathable suede upper and no inner lining. The relaxed silhouette retains the sleek profile of our original design, with a subtly slouchier look that sets it apart. Each pair is handcrafted in Almansa with a Goodyear welt for lasting comfort and durability.",in stock,new,3900 SEK,https://www.morjas.com/product/the-penny-loafer-medium-brown-suede-unlined,https://morjas.centracdn.net/client/dynamic/originals/1627_88cd99121a-morjas-the-penny-loafer-medium-brown-suede-unlined-1-original.jpg,"https://morjas.centracdn.net/client/dynamic/originals/1627_9d9d8c32f2-morjas-the-penny-loafer-medium-brown-suede-unlined-2-original.jpg,https://morjas.centracdn.net/client/dynamic/originals/1627_92c192280c-morjas-the-penny-loafer-medium-brown-suede-unlined-wear4-original.jpg,https://morjas.centracdn.net/client/dynamic/originals/1627_1d684571cf-morjas-the-penny-loafer-medium-brown-suede-unlined-5-original.jpg,https://morjas.centracdn.net/client/dynamic/originals/1627_fc81702515-morjas-the-penny-loafer-medium-brown-suede-unlined-wear5-original.jpg,https://morjas.centracdn.net/client/dynamic/originals/1627_b3ca147ecb-morjas-the-penny-loafer-medium-brown-suede-unlined-4-original.jpg",MORJAS,Apparel & Accessories > Shoes,Penny Loafers,p1627,male,adult,Medium Brown,Suede,100161004
p3118-v4799-s,MORJAS The Penny Loafer Unlined - Sand Suede - Unlined,"Our unlined penny loafer is crafted for effortless comfort with a soft, breathable suede upper and no inner lining. The relaxed silhouette retains the sleek profile of our original design, with a subtly slouchier look that sets it apart. Each pair is handcrafted in Almansa with a Goodyear welt for lasting comfort and durability.",in stock,new,3900 SEK,https://www.morjas.com/product/the-penny-loafer-sand-suede-unlined,https://morjas.centracdn.net/client/dynamic/originals/3118_e2ce9d3f63-morjas-the-penny-loafer-sand-suede-unlined-original.jpg,"https://morjas.centracdn.net/client/dynamic/originals/3118_963226f58d-morjas-the-penny-loafer-sand-suede-unlined-1-original.jpg,https://morjas.centracdn.net/client/dynamic/originals/3118_263d37bbe5-morjas-the-penny-loafer-sand-suede-unlined-wear1-original.jpg,https://morjas.centracdn.net/client/dynamic/originals/3118_ef15bc55e9-morjas-the-penny-loafer-sand-suede-unlined-3-original.jpg,https://morjas.centracdn.net/client/dynamic/originals/3118_424048b1b6-morjas-the-penny-loafer-sand-suede-unlined-2-original.jpg,https://morjas.centracdn.net/client/dynamic/originals/3118_10a7423e04-morjas-the-penny-loafer-sand-suede-unlined-6-original.jpg",MORJAS,Apparel & Accessories > Shoes,Penny Loafers,p3118,male,adult,Sand,Suede,100221008
p5-v1519-s,MORJAS The Penny Loafer - Black Calf,"Our flagship model, introduced in 2017 and continuously refined since, is set on a single-stack sole for a low-profile look. Its versatile silhouette moves easily between casual and formal wear. Each pair is handcrafted in Almansa with a Goodyear welt, ensuring lasting comfort and durability.",in stock,new,3500 SEK,https://www.morjas.com/product/the-penny-loafer-black-calf,https://morjas.centracdn.net/client/dynamic/originals/5_7ba4b942fe-morjas-the-penny-loafer-black-calf-1-kopia-original.jpg,"https://morjas.centracdn.net/client/dynamic/originals/5_63745e7d97-the-penny-loafer-black-calf-wear1-original.jpg,https://morjas.centracdn.net/client/dynamic/originals/5_23cd931824-morjas-the-penny-loafer-black-calf-2-original.jpg,https://morjas.centracdn.net/client/dynamic/originals/5_6175ac6e5e-morjas-the-penny-loafer-black-calf-5-original.jpg,https://morjas.centracdn.net/client/dynamic/originals/5_8437f42aa3-the-penny-loafer-in-black-calf-wear-1-original.jpg,https://morjas.centracdn.net/client/dynamic/originals/5_2b862347fd-morjas-the-penny-loafer-black-calf-3-original.jpg,https://morjas.centracdn.net/client/dynamic/originals/5_bfe0c20031-morjas-the-penny-loafer-black-calf-4-original.jpg",MORJAS,Apparel & Accessories > Shoes,Penny Loafers,p5,male,adult,Black,Plain Leather,100001000
p38-v1522-s,MORJAS The Penny Loafer - Brown Suede,"Our flagship model, introduced in 2017 and continuously refined since, is set on a single-stack sole for a low-profile look. Its versatile silhouette moves easily between casual and formal wear. Each pair is handcrafted in Almansa with a Goodyear welt, ensuring lasting comfort and durability.",in stock,new,3500 SEK,https://www.morjas.com/product/the-penny-loafer-brown-suede,https://morjas.centracdn.net/client/dynamic/originals/38_bdda6021f8-the-penny-loafer-brown-suede-1-kopia-original.jpg,"https://morjas.centracdn.net/client/dynamic/originals/38_ae02973d31-morjas-the-penny-loafer-brown-suede-wear2-original.jpg,https://morjas.centracdn.net/client/dynamic/originals/38_923a8d6fb3-the-penny-loafer-brown-suede-2-original.jpg,https://morjas.centracdn.net/client/dynamic/originals/38_609a030ef6-morjas-the-penny-loafer-brown-suede-wear1-original.jpg,https://morjas.centracdn.net/client/dynamic/originals/38_a1eefc8bae-the-penny-loafer-brown-suede-4-original.jpg,https://morjas.centracdn.net/client/dynamic/originals/38_5ce2c534fd-the-penny-loafer-brown-suede-3-original.jpg,https://morjas.centracdn.net/client/dynamic/originals/38_f644294028-morjas-the-penny-loafer-brown-suede-4-original.jpg",MORJAS,Apparel & Accessories > Shoes,Penny Loafers,p38,male,adult,Brown,Suede,100031003
p7-v1521-s,MORJAS The Penny Loafer - Brown Calf,"Our flagship model, introduced in 2017 and continuously refined since, is set on a single-stack sole for a low-profile look. Its versatile silhouette moves easily between casual and formal wear. Each pair is handcrafted in Almansa with a Goodyear welt, ensuring lasting comfort and durability.",in stock,new,3500 SEK,https://www.morjas.com/product/the-penny-loafer-brown-calf,https://morjas.centracdn.net/client/dynamic/originals/7_4e57c3a43e-the-penny-loafer-brown-calf-1-kopia-original.jpg,"https://morjas.centracdn.net/client/dynamic/originals/7_8093519ca9-morjas-the-penny-loafer-new-brown-calf-wear-original.jpg,https://morjas.centracdn.net/client/dynamic/originals/7_fb7d133bbb-the-penny-loafer-brown-calf-2-original.jpg,https://morjas.centracdn.net/client/dynamic/originals/7_bd74294fe4-the-penny-loafer-brown-calf-5-original.jpg,https://morjas.centracdn.net/client/dynamic/originals/7_ec3acf8d0e-the-penny-loafer-brown-calf-3-original.jpg,https://morjas.centracdn.net/client/dynamic/originals/7_7ffa559369-morjas-the-penny-loafer-brown-calf-4-original.jpg",MORJAS,Apparel & Accessories > Shoes,Penny Loafers,p7,male,adult,Brown,Plain Leather,100021002
p2446-v4058-s,MORJAS The Penny Loafer - Black Grain,"Our flagship model, introduced in 2017 and continuously refined since, is set on a single-stack sole for a low-profile look. Its versatile silhouette moves easily between casual and formal wear. Each pair is handcrafted in Almansa with a Goodyear welt, ensuring lasting comfort and durability.",in stock,new,3500 SEK,https://www.morjas.com/product/the-penny-loafer-leather-sole-black-grain,https://morjas.centracdn.net/client/dynamic/originals/2446_8279885bcd-morjas-the-penny-loafer-black-grain-1-original.jpg,"https://morjas.centracdn.net/client/dynamic/originals/2446_cea94dce6a-morjas-the-penny-loafer-black-grain-wear3-original.jpg,https://morjas.centracdn.net/client/dynamic/originals/2446_678825468e-morjas-the-penny-loafer-black-grain-2-original.jpg,https://morjas.centracdn.net/client/dynamic/originals/2446_db0d0ce8b4-morjas-the-penny-loafer-black-grain-4-original.jpg,https://morjas.centracdn.net/client/dynamic/originals/2446_5112dba884-morjas-the-penny-loafer-black-grain-wear4-original.jpg,https://morjas.centracdn.net/client/dynamic/originals/2446_a704d47bd3-morjas-the-penny-loafer-black-grain-5-original.jpg",MORJAS,Apparel & Accessories > Shoes,Penny Loafers,p2446,male,adult,Black,Grain Leather,100201005
p6-v1520-s,MORJAS The Penny Loafer - Burgundy Calf,"Our flagship model, introduced in 2017 and continuously refined since, is set on a single-stack sole for a low-profile look. Its versatile silhouette moves easily between casual and formal wear. Each pair is handcrafted in Almansa with a Goodyear welt, ensuring lasting comfort and durability.",in stock,new,3500 SEK,https://www.morjas.com/product/the-penny-loafer-burgundy-calf,https://morjas.centracdn.net/client/dynamic/originals/6_af254b7ad7-the-penny-loafer-burgundy-calf-1-original.jpg,"https://morjas.centracdn.net/client/dynamic/originals/6_cc545cf68b-morjas-the-penny-loafer-burgundy-calf-wear1-original.jpg,https://morjas.centracdn.net/client/dynamic/originals/6_46352ba788-the-penny-loafer-burgundy-calf-2-original.jpg,https://morjas.centracdn.net/client/dynamic/originals/6_fa10626c95-the-penny-loafer-burgundy-calf-5-original.jpg,https://morjas.centracdn.net/client/dynamic/originals/6_f9d60b3d4c-the-penny-loafer-burgundy-calf-3-original.jpg,https://morjas.centracdn.net/client/dynamic/originals/6_54f493bf8b-morjas-the-penny-loafer-burgundy-calf-4-original.jpg",MORJAS,Apparel & Accessories > Shoes,Penny Loafers,p6,male,adult,Burgundy,Plain Leather,100011001
p39-v1523-s,MORJAS The Penny Loafer - Medium Brown Suede,"Our flagship model, introduced in 2017 and continuously refined since, is set on a single-stack sole for a low-profile look. Its versatile silhouette moves easily between casual and formal wear. Each pair is handcrafted in Almansa with a Goodyear welt, ensuring lasting comfort and durability.",in stock,new,3500 SEK,https://www.morjas.com/product/the-penny-loafer-medium-brown-suede,https://morjas.centracdn.net/client/dynamic/originals/39_b4960b428d-the-penny-loafer-medium-brown-suede-kopia-original.jpg,"https://morjas.centracdn.net/client/dynamic/originals/39_0924c12a08-morjas-the-penny-loafer-medium-brown-suede-wear1-original.jpg,https://morjas.centracdn.net/client/dynamic/originals/39_3208b17e2b-the-penny-loafer-medium-brown-suede-2-original.jpg,https://morjas.centracdn.net/client/dynamic/originals/39_62867b924d-the-penny-loafer-medium-brown-suede-4-original.jpg,https://morjas.centracdn.net/client/dynamic/originals/39_f05674b045-morjas-the-penny-loafer-medium-brown-suede-wear3-original.jpg,https://morjas.centracdn.net/client/dynamic/originals/39_97a9275853-morjas-the-penny-loafer-medium-brown-suede-4-original.jpg",MORJAS,Apparel & Accessories > Shoes,Penny Loafers,p39,male,adult,Medium Brown,Suede,100041004
p2447-v4059-s,MORJAS The Penny Loafer - Brown Grain,"Our flagship model, introduced in 2017 and continuously refined since, is set on a single-stack sole for a low-profile look. Its versatile silhouette moves easily between casual and formal wear. Each pair is handcrafted in Almansa with a Goodyear welt, ensuring lasting comfort and durability.",in stock,new,3500 SEK,https://www.morjas.com/product/the-penny-loafer-leather-sole-brown-grain,https://morjas.centracdn.net/client/dynamic/originals/2447_1e5c00291b-morjas-the-penny-loafer-brown-grain-1-2-kopia-original.jpg,"https://morjas.centracdn.net/client/dynamic/originals/2447_f431b12c3c-morjas-the-penny-loafer-brown-grain-wear3-original.jpg,https://morjas.centracdn.net/client/dynamic/originals/2447_e20d084019-morjas-the-penny-loafer-brown-grain-3-2-original.jpg,https://morjas.centracdn.net/client/dynamic/originals/2447_9eeff1a78a-morjas-the-penny-loafer-brown-grain-4-2-original.jpg,https://morjas.centracdn.net/client/dynamic/originals/2447_5679cf3c1a-morjas-the-penny-loafer-brown-grain-2-2-original.jpg,https://morjas.centracdn.net/client/dynamic/originals/2447_72ddc655b8-morjas-the-penny-loafer-brown-grain-5-original.jpg",MORJAS,Apparel & Accessories > Shoes,Penny Loafers,p2447,male,adult,Brown,Grain Leather,100211007
p3120-v4801-s,MORJAS The Penny Loafer - Black Suede,"Our flagship model, introduced in 2017 and continuously refined since, is set on a single-stack sole for a low-profile look. Its versatile silhouette moves easily between casual and formal wear. Each pair is handcrafted in Almansa with a Goodyear welt, ensuring lasting comfort and durability.",in stock,new,3500 SEK,https://www.morjas.com/product/the-penny-loafer-black-suede-leather-sole,https://morjas.centracdn.net/client/dynamic/originals/3120_d0bdc3b91a-morjas-the-penny-loafer-in-black-suede-original.jpg,"https://morjas.centracdn.net/client/dynamic/originals/3120_14f24cb9b3-morjas-the-penny-loafer-in-black-suede-wear-2-original.jpg,https://morjas.centracdn.net/client/dynamic/originals/3120_8adbf2f218-morjas-the-penny-loafer-in-black-suede-3-original.jpg,https://morjas.centracdn.net/client/dynamic/originals/3120_47c09a7569-morjas-the-penny-loafer-in-black-suede-1-original.jpg,https://morjas.centracdn.net/client/dynamic/originals/3120_818bfe4ebb-morjas-the-penny-loafer-in-black-suede-2-original.jpg,https://morjas.centracdn.net/client/dynamic/originals/3120_ec171a5203-morjas-the-penny-loafer-in-black-suede-4-original.jpg",MORJAS,Apparel & Accessories > Shoes,Penny Loafers,p3120,male,adult,Black,Suede,100231010
p1637-v3154-s,MORJAS The Penny Loafer - Black Grain & Black Suede,"Our flagship model, introduced in 2017 and continuously refined since, is set on a single-stack sole for a low-profile look. Its versatile silhouette moves easily between casual and formal wear. Each pair is handcrafted in Almansa with a Goodyear welt, ensuring lasting comfort and durability.",in stock,new,3500 SEK,https://www.morjas.com/product/the-penny-loafer-black-grain-black-suede,https://morjas.centracdn.net/client/dynamic/originals/1637_10e4b68793-morjas-the-penny-loafer-in-black-grain-and-black-suede-1-original.jpg,"https://morjas.centracdn.net/client/dynamic/originals/1637_d9ff682b59-morjas-the-penny-loafer-black-grain-black-suede-wear2-original.jpg,https://morjas.centracdn.net/client/dynamic/originals/1637_b4b75789a0-morjas-the-penny-loafer-in-black-grain-and-black-suede-3-original.jpg,https://morjas.centracdn.net/client/dynamic/originals/1637_b68e634000-morjas-the-penny-loafer-in-black-grain-and-black-suede-4-original.jpg,https://morjas.centracdn.net/client/dynamic/originals/1637_ec39c4dd1c-morjas-the-penny-loafer-in-black-grain-and-black-suede-2-original.jpg,https://morjas.centracdn.net/client/dynamic/originals/1637_0d5a63cd22-morjas-the-penny-loafer-in-black-grain-and-black-suede-5-original.jpg",MORJAS,Apparel & Accessories > Shoes,Penny Loafers,p1637,male,adult,Black,Grain Leather,100181056
p3152-v4834-s,MORJAS The Penny Loafer - Black Grain & Navy Suede,"Our flagship model, introduced in 2017 and continuously refined since, is set on a single-stack sole for a low-profile look. Its versatile silhouette moves easily between casual and formal wear. Each pair is handcrafted in Almansa with a Goodyear welt, ensuring lasting comfort and durability.",in stock,new,3500 SEK,https://www.morjas.com/product/the-penny-loafer-black-grain-navy-suede,https://morjas.centracdn.net/client/dynamic/originals/3152_6ec3e0ef0e-morjas-the-penny-loafer-in-black-grain-and-navy-suede-1-original.jpg,"https://morjas.centracdn.net/client/dynamic/originals/3152_a7dab70426-the-penny-loafer-black-grain-navy-suede-original.jpg,https://morjas.centracdn.net/client/dynamic/originals/3152_427fefab80-morjas-the-penny-loafer-in-black-grain-and-navy-suede-3-original.jpg,https://morjas.centracdn.net/client/dynamic/originals/3152_cdbe2b72e9-morjas-the-penny-loafer-in-black-grain-and-navy-suede-4-original.jpg,https://morjas.centracdn.net/client/dynamic/originals/3152_116f0c29d1-morjas-the-penny-loafer-in-black-grain-and-navy-suede-2-original.jpg,https://morjas.centracdn.net/client/dynamic/originals/3152_6f8e06e34f-morjas-the-penny-loafer-in-black-grain-and-navy-suede-5-original.jpg",MORJAS,Apparel & Accessories > Shoes,Penny Loafers,p3152,male,adult,Black/Navy,Grain Leather,100271092
p786-v2303-s,MORJAS The Penny Loafer Rubber Sole - Black Calf,"Our flagship model, introduced in 2017 and continuously refined since, is set on a single-stack sole for a low-profile look. Its versatile silhouette moves easily between casual and formal wear. Each pair is handcrafted in Almansa with a Goodyear welt, ensuring lasting comfort and durability.",in stock,new,3500 SEK,https://www.morjas.com/product/the-penny-loafer-rubber-sole-black-calf,https://morjas.centracdn.net/client/dynamic/originals/786_51b92e63a0-morjas-the-penny-loafer-black-calf-1-kopia-original.jpg,"https://morjas.centracdn.net/client/dynamic/originals/786_3c2f1acb6a-morjas-the-penny-loafer-black-calf-rubber-sole-4-original.jpg,https://morjas.centracdn.net/client/dynamic/originals/786_88370e7cbc-the-penny-loafer-black-calf-wear1-original.jpg,https://morjas.centracdn.net/client/dynamic/originals/786_99b5c7bb65-morjas-the-penny-loafer-black-calf-2-original.jpg,https://morjas.centracdn.net/client/dynamic/originals/786_be245018d8-morjas-the-penny-loafer-black-calf-5-original.jpg,https://morjas.centracdn.net/client/dynamic/originals/786_f5472b27e6-morjas-the-penny-loafer-black-calf-3-original.jpg",MORJAS,Apparel & Accessories > Shoes,Penny Loafers,p786,male,adult,Black,Plain Leather,100111000
p785-v2302-s,MORJAS The Penny Loafer Rubber Sole - Brown Suede,"Our flagship model, introduced in 2017 and continuously refined since, is set on a single-stack sole for a low-profile look. Its versatile silhouette moves easily between casual and formal wear. Each pair is handcrafted in Almansa with a Goodyear welt, ensuring lasting comfort and durability.",in stock,new,3500 SEK,https://www.morjas.com/product/the-penny-loafer-rubber-sole-brown-suede,https://morjas.centracdn.net/client/dynamic/originals/785_619a107714-the-penny-loafer-brown-suede-1-kopia-original.jpg,"https://morjas.centracdn.net/client/dynamic/originals/785_1e43bab66c-morjas-the-penny-loafer-brown-suede-4-original.jpg,https://morjas.centracdn.net/client/dynamic/originals/785_c5810513a6-morjas-the-penny-loafer-brown-suede-wear1-original.jpg,https://morjas.centracdn.net/client/dynamic/originals/785_4a0e2d61ab-the-penny-loafer-brown-suede-2-original.jpg,https://morjas.centracdn.net/client/dynamic/originals/785_c399f24ae6-the-penny-loafer-brown-suede-4-original.jpg,https://morjas.centracdn.net/client/dynamic/originals/785_403fbc6ae8-the-penny-loafer-brown-suede-3-original.jpg",MORJAS,Apparel & Accessories > Shoes,Penny Loafers,p785,male,adult,Brown,Suede,100101003
p2-v1524-s,MORJAS The Penny Loafer Rubber Sole - Black Grain,"Our flagship model, introduced in 2017 and continuously refined since, is set on a single-stack sole for a low-profile look. Its versatile silhouette moves easily between casual and formal wear. Each pair is handcrafted in Almansa with a Goodyear welt, ensuring lasting comfort and durability.",in stock,new,3500 SEK,https://www.morjas.com/product/the-penny-loafer-black-grain,https://morjas.centracdn.net/client/dynamic/originals/2_4ff11df85d-morjas-the-penny-loafer-black-grain-1-original.jpg,"https://morjas.centracdn.net/client/dynamic/originals/2_fd555cc375-morjas-the-penny-loafer-black-grain-wear3-original.jpg,https://morjas.centracdn.net/client/dynamic/originals/2_91ee50eb8b-morjas-the-penny-loafer-black-grain-3-original.jpg,https://morjas.centracdn.net/client/dynamic/originals/2_27f2c31b39-morjas-the-penny-loafer-black-grain-4-original.jpg,https://morjas.centracdn.net/client/dynamic/originals/2_2954e60dda-morjas-the-penny-loafer-black-grain-2-original.jpg,https://morjas.centracdn.net/client/dynamic/originals/2_f52b72a779-morjas-the-penny-loafer-black-grain-5-original.jpg",MORJAS,Apparel & Accessories > Shoes,Penny Loafers,p2,male,adult,Black,Grain Leather,100051005
p1629-v3146-s,MORJAS The Penny Loafer Rubber Sole - Brown Calf,"Our flagship model, introduced in 2017 and continuously refined since, is set on a single-stack sole for a low-profile look. Its versatile silhouette moves easily between casual and formal wear. Each pair is handcrafted in Almansa with a Goodyear welt, ensuring lasting comfort and durability.",in stock,new,3500 SEK,https://www.morjas.com/product/the-penny-loafer-rubber-sole-brown-calf,https://morjas.centracdn.net/client/dynamic/originals/1629_1a38b896f6-the-penny-loafer-brown-calf-1-kopia-original.jpg,"https://morjas.centracdn.net/client/dynamic/originals/1629_ce5c3072d0-morjas-the-penny-loafer-brown-calf-4-original.jpg,https://morjas.centracdn.net/client/dynamic/originals/1629_cd382e7388-the-penny-loafer-brown-calf-wear-original.jpg,https://morjas.centracdn.net/client/dynamic/originals/1629_b653fab3a6-the-penny-loafer-brown-calf-2-original.jpg,https://morjas.centracdn.net/client/dynamic/originals/1629_ed5058d426-the-penny-loafer-brown-calf-5-original.jpg,https://morjas.centracdn.net/client/dynamic/originals/1629_668b9701ea-the-penny-loafer-brown-calf-3-original.jpg",MORJAS,Apparel & Accessories > Shoes,Penny Loafers,p1629,male,adult,Brown,Plain Leather,100141002
p1630-v3147-s,MORJAS The Penny Loafer Rubber Sole - Medium Brown Suede,"Our flagship model, introduced in 2017 and continuously refined since, is set on a single-stack sole for a low-profile look. Its versatile silhouette moves easily between casual and formal wear. Each pair is handcrafted in Almansa with a Goodyear welt, ensuring lasting comfort and durability.",in stock,new,3500 SEK,https://www.morjas.com/product/the-penny-loafer-rubber-sole-medium-brown-suede,https://morjas.centracdn.net/client/dynamic/originals/1630_8c3de3615e-the-penny-loafer-medium-brown-suede-kopia-original.jpg,"https://morjas.centracdn.net/client/dynamic/originals/1630_9035556940-the-penny-loafer-medium-brown-suede-5-original.jpg,https://morjas.centracdn.net/client/dynamic/originals/1630_bf30fe2bf6-morjas-the-penny-loafer-medium-brown-suede-wear1-original.jpg,https://morjas.centracdn.net/client/dynamic/originals/1630_b61fc699e2-the-penny-loafer-medium-brown-suede-2-original.jpg,https://morjas.centracdn.net/client/dynamic/originals/1630_e038bebf52-morjas-the-penny-loafer-medium-brown-suede-wear3-original.jpg,https://morjas.centracdn.net/client/dynamic/originals/1630_31c6caf69f-the-penny-loafer-medium-brown-suede-4-original.jpg",MORJAS,Apparel & Accessories > Shoes,Penny Loafers,p1630,male,adult,Medium Brown,Suede,100151004
p4-v1526-s,MORJAS The Penny Loafer Rubber Sole - Brown Grain,"Our flagship model, introduced in 2017 and continuously refined since, is set on a single-stack sole for a low-profile look. Its versatile silhouette moves easily between casual and formal wear. Each pair is handcrafted in Almansa with a Goodyear welt, ensuring lasting comfort and durability.",in stock,new,3500 SEK,https://www.morjas.com/product/the-penny-loafer-brown-grain,https://morjas.centracdn.net/client/dynamic/originals/4_90e8e77c94-morjas-the-penny-loafer-brown-grain-1-original.jpg,"https://morjas.centracdn.net/client/dynamic/originals/4_c46f9b4402-morjas-the-penny-loafer-brown-grain-3-original.jpg,https://morjas.centracdn.net/client/dynamic/originals/4_2a0e7dc737-morjas-the-penny-loafer-brown-grain-wear3-original.jpg,https://morjas.centracdn.net/client/dynamic/originals/4_b84ba851ba-morjas-the-penny-loafer-brown-grain-4-original.jpg,https://morjas.centracdn.net/client/dynamic/originals/4_d68783c7d8-morjas-the-penny-loafer-brown-grain-2-original.jpg,https://morjas.centracdn.net/client/dynamic/originals/4_fa93358d4e-morjas-the-penny-loafer-brown-grain-5-original.jpg",MORJAS,Apparel & Accessories > Shoes,Penny Loafers,p4,male,adult,Brown,Grain Leather,100071007
p1628-v3145-s,MORJAS The Penny Loafer Rubber Sole - Burgundy Calf,"Our flagship model, introduced in 2017 and continuously refined since, is set on a single-stack sole for a low-profile look. Its versatile silhouette moves easily between casual and formal wear. Each pair is handcrafted in Almansa with a Goodyear welt, ensuring lasting comfort and durability.",in stock,new,3500 SEK,https://www.morjas.com/product/the-penny-loafer-rubber-sole-burgundy-calf,https://morjas.centracdn.net/client/dynamic/originals/1628_1008ffe0af-the-penny-loafer-burgundy-calf-1-kopia-original.jpg,"https://morjas.centracdn.net/client/dynamic/originals/1628_7e6d34b9e5-morjas-the-penny-loafer-burgundy-calf-rubber-sole-4-original.jpg,https://morjas.centracdn.net/client/dynamic/originals/1628_abdb7af53f-morjas-the-penny-loafer-burgundy-calf-wear1-original.jpg,https://morjas.centracdn.net/client/dynamic/originals/1628_7e826dfe04-the-penny-loafer-burgundy-calf-2-original.jpg,https://morjas.centracdn.net/client/dynamic/originals/1628_737976dd92-the-penny-loafer-burgundy-calf-5-original.jpg,https://morjas.centracdn.net/client/dynamic/originals/1628_1b691e0feb-the-penny-loafer-burgundy-calf-3-original.jpg",MORJAS,Apparel & Accessories > Shoes,Penny Loafers,p1628,male,adult,Burgundy,Plain Leather,100131001
p3122-v4803-s,MORJAS The Ivy Loafer - Black Calf,"The Ivy Loafer is inspired by old-school Ivy style. Its slightly boxier shape and relaxed profile set it apart from our flagship Penny Loafer, giving it a sporty, enduring silhouette. A shorter vamp and 360-degree welt reinforce the collegiate influences at the heart of its design.",in stock,new,3700 SEK,https://www.morjas.com/product/the-ivy-loafer-black-calf,https://morjas.centracdn.net/client/dynamic/originals/3122_e231be67b6-the-ivy-loafer-black-calf-1-original.jpg,"https://morjas.centracdn.net/client/dynamic/originals/3122_2118a116d6-the-ivy-loafer-black-calf-wear3-original.jpg,https://morjas.centracdn.net/client/dynamic/originals/3122_29974ae1f0-the-ivy-loafer-black-calf-2-original.jpg,https://morjas.centracdn.net/client/dynamic/originals/3122_846b705145-the-ivy-loafer-black-calf-5-original.jpg,https://morjas.centracdn.net/client/dynamic/originals/3122_a4cad0e5d7-the-ivy-loafer-black-calf-3-original.jpg,https://morjas.centracdn.net/client/dynamic/originals/3122_ddbb14773f-the-ivy-loafer-black-calf-4-original.jpg",MORJAS,Apparel & Accessories > Shoes,Ivy Loafers,p3122,male,adult,Black,Plain Leather,100241000
p3124-v4805-s,MORJAS The Ivy Loafer - Brown Suede,"The Ivy Loafer is inspired by old-school Ivy style. Its slightly boxier shape and relaxed profile set it apart from our flagship Penny Loafer, giving it a sporty, enduring silhouette. A shorter vamp and 360-degree welt reinforce the collegiate influences at the heart of its design.",in stock,new,3700 SEK,https://www.morjas.com/product/the-ivy-loafer-brown-suede,https://morjas.centracdn.net/client/dynamic/originals/3124_3883da3c85-the-ivy-loafer-brown-suede-kopia-original.jpg,"https://morjas.centracdn.net/client/dynamic/originals/3124_735c5555d7-the-ivy-loafer-in-brown-suede-wear4-original.jpg,https://morjas.centracdn.net/client/dynamic/originals/3124_1b8719455c-the-ivy-loafer-brown-suede-1-original.jpg,https://morjas.centracdn.net/client/dynamic/originals/3124_4f97823ecc-the-ivy-loafer-brown-suede-3-original.jpg,https://morjas.centracdn.net/client/dynamic/originals/3124_0ea1ec8615-the-ivy-loafer-in-brown-suede-wear5-original.jpg,https://morjas.centracdn.net/client/dynamic/originals/3124_e833d6a8d3-the-ivy-loafer-brown-suede-2-original.jpg,https://morjas.centracdn.net/client/dynamic/originals/3124_3702a5ae86-the-ivy-loafer-brown-suede-4-original.jpg",MORJAS,Apparel & Accessories > Shoes,Ivy Loafers,p3124,male,adult,Brown,Suede,100261003
p7336-v9091-s,MORJAS The Ivy Loafer - Black Grain,"The Ivy Loafer is inspired by old-school Ivy style. Its slightly boxier shape and relaxed profile set it apart from our flagship Penny Loafer, giving it a sporty, enduring silhouette. A shorter vamp and 360-degree welt reinforce the collegiate influences at the heart of its design.",in stock,new,3700 SEK,https://www.morjas.com/product/the-ivy-loafer-black-grain,https://morjas.centracdn.net/client/dynamic/originals/7336_9658f34553-morjas-the-ivy-loafer-loafer-black-grain-kopia-original.jpg,"https://morjas.centracdn.net/client/dynamic/originals/7336_9925b3dd68-morjas-the-ivy-loafer-loafer-black-grain-wear-original.jpg,https://morjas.centracdn.net/client/dynamic/originals/7336_6d4e675e2b-morjas-the-ivy-loafer-loafer-black-grain-1-original.jpg,https://morjas.centracdn.net/client/dynamic/originals/7336_a8e6cacbc8-morjas-the-ivy-loafer-loafer-black-grain-2-original.jpg,https://morjas.centracdn.net/client/dynamic/originals/7336_d33cc8dd12-morjas-the-ivy-loafer-loafer-black-grain-3-original.jpg,https://morjas.centracdn.net/client/dynamic/originals/7336_700c2e55c1-morjas-the-ivy-loafer-loafer-black-grain-4-original.jpg",MORJAS,Apparel & Accessories > Shoes,Ivy Loafers,p7336,male,adult,Black,Grain Leather,100341005
p3123-v4804-s,MORJAS The Ivy Loafer - Burgundy Calf,"The Ivy Loafer is inspired by old-school Ivy style. Its slightly boxier shape and relaxed profile set it apart from our flagship Penny Loafer, giving it a sporty, enduring silhouette. A shorter vamp and 360-degree welt reinforce the collegiate influences at the heart of its design.",in stock,new,3700 SEK,https://www.morjas.com/product/the-ivy-loafer-burgundy-calf,https://morjas.centracdn.net/client/dynamic/originals/3123_a4ae2d658d-the-ivy-loafer-burgundy-calf-1-kopia-original.jpg,"https://morjas.centracdn.net/client/dynamic/originals/3123_8bb4bf7e40-the-ivy-loafer-burgundy-calf-wear-3-original.jpg,https://morjas.centracdn.net/client/dynamic/originals/3123_49c3057a69-the-ivy-loafer-burgundy-calf-2-original.jpg,https://morjas.centracdn.net/client/dynamic/originals/3123_a4e47af495-the-ivy-loafer-burgundy-calf-5-original.jpg,https://morjas.centracdn.net/client/dynamic/originals/3123_943d2e7225-the-ivy-loafer-burgundy-calf-3-original.jpg,https://morjas.centracdn.net/client/dynamic/originals/3123_6bcff8a27c-the-ivy-loafer-burgundy-calf-4-original.jpg",MORJAS,Apparel & Accessories > Shoes,Ivy Loafers,p3123,male,adult,Burgundy,Plain Leather,100251001
p7803-v9585-s,MORJAS The Ivy Loafer - Brown Grain,"The Ivy Loafer is inspired by old-school Ivy style. Its slightly boxier shape and relaxed profile set it apart from our flagship Penny Loafer, giving it a sporty, enduring silhouette. A shorter vamp and 360-degree welt reinforce the collegiate influences at the heart of its design.",in stock,new,3700 SEK,https://www.morjas.com/product/the-ivy-loafer-brown-grain,https://morjas.centracdn.net/client/dynamic/originals/7803_2433b4d787-morjas-the-ivy-loafer-brown-grain-kopia-original.jpg,"https://morjas.centracdn.net/client/dynamic/originals/7803_40721bc833-morjas-the-ivy-loafer-brown-grain-wear-original.jpg,https://morjas.centracdn.net/client/dynamic/originals/7803_e6451a1db6-morjas-the-ivy-loafer-brown-grain-1-original.jpg,https://morjas.centracdn.net/client/dynamic/originals/7803_08f00ce620-morjas-the-ivy-loafer-brown-grain-3-original.jpg,https://morjas.centracdn.net/client/dynamic/originals/7803_faf953083c-morjas-the-ivy-loafer-brown-grain-wear1-original.jpg,https://morjas.centracdn.net/client/dynamic/originals/7803_3c085423ba-morjas-the-ivy-loafer-brown-grain-2-original.jpg,https://morjas.centracdn.net/client/dynamic/originals/7803_f990be1066-morjas-the-ivy-loafer-brown-grain-4-original.jpg",MORJAS,Apparel & Accessories > Shoes,Ivy Loafers,p7803,male,adult,Brown,Grain Leather,100371007
p7335-v9090-s,MORJAS The Ivy Loafer - Black Suede,"The Ivy Loafer is inspired by old-school Ivy style. Its slightly boxier shape and relaxed profile set it apart from our flagship Penny Loafer, giving it a sporty, enduring silhouette. A shorter vamp and 360-degree welt reinforce the collegiate influences at the heart of its design.",in stock,new,3700 SEK,https://www.morjas.com/product/the-ivy-loafer-black-suede,https://morjas.centracdn.net/client/dynamic/originals/7335_6acdea3e51-morjas-the-ivy-loafer-loafer-black-suede-kopia-original.jpg,"https://morjas.centracdn.net/client/dynamic/originals/7335_8ff184c430-morjas-the-ivy-loafer-loafer-black-suede-wear3-original.jpg,https://morjas.centracdn.net/client/dynamic/originals/7335_ae66fe06f5-morjas-the-ivy-loafer-loafer-black-suede-1-original.jpg,https://morjas.centracdn.net/client/dynamic/originals/7335_0fa0f753d9-morjas-the-ivy-loafer-loafer-black-suede-4-original.jpg,https://morjas.centracdn.net/client/dynamic/originals/7335_fe94eac532-morjas-the-ivy-loafer-loafer-black-suede-3-original.jpg,https://morjas.centracdn.net/client/dynamic/originals/7335_382af1ff79-morjas-the-ivy-loafer-loafer-black-suede-2-original.jpg",MORJAS,Apparel & Accessories > Shoes,Ivy Loafers,p7335,male,adult,Black,Suede,100331010
p3420-v5102-s,MORJAS The Ivy Loafer Rubber Sole - Black Calf,"The Ivy Loafer is inspired by old-school Ivy style. Its slightly boxier shape and relaxed profile set it apart from our flagship Penny Loafer, giving it a sporty, enduring silhouette. A shorter vamp and 360-degree welt reinforce the collegiate influences at the heart of its design.",in stock,new,3700 SEK,https://www.morjas.com/product/the-ivy-loafer-black-calf-rubber-sole,https://morjas.centracdn.net/client/dynamic/originals/3420_dbe8bb7078-the-ivy-loafer-black-calf-1-kopia-original.jpg,"https://morjas.centracdn.net/client/dynamic/originals/3420_b7d2619fa5-the-ivy-loafer-black-calf-4-original.jpg,https://morjas.centracdn.net/client/dynamic/originals/3420_136111838a-the-ivy-loafer-black-calf-wear3-original.jpg,https://morjas.centracdn.net/client/dynamic/originals/3420_758ce81ea7-the-ivy-loafer-black-calf-2-original.jpg,https://morjas.centracdn.net/client/dynamic/originals/3420_d48b86ae90-the-ivy-loafer-black-calf-5-original.jpg,https://morjas.centracdn.net/client/dynamic/originals/3420_a311940db6-the-ivy-loafer-black-calf-3-original.jpg",MORJAS,Apparel & Accessories > Shoes,Ivy Loafers,p3420,male,adult,Black,Plain Leather,100291000
p3422-v5104-s,MORJAS The Ivy Loafer Rubber Sole - Brown Suede,"The Ivy Loafer is inspired by old-school Ivy style. Its slightly boxier shape and relaxed profile set it apart from our flagship Penny Loafer, giving it a sporty, enduring silhouette. A shorter vamp and 360-degree welt reinforce the collegiate influences at the heart of its design.",in stock,new,3700 SEK,https://www.morjas.com/product/the-ivy-loafer-brown-suede-rubber-sole,https://morjas.centracdn.net/client/dynamic/originals/3422_ab865f5d7d-the-ivy-loafer-brown-suede-kopia-original.jpg,"https://morjas.centracdn.net/client/dynamic/originals/3422_fc6985a89c-the-ivy-loafer-brown-suede-5-original.jpg,https://morjas.centracdn.net/client/dynamic/originals/3422_793c04e1bb-the-ivy-loafer-in-brown-suede-wear2-original.jpg,https://morjas.centracdn.net/client/dynamic/originals/3422_9adc397e2e-the-ivy-loafer-brown-suede-1-original.jpg,https://morjas.centracdn.net/client/dynamic/originals/3422_25610257c3-the-ivy-loafer-brown-suede-3-original.jpg,https://morjas.centracdn.net/client/dynamic/originals/3422_4da4193f0e-the-ivy-loafer-brown-suede-2-original.jpg",MORJAS,Apparel & Accessories > Shoes,Ivy Loafers,p3422,male,adult,Brown,Suede,100311003
p7805-v9587-s,MORJAS The Ivy Loafer - Rubber Sole - Black Grain,"The Ivy Loafer is inspired by old-school Ivy style. Its slightly boxier shape and relaxed profile set it apart from our flagship Penny Loafer, giving it a sporty, enduring silhouette. A shorter vamp and 360-degree welt reinforce the collegiate influences at the heart of its design.",in stock,new,3700 SEK,https://www.morjas.com/product/the-ivy-loafer-rubber-sole-black-grain,https://morjas.centracdn.net/client/dynamic/originals/7805_a93f4adbdb-morjas-the-ivy-loafer-loafer-black-grain-original.jpg,"https://morjas.centracdn.net/client/dynamic/originals/7805_7ac3b82069-the-ivy-loafer-black-grain-4-original.jpg,https://morjas.centracdn.net/client/dynamic/originals/7805_7dc5f9f1b9-morjas-the-ivy-loafer-loafer-black-grain-wear-original.jpg,https://morjas.centracdn.net/client/dynamic/originals/7805_e28253f247-morjas-the-ivy-loafer-loafer-black-grain-1-original.jpg,https://morjas.centracdn.net/client/dynamic/originals/7805_1a1d43cd6e-morjas-the-ivy-loafer-loafer-black-grain-3-original.jpg,https://morjas.centracdn.net/client/dynamic/originals/7805_96da62d1c7-morjas-the-ivy-loafer-loafer-black-grain-2-original.jpg",MORJAS,Apparel & Accessories > Shoes,Ivy Loafers,p7805,male,adult,Black,Grain Leather,100381005
p3421-v5103-s,MORJAS The Ivy Loafer Rubber Sole - Burgundy Calf,"The Ivy Loafer is inspired by old-school Ivy style. Its slightly boxier shape and relaxed profile set it apart from our flagship Penny Loafer, giving it a sporty, enduring silhouette. A shorter vamp and 360-degree welt reinforce the collegiate influences at the heart of its design.",in stock,new,3700 SEK,https://www.morjas.com/product/the-ivy-loafer-burgundy-calf-rubber-sole,https://morjas.centracdn.net/client/dynamic/originals/3421_bb86cd58eb-the-ivy-loafer-burgundy-calf-1-kopia-original.jpg,"https://morjas.centracdn.net/client/dynamic/originals/3421_d30b86fdad-the-ivy-loafer-b-urgundy-calf-4-original.jpg,https://morjas.centracdn.net/client/dynamic/originals/3421_9d90738548-the-ivy-loafer-burgundy-calf-wear-3-original.jpg,https://morjas.centracdn.net/client/dynamic/originals/3421_5b00e25ebd-the-ivy-loafer-burgundy-calf-2-original.jpg,https://morjas.centracdn.net/client/dynamic/originals/3421_22b8da0ad0-the-ivy-loafer-burgundy-calf-5-original.jpg,https://morjas.centracdn.net/client/dynamic/originals/3421_1bfbc890e6-the-ivy-loafer-burgundy-calf-3-original.jpg",MORJAS,Apparel & Accessories > Shoes,Ivy Loafers,p3421,male,adult,Burgundy,Plain Leather,100301001
p7777-v9559-s,MORJAS The Ivy Loafer - Rubber Sole - Brown Grain,"The Ivy Loafer is inspired by old-school Ivy style. Its slightly boxier shape and relaxed profile set it apart from our flagship Penny Loafer, giving it a sporty, enduring silhouette. A shorter vamp and 360-degree welt reinforce the collegiate influences at the heart of its design.",in stock,new,3700 SEK,https://www.morjas.com/product/the-ivy-loafer-rubber-sole-brown-grain,https://morjas.centracdn.net/client/dynamic/originals/7777_b035930124-morjas-the-ivy-loafer-brown-grain-kopia-original.jpg,"https://morjas.centracdn.net/client/dynamic/originals/7777_d4003c7ad4-morjas-the-ivy-loafer-brown-grain-4-original.jpg,https://morjas.centracdn.net/client/dynamic/originals/7777_d9c84e0f35-morjas-the-ivy-loafer-brown-grain-wear-original.jpg,https://morjas.centracdn.net/client/dynamic/originals/7777_216c561ad8-morjas-the-ivy-loafer-brown-grain-1-original.jpg,https://morjas.centracdn.net/client/dynamic/originals/7777_c11e647fda-morjas-the-ivy-loafer-brown-grain-wear1-original.jpg,https://morjas.centracdn.net/client/dynamic/originals/7777_ad21e9191f-morjas-the-ivy-loafer-brown-grain-3-original.jpg,https://morjas.centracdn.net/client/dynamic/originals/7777_6590ba77e9-morjas-the-ivy-loafer-brown-grain-2-original.jpg",MORJAS,Apparel & Accessories > Shoes,Ivy Loafers,p7777,male,adult,Brown,Grain Leather,100351007
p35-v1527-s,MORJAS The Tassel Loafer - Black Calf,"The Tassel Loafer is handcrafted in Spain with Goodyear welt construction, a rounded fit over the forefoot and a slightly sculpted waist and heel. Designed with a sleek silhouette, it’s finished with twin tassels that add movement and distinctive character.",in stock,new,3500 SEK,https://www.morjas.com/product/the-tassel-loafer-black-calf,https://morjas.centracdn.net/client/dynamic/originals/35_9d9d108978-the-tassel-loafer-black-calf-1-kopia-original.jpg,"https://morjas.centracdn.net/client/dynamic/originals/35_3c1098e828-morjas-the-tassel-loafer-black-calf-wear-original.jpg,https://morjas.centracdn.net/client/dynamic/originals/35_46d3914d45-the-tassel-loafer-black-calf-2-original.jpg,https://morjas.centracdn.net/client/dynamic/originals/35_aed2550fec-the-tassel-loafer-black-calf-3-original.jpg,https://morjas.centracdn.net/client/dynamic/originals/35_9869592771-morjas-the-tassel-loafer-black-calf-wear1-original.jpg,https://morjas.centracdn.net/client/dynamic/originals/35_c75d64296d-the-tassel-loafer-black-calf-5-original.jpg,https://morjas.centracdn.net/client/dynamic/originals/35_fa78e64fad-the-tassel-loafer-black-calf-4-original.jpg",MORJAS,Apparel & Accessories > Shoes,Tassel Loafers,p35,male,adult,Black,Plain Leather,101001000
p9-v1530-s,MORJAS The Tassel Loafer - Brown Suede,"The Tassel Loafer is handcrafted in Spain with Goodyear welt construction, a rounded fit over the forefoot and a slightly sculpted waist and heel. Designed with a sleek silhouette, it’s finished with twin tassels that add movement and distinctive character.",in stock,new,3500 SEK,https://www.morjas.com/product/the-tassel-loafer-brown-suede,https://morjas.centracdn.net/client/dynamic/originals/9_6441aabef5-the-tassel-loafer-brown-suede-1-kopia-original.jpg,"https://morjas.centracdn.net/client/dynamic/originals/9_2cb6840ac1-morjas-the-penny-loafer-brown-suede-kopiera-wear-2-original.jpg,https://morjas.centracdn.net/client/dynamic/originals/9_93adab2e10-the-tassel-loafer-brown-suede-2-original.jpg,https://morjas.centracdn.net/client/dynamic/originals/9_f784a65657-the-tassel-loafer-brown-suede-3-original.jpg,https://morjas.centracdn.net/client/dynamic/originals/9_18cc901cd5-the-tassel-loafer-brown-suede-5-original.jpg,https://morjas.centracdn.net/client/dynamic/originals/9_628d11a502-the-tassel-loafer-brown-suede-4-original.jpg",MORJAS,Apparel & Accessories > Shoes,Tassel Loafers,p9,male,adult,Brown,Suede,101031003
p37-v1529-s,MORJAS The Tassel Loafer - Brown Calf,"The Tassel Loafer is handcrafted in Spain with Goodyear welt construction, a rounded fit over the forefoot and a slightly sculpted waist and heel. Designed with a sleek silhouette, it’s finished with twin tassels that add movement and distinctive character.",in stock,new,3500 SEK,https://www.morjas.com/product/the-tassel-loafer-brown-calf,https://morjas.centracdn.net/client/dynamic/originals/37_f50278102e-the-tassel-loafer-brown-calf-1-kopia-original.jpg,"https://morjas.centracdn.net/client/dynamic/originals/37_8c113053d1-the-tassel-loafer-brown-calf-wear-original.jpg,https://morjas.centracdn.net/client/dynamic/originals/37_0b4b3c1a13-the-tassel-loafer-brown-calf-2-original.jpg,https://morjas.centracdn.net/client/dynamic/originals/37_6bba05bb45-the-tassel-loafer-brown-calf-3-original.jpg,https://morjas.centracdn.net/client/dynamic/originals/37_47a51b52c1-the-tassel-loafer-black-calf-5-original.jpg,https://morjas.centracdn.net/client/dynamic/originals/37_c50e3ab1f1-the-tassel-loafer-black-calf-4-original.jpg",MORJAS,Apparel & Accessories > Shoes,Tassel Loafers,p37,male,adult,Brown,Plain Leather,101021002
p10-v1531-s,MORJAS The Tassel Loafer - Medium Brown Suede,"The Tassel Loafer is handcrafted in Spain with Goodyear welt construction, a rounded fit over the forefoot and a slightly sculpted waist and heel. Designed with a sleek silhouette, it’s finished with twin tassels that add movement and distinctive character.",in stock,new,3500 SEK,https://www.morjas.com/product/the-tassel-loafer-medium-brown-suede,https://morjas.centracdn.net/client/dynamic/originals/10_fa312e091f-the-tassel-loafer-medium-brown-suede-1-kopia-original.jpg,"https://morjas.centracdn.net/client/dynamic/originals/10_9df7e0289b-morjas-the-tassel-loafer-medium-brown-suede-wear-original.jpg,https://morjas.centracdn.net/client/dynamic/originals/10_a5fdef2385-the-tassel-loafer-medium-brown-suede-2-original.jpg,https://morjas.centracdn.net/client/dynamic/originals/10_ce5ec754e8-the-tassel-loafer-medium-brown-suede-3-original.jpg,https://morjas.centracdn.net/client/dynamic/originals/10_898bf73525-the-tassel-loafer-medium-brown-suede-4-original.jpg,https://morjas.centracdn.net/client/dynamic/originals/10_8a9ccac3c0-morjas-the-tassel-loafer-medium-brown-suede-4-original.jpg",MORJAS,Apparel & Accessories > Shoes,Tassel Loafers,p10,male,adult,Medium Brown,Suede,101041004
p36-v1528-s,MORJAS The Tassel Loafer - Burgundy Calf,"The Tassel Loafer is handcrafted in Spain with Goodyear welt construction, a rounded fit over the forefoot and a slightly sculpted waist and heel. Designed with a sleek silhouette, it’s finished with twin tassels that add movement and distinctive character.",in stock,new,3500 SEK,https://www.morjas.com/product/the-tassel-loafer-burgundy-calf,https://morjas.centracdn.net/client/dynamic/originals/36_8ff5006601-the-tassel-loafer-burgundy-calf-kopia-original.jpg,"https://morjas.centracdn.net/client/dynamic/originals/36_9e6be7bac0-morjas-the-penny-loafer-burgundy-calf-wear2-original.jpg,https://morjas.centracdn.net/client/dynamic/originals/36_70cf224582-the-tassel-loafer-burgundy-calf-1-original.jpg,https://morjas.centracdn.net/client/dynamic/originals/36_4dd31a1dbc-the-tassel-loafer-burgundy-calf-2-original.jpg,https://morjas.centracdn.net/client/dynamic/originals/36_30373ec3fe-the-tassel-loafer-burgundy-calf-3-original.jpg,https://morjas.centracdn.net/client/dynamic/originals/36_620e4a260d-the-tassel-loafer-black-calf-4-original.jpg",MORJAS,Apparel & Accessories > Shoes,Tassel Loafers,p36,male,adult,Burgundy,Plain Leather,101011001
p788-v2305-s,MORJAS The Tassel Loafer Rubber Sole - Black Calf,"The Tassel Loafer is handcrafted in Spain with Goodyear welt construction, a rounded fit over the forefoot and a slightly sculpted waist and heel. Designed with a sleek silhouette, it’s finished with twin tassels that add movement and distinctive character.",in stock,new,3500 SEK,https://www.morjas.com/product/the-tassel-loafer-rubber-sole-black-calf,https://morjas.centracdn.net/client/dynamic/originals/788_708257cc85-the-tassel-loafer-black-calf-1-kopia-original.jpg,"https://morjas.centracdn.net/client/dynamic/originals/788_4c94a2da78-morjas-the-tassel-loafer-black-calf-rubber-sole-4-original.jpg,https://morjas.centracdn.net/client/dynamic/originals/788_946096f3e2-morjas-the-tassel-loafer-black-calf-wear-original.jpg,https://morjas.centracdn.net/client/dynamic/originals/788_11111ead2f-the-tassel-loafer-black-calf-2-original.jpg,https://morjas.centracdn.net/client/dynamic/originals/788_91e229b919-the-tassel-loafer-black-calf-3-original.jpg,https://morjas.centracdn.net/client/dynamic/originals/788_8452e57ed7-the-tassel-loafer-black-calf-5-original.jpg",MORJAS,Apparel & Accessories > Shoes,Tassel Loafers,p788,male,adult,Black,Plain Leather,101101000
p787-v2304-s,MORJAS The Tassel Loafer Rubber Sole - Brown Suede,"The Tassel Loafer is handcrafted in Spain with Goodyear welt construction, a rounded fit over the forefoot and a slightly sculpted waist and heel. Designed with a sleek silhouette, it’s finished with twin tassels that add movement and distinctive character.",in stock,new,3500 SEK,https://www.morjas.com/product/the-tassel-loafer-rubber-sole-brown-suede,https://morjas.centracdn.net/client/dynamic/originals/787_0b1be236ce-the-tassel-loafer-brown-suede-1-kopia-original.jpg,"https://morjas.centracdn.net/client/dynamic/originals/787_0e32a7bb78-morjas-the-tassel-loafer-brown-suede-rubber-sole-6-original.jpg,https://morjas.centracdn.net/client/dynamic/originals/787_fe9b44a66a-3-ways-to-style-the-tassel-loafer-brown-suede-everyday-original.jpg,https://morjas.centracdn.net/client/dynamic/originals/787_31820e7953-the-tassel-loafer-brown-suede-2-original.jpg,https://morjas.centracdn.net/client/dynamic/originals/787_7a9ee02de7-the-tassel-loafer-brown-suede-3-original.jpg,https://morjas.centracdn.net/client/dynamic/originals/787_0d7f1a2b54-the-tassel-loafer-brown-suede-5-original.jpg",MORJAS,Apparel & Accessories > Shoes,Tassel Loafers,p787,male,adult,Brown,Suede,101091003
p1624-v3141-s,MORJAS The Tassel Loafer Rubber Sole - Brown Calf,"The Tassel Loafer is handcrafted in Spain with Goodyear welt construction, a rounded fit over the forefoot and a slightly sculpted waist and heel. Designed with a sleek silhouette, it’s finished with twin tassels that add movement and distinctive character.",in stock,new,3500 SEK,https://www.morjas.com/product/the-tassel-loafer-rubber-sole-brown-calf,https://morjas.centracdn.net/client/dynamic/originals/1624_1aa9e907c0-the-tassel-loafer-brown-calf-1-2-original.jpg,"https://morjas.centracdn.net/client/dynamic/originals/1624_bbff90ef07-morjas-the-tassel-loafer-brown-calf-4-original.jpg,https://morjas.centracdn.net/client/dynamic/originals/1624_e443ed0d56-the-tassel-loafer-brown-calf-2-original.jpg,https://morjas.centracdn.net/client/dynamic/originals/1624_2627fc40dd-the-tassel-loafer-brown-calf-3-original.jpg,https://morjas.centracdn.net/client/dynamic/originals/1624_dffaac764f-the-tassel-loafer-black-calf-5-original.jpg",MORJAS,Apparel & Accessories > Shoes,Tassel Loafers,p1624,male,adult,Brown,Plain Leather,101121002
p1625-v3142-s,MORJAS The Tassel Loafer Rubber Sole - Medium Brown Suede,"The Tassel Loafer is handcrafted in Spain with Goodyear welt construction, a rounded fit over the forefoot and a slightly sculpted waist and heel. Designed with a sleek silhouette, it’s finished with twin tassels that add movement and distinctive character.",in stock,new,3500 SEK,https://www.morjas.com/product/the-tassel-loafer-rubber-sole-medium-brown-suede,https://morjas.centracdn.net/client/dynamic/originals/1625_d9d70c61a6-the-tassel-loafer-medium-brown-suede-1-kopia-original.jpg,"https://morjas.centracdn.net/client/dynamic/originals/1625_87d3db999f-the-tassel-loafer-medium-brown-suede-5-original.jpg,https://morjas.centracdn.net/client/dynamic/originals/1625_3635c8b656-morjas-the-tassel-loafer-medium-brown-suede-wear-original.jpg,https://morjas.centracdn.net/client/dynamic/originals/1625_468de03951-the-tassel-loafer-medium-brown-suede-2-original.jpg,https://morjas.centracdn.net/client/dynamic/originals/1625_70fda06bb1-the-tassel-loafer-medium-brown-suede-3-original.jpg,https://morjas.centracdn.net/client/dynamic/originals/1625_493dd0ce17-the-tassel-loafer-medium-brown-suede-4-original.jpg",MORJAS,Apparel & Accessories > Shoes,Tassel Loafers,p1625,male,adult,Medium Brown,Suede,101131004
p1623-v3140-s,MORJAS The Tassel Loafer Rubber Sole - Burgundy Calf,"The Tassel Loafer is handcrafted in Spain with Goodyear welt construction, a rounded fit over the forefoot and a slightly sculpted waist and heel. Designed with a sleek silhouette, it’s finished with twin tassels that add movement and distinctive character.",in stock,new,3500 SEK,https://www.morjas.com/product/the-tassel-loafer-rubber-sole-burgundy-calf,https://morjas.centracdn.net/client/dynamic/originals/1623_b5182a3f38-the-tassel-loafer-burgundy-calf-original.jpg,"https://morjas.centracdn.net/client/dynamic/originals/1623_59cea23a5c-morjas-the-tassel-loafer-burgundy-calf-rubber-sole-4-original.jpg,https://morjas.centracdn.net/client/dynamic/originals/1623_789001cf75-morjas-the-penny-loafer-burgundy-calf-wear2-original.jpg,https://morjas.centracdn.net/client/dynamic/originals/1623_8bd2535195-the-tassel-loafer-burgundy-calf-1-original.jpg,https://morjas.centracdn.net/client/dynamic/originals/1623_2c8cfbf0dd-the-tassel-loafer-burgundy-calf-2-original.jpg,https://morjas.centracdn.net/client/dynamic/originals/1623_ee631e97e1-the-tassel-loafer-burgundy-calf-3-original.jpg",MORJAS,Apparel & Accessories > Shoes,Tassel Loafers,p1623,male,adult,Burgundy,Plain Leather,101111001
p3691-v5446-s,MORJAS The Belgian Unlined - Beige Suede - Unlined,"The Belgian is our sleek and sophisticated take on an iconic loafer. Its chameleon-like versatility pairs effortlessly with everything from denim to black tie. The unlined construction introduces a relaxed slouch, lending a sense of ease to the silhouette while ensuring exceptional comfort — wherever the day or night takes you.",in stock,new,3400 SEK,https://www.morjas.com/product/the-belgian-unlined-beige-suede,https://morjas.centracdn.net/client/dynamic/originals/3691_f0d130423c-the-belgian-unlined-sand-suede-1-kopia-original.jpg,"https://morjas.centracdn.net/client/dynamic/originals/3691_795e8a88f6-the-belgian-unlined-sand-suede-wear3-original.jpg,https://morjas.centracdn.net/client/dynamic/originals/3691_8a3253eeee-the-belgian-unlined-sand-suede-5-original.jpg,https://morjas.centracdn.net/client/dynamic/originals/3691_aea1d7ad6c-the-belgian-unlined-sand-suede-3-original.jpg,https://morjas.centracdn.net/client/dynamic/originals/3691_b0d2b91ac0-the-belgian-unlined-sand-suede-wear2-original.jpg,https://morjas.centracdn.net/client/dynamic/originals/3691_9e4d4e99eb-the-belgian-unlined-sand-suede-4-original.jpg,https://morjas.centracdn.net/client/dynamic/originals/3691_dd305dba79-the-belgian-unlined-sand-suede-2-original.jpg",MORJAS,Apparel & Accessories > Shoes,Belgians,p3691,male,adult,Beige,Suede,112081086
p3690-v5445-s,MORJAS The Belgian Unlined - Taupe Nubuck - Unlined,"The Belgian is our sleek and sophisticated take on an iconic loafer. Its chameleon-like versatility pairs effortlessly with everything from denim to black tie. The unlined construction introduces a relaxed slouch, lending a sense of ease to the silhouette while ensuring exceptional comfort — wherever the day or night takes you.",in stock,new,3400 SEK,https://www.morjas.com/product/the-belgian-unlined-taupe-nubuck,https://morjas.centracdn.net/client/dynamic/originals/3690_128967d16a-the-belgian-unlined-taupe-nubuck-1-kopia-original.jpg,"https://morjas.centracdn.net/client/dynamic/originals/3690_db58ff4748-the-belgian-unlined-taupe-nubuck-wear-2-original.jpg,https://morjas.centracdn.net/client/dynamic/originals/3690_c9420225de-the-belgian-unlined-taupe-nubuck-5-original.jpg,https://morjas.centracdn.net/client/dynamic/originals/3690_60ff092447-the-belgian-unlined-taupe-nubuck-wear-original.jpg,https://morjas.centracdn.net/client/dynamic/originals/3690_a7bd69fb15-the-belgian-unlined-taupe-nubuck-3-original.jpg,https://morjas.centracdn.net/client/dynamic/originals/3690_50991f7863-the-belgian-unlined-taupe-nubuck-4-original.jpg,https://morjas.centracdn.net/client/dynamic/originals/3690_73870cd2e3-the-belgian-unlined-taupe-nubuck-2-original.jpg",MORJAS,Apparel & Accessories > Shoes,Belgians,p3690,male,adult,Taupe,Nubuck,112091108
p125-v1642-s,MORJAS The Belgian - Black Suede,"The Belgian is our sleek, understated take on an iconic loafer. Versatile enough for casual denim or full black tie, it adapts to the occasion with ease. A thin, soft leather sole and small heel keep the silhouette clean and classic.",in stock,new,3200 SEK,https://www.morjas.com/product/the-belgian-black-suede,https://morjas.centracdn.net/client/dynamic/originals/125_36a0708b00-morjas-the-belgian-black-suede-1-original.jpg,"https://morjas.centracdn.net/client/dynamic/originals/125_b2cd02a636-morjas-the-belgian-black-suede-wear4-original.jpg,https://morjas.centracdn.net/client/dynamic/originals/125_48734a33fe-morjas-the-belgian-black-suede-2-original.jpg,https://morjas.centracdn.net/client/dynamic/originals/125_326b1fd4fc-morjas-the-belgian-black-suede-wear5-original.jpg,https://morjas.centracdn.net/client/dynamic/originals/125_fd57b61c07-morjas-the-belgian-black-suede-wear2-original.jpg,https://morjas.centracdn.net/client/dynamic/originals/125_365ebfb167-morjas-the-belgian-black-suede-5-original.jpg",MORJAS,Apparel & Accessories > Shoes,Belgians,p125,male,adult,Black,Suede,112001010
p1643-v3160-s,MORJAS The Belgian - Black Deerskin,"The Belgian is our sleek, understated take on an iconic loafer. Versatile enough for casual denim or full black tie, it adapts to the occasion with ease. A thin, soft leather sole and small heel keep the silhouette clean and classic.",in stock,new,3200 SEK,https://www.morjas.com/product/the-belgian-black-deerskin,https://morjas.centracdn.net/client/dynamic/originals/1643_9312f821a9-morjas-the-belgian-black-deerskin-1-original.jpg,"https://morjas.centracdn.net/client/dynamic/originals/1643_ca0a4296cc-morjas-the-belgian-black-deerskin-wear-2-original.jpg,https://morjas.centracdn.net/client/dynamic/originals/1643_d721ec2310-morjas-the-belgian-black-deerskin-2-original.jpg,https://morjas.centracdn.net/client/dynamic/originals/1643_e48f64cd7b-morjas-the-belgian-black-deerskin-wear-1-original.jpg,https://morjas.centracdn.net/client/dynamic/originals/1643_2e3f2095d5-morjas-the-belgian-black-deerskin-3a-original.jpg,https://morjas.centracdn.net/client/dynamic/originals/1643_eeed5a6806-morjas-the-belgian-black-deerskin-4-original.jpg",MORJAS,Apparel & Accessories > Shoes,Belgians,p1643,male,adult,Black,Deerskin,112021057
p1644-v3161-s,MORJAS The Belgian - Brown Deerskin,"The Belgian is our sleek, understated take on an iconic loafer. Versatile enough for casual denim or full black tie, it adapts to the occasion with ease. A thin, soft leather sole and small heel keep the silhouette clean and classic.",in stock,new,3200 SEK,https://www.morjas.com/product/the-belgian-brown-deerskin,https://morjas.centracdn.net/client/dynamic/originals/1644_5f409bd794-morjas-the-belgian-brown-deerskin-1-original.jpg,"https://morjas.centracdn.net/client/dynamic/originals/1644_ebcd487cbe-morjas-the-belgian-brown-deerskin-wear-5a-original.jpg,https://morjas.centracdn.net/client/dynamic/originals/1644_376bd27aa1-morjas-the-belgian-brown-deerskin-2-original.jpg,https://morjas.centracdn.net/client/dynamic/originals/1644_226d93446c-morjas-the-belgian-brown-deerskin-4a-original.jpg,https://morjas.centracdn.net/client/dynamic/originals/1644_f44be797fc-morjas-the-belgian-brown-deerskin-5-original.jpg",MORJAS,Apparel & Accessories > Shoes,Belgians,p1644,male,adult,Brown,Deerskin,112031058
p7766-v9534-s,MORJAS The Belgian - Black Patent,"The Belgian in patent leather. A quieter alternative to The Opera Pump for black and white tie, with the same sleek silhouette that makes The Belgian work across occasions. The high-shine finish dresses the shoe up, while a thin leather sole and small heel keep the shape clean. Handcrafted in Spain.",in stock,new,3200 SEK,https://www.morjas.com/product/the-belgian-black-patent,https://morjas.centracdn.net/client/dynamic/originals/7766_5f3612a5cb-the-belgian-black-patent-1-kopia-original.jpg,"https://morjas.centracdn.net/client/dynamic/originals/7766_01a3017265-the-belgian-black-patent-wear-original.jpg,https://morjas.centracdn.net/client/dynamic/originals/7766_f29eecbd38-the-belgian-black-patent-2-original.jpg,https://morjas.centracdn.net/client/dynamic/originals/7766_972426ccdc-the-belgian-black-patent-3-original.jpg,https://morjas.centracdn.net/client/dynamic/originals/7766_3f5306df55-the-belgian-black-patent-4-original.jpg,https://morjas.centracdn.net/client/dynamic/originals/7766_2bc1abf4fe-the-belgian-black-patent-wear-1-original.jpg,https://morjas.centracdn.net/client/dynamic/originals/7766_c5531502f3-the-belgian-black-patent-5-original.jpg",MORJAS,Apparel & Accessories > Shoes,Belgians,p7766,male,adult,Black,Patent Leather,112101009
p3428-v5110-s,MORJAS The Belgian Rubber Sole - Black Deerskin,"The Belgian is our sleek and sophisticated take on an iconic loafer. Its chameleon-like versatility pairs effortlessly with everything from denim to black tie. Soft, colour-matched rubber soles elevate this version to a new level of comfort, making it ideal for home or when navigating the city.",in stock,new,3200 SEK,https://www.morjas.com/product/the-belgian-black-deerskin-rubber-sole,https://morjas.centracdn.net/client/dynamic/originals/3428_ed90f8523b-morjas-the-belgian-black-deerskin-rubber-sole-1-original.jpg,"https://morjas.centracdn.net/client/dynamic/originals/3428_87bcfb4148-morjas-the-belgian-black-deerskin-rubber-sole-2-original.jpg,https://morjas.centracdn.net/client/dynamic/originals/3428_b77050d0d4-morjas-the-belgian-black-deerskin-rubber-sole-still-life-original.jpg,https://morjas.centracdn.net/client/dynamic/originals/3428_af946744ba-morjas-the-belgian-black-deerskin-rubber-sole-wear-original.jpg,https://morjas.centracdn.net/client/dynamic/originals/3428_033eb1a0a0-morjas-the-belgian-black-deerskin-rubber-sole-4-original.jpg",MORJAS,Apparel & Accessories > Shoes,Belgians,p3428,male,adult,Black,Deerskin,112041057
p3427-v5109-s,MORJAS The Belgian Rubber Sole - Brown Deerskin,"The Belgian is our sleek and sophisticated take on an iconic loafer. Its chameleon-like versatility pairs effortlessly with everything from denim to black tie. Soft, colour-matched rubber soles elevate this version to a new level of comfort, making it ideal for home or when navigating the city.",in stock,new,3200 SEK,https://www.morjas.com/product/the-belgian-brown-deerskin-rubber-sole,https://morjas.centracdn.net/client/dynamic/originals/3427_400a0dc237-morjas-the-belgian-brown-deerskin-rubber-sole-1-original.jpg,"https://morjas.centracdn.net/client/dynamic/originals/3427_9b35720ff5-morjas-the-belgian-brown-deerskin-rubber-sole-wear-original.jpg,https://morjas.centracdn.net/client/dynamic/originals/3427_6ef34d6ec4-morjas-the-belgian-brown-deerskin-rubber-sole-5-original.jpg,https://morjas.centracdn.net/client/dynamic/originals/3427_717cb6329e-morjas-the-belgian-brown-deerskin-rubber-sole-2-original.jpg,https://morjas.centracdn.net/client/dynamic/originals/3427_920037efa0-morjas-the-belgian-brown-deerskin-4-original.jpg,https://morjas.centracdn.net/client/dynamic/originals/3427_aca843703a-morjas-the-belgian-brown-deerskin-rubber-sole-4-original.jpg",MORJAS,Apparel & Accessories > Shoes,Belgians,p3427,male,adult,Brown,Deerskin,112051058
p3555-v5310-s,MORJAS The Belgian Rubber Sole - Black Suede,"The Belgian is our sleek and sophisticated take on an iconic loafer. Its chameleon-like versatility pairs effortlessly with everything from denim to black tie. Soft, colour-matched rubber soles elevate this version to a new level of comfort, making it ideal for home or when navigating the city.",in stock,new,3200 SEK,https://www.morjas.com/product/the-belgian-black-suede-rubber-sole,https://morjas.centracdn.net/client/dynamic/originals/3555_41c19dbe60-morjas-the-belgian-black-suede-1-original.jpg,"https://morjas.centracdn.net/client/dynamic/originals/3555_d0418b2d55-morjas-the-belgian-black-suede-wear-original.jpg,https://morjas.centracdn.net/client/dynamic/originals/3555_53525b14d3-morjas-the-belgian-black-suede-2-original.jpg,https://morjas.centracdn.net/client/dynamic/originals/3555_6511a7a846-morjas-the-belgian-black-suede-3-original.jpg",MORJAS,Apparel & Accessories > Shoes,Belgians,p3555,male,adult,Black,Suede,112071010
p1638-v3155-s,MORJAS The Horsebit Loafer - Black Calf,"Built on the same last as our penny loafers, The Horsebit Loafer is finished with a metal bit detail across the vamp. Goodyear welted on a single leather sole and fully lined in leather. A classic silhouette informed by 1950s design, reworked with contemporary proportions, and equally at home with a suit or a worn pair of jeans. Handcrafted in Almansa, Spain.",in stock,new,3600 SEK,https://www.morjas.com/product/the-horsebit-loafer-black-calf,https://morjas.centracdn.net/client/dynamic/originals/1638_d1c801427a-the-horsebit-loafer-black-calf-1b-original.jpg,"https://morjas.centracdn.net/client/dynamic/originals/1638_90b77680a7-the-horsebit-loafer-black-calf-wear-3-original.jpg,https://morjas.centracdn.net/client/dynamic/originals/1638_6c3f3d2cb3-the-horsebit-loafer-black-calf-3a-original.jpg,https://morjas.centracdn.net/client/dynamic/originals/1638_c2f009c72d-the-horsebit-loafer-black-calf-4a-original.jpg,https://morjas.centracdn.net/client/dynamic/originals/1638_dda9f3ec08-the-horsebit-loafer-black-calf-2a-original.jpg,https://morjas.centracdn.net/client/dynamic/originals/1638_04b1fb9ec7-the-horsebit-loafer-black-grain-2-original.jpg",MORJAS,Apparel & Accessories > Shoes,Horsebit Loafers,p1638,male,adult,Black,Plain Leather,118001000
p1639-v3156-s,MORJAS The Horsebit Loafer - Brown Suede,"Built on the same last as our penny loafers, The Horsebit Loafer is finished with a metal bit detail across the vamp. Goodyear welted on a single leather sole and fully lined in leather. A classic silhouette informed by 1950s design, reworked with contemporary proportions, and equally at home with a suit or a worn pair of jeans. Handcrafted in Almansa, Spain.",in stock,new,3600 SEK,https://www.morjas.com/product/the-horsebit-loafer-brown-suede,https://morjas.centracdn.net/client/dynamic/originals/1639_d6cb3f8049-the-horsebit-loafer-brown-suede-original.jpg,"https://morjas.centracdn.net/client/dynamic/originals/1639_63a994d7d7-the-horsebit-loafer-brown-suede-wear-original.jpg,https://morjas.centracdn.net/client/dynamic/originals/1639_29d2f23c57-the-horsebit-loafer-brown-suede-3-original.jpg,https://morjas.centracdn.net/client/dynamic/originals/1639_72cdf96460-the-horsebit-loafer-brown-suede-4-original.jpg,https://morjas.centracdn.net/client/dynamic/originals/1639_4fa967fba0-the-horsebit-loafer-brown-suede-2-original.jpg,https://morjas.centracdn.net/client/dynamic/originals/1639_0584336ca2-the-horsebit-loafer-black-grain-2-original.jpg",MORJAS,Apparel & Accessories > Shoes,Horsebit Loafers,p1639,male,adult,Brown,Suede,118011003
p7769-v9537-s,MORJAS The Horsebit Loafer - Black Grain,"Built on the same last as our penny loafers, The Horsebit Loafer is finished with a metal bit detail across the vamp. Goodyear welted on a single leather sole and fully lined in leather. A classic silhouette informed by 1950s design, reworked with contemporary proportions, and equally at home with a suit or a worn pair of jeans. Handcrafted in Almansa, Spain.",in stock,new,3600 SEK,https://www.morjas.com/product/the-horsebit-loafer-black-grain,https://morjas.centracdn.net/client/dynamic/originals/7769_f4f9ee8bab-the-horsebit-loafer-black-grain-original.jpg,"https://morjas.centracdn.net/client/dynamic/originals/7769_a4c80eefec-the-horsebit-loafer-black-grain-wear2-original.jpg,https://morjas.centracdn.net/client/dynamic/originals/7769_33fdf4d18a-the-horsebit-loafer-black-grain-1-original.jpg,https://morjas.centracdn.net/client/dynamic/originals/7769_3ef0db6732-the-horsebit-loafer-black-grain-3-original.jpg,https://morjas.centracdn.net/client/dynamic/originals/7769_3945d41856-the-horsebit-loafer-black-grain-wear1-original.jpg,https://morjas.centracdn.net/client/dynamic/originals/7769_b7a4745564-the-horsebit-loafer-black-grain-4-original.jpg,https://morjas.centracdn.net/client/dynamic/originals/7769_8e3f7a9e64-the-horsebit-loafer-black-grain-2-original.jpg",MORJAS,Apparel & Accessories > Shoes,Horsebit Loafers,p7769,male,adult,Black,Grain Leather,118041005
p7770-v9538-s,MORJAS The Horsebit Loafer - Brown Grain,"Built on the same last as our penny loafers, The Horsebit Loafer is finished with a metal bit detail across the vamp. Goodyear welted on a single leather sole and fully lined in leather. A classic silhouette informed by 1950s design, reworked with contemporary proportions, and equally at home with a suit or a worn pair of jeans. Handcrafted in Almansa, Spain.",in stock,new,3600 SEK,https://www.morjas.com/product/the-horsebit-loafer-brown-grain,https://morjas.centracdn.net/client/dynamic/originals/7770_94a7f3156c-the-horsebit-loafer-brown-grain-kopia-original.jpg,"https://morjas.centracdn.net/client/dynamic/originals/7770_0559191c0a-the-horsebit-loafer-brown-grain-wear1-original.jpg,https://morjas.centracdn.net/client/dynamic/originals/7770_54762ab88f-the-horsebit-loafer-brown-grain-1-original.jpg,https://morjas.centracdn.net/client/dynamic/originals/7770_1a671b440a-the-horsebit-loafer-brown-grain-2-original.jpg,https://morjas.centracdn.net/client/dynamic/originals/7770_c744cd2c3e-the-horsebit-loafer-brown-grain-3-original.jpg,https://morjas.centracdn.net/client/dynamic/originals/7770_6d325d1393-the-horsebit-loafer-brown-grain-4-original.jpg",MORJAS,Apparel & Accessories > Shoes,Horsebit Loafers,p7770,male,adult,Brown,Grain Leather,118031007
p7773-v9541-s,MORJAS The Venetian - Black Grain,"The Venetian is a pared-back loafer, built on a moccasin construction and stitched by hand in Italy. A grained calf leather upper sits over a full leather lining and a cushioned insole that softens each step. Set on a soft and flexible rubber sole for further comfort and ease. The silhouette suits lighter tailoring and pairs just as well with shorts and bare ankles.",in stock,new,3000 SEK,https://www.morjas.com/product/the-venetian-black-grain,https://morjas.centracdn.net/client/dynamic/originals/7773_acbf402922-the-venetian-black-grain-1-original.jpg,"https://morjas.centracdn.net/client/dynamic/originals/7773_5cf584a399-the-venetian-black-grain-wear-original.jpg,https://morjas.centracdn.net/client/dynamic/originals/7773_a4ff119078-the-venetian-black-grain-5-original.jpg,https://morjas.centracdn.net/client/dynamic/originals/7773_9d21c7bec5-the-venetian-black-grain-4-original.jpg,https://morjas.centracdn.net/client/dynamic/originals/7773_ffe79eaa50-the-venetian-black-grain-3-original.jpg,https://morjas.centracdn.net/client/dynamic/originals/7773_55cb3a25cd-the-venetian-black-grain-2-original.jpg",MORJAS,Apparel & Accessories > Shoes,,p7773,male,adult,Black,Grain Leather,130001005
p7774-v9542-s,MORJAS The Venetian - Brown Grain,"The Venetian is a pared-back loafer, built on a moccasin construction and stitched by hand in Italy. A grained calf leather upper sits over a full leather lining and a cushioned insole that softens each step. Set on a soft and flexible rubber sole for further comfort and ease. The silhouette suits lighter tailoring and pairs just as well with shorts and bare ankles.",in stock,new,3000 SEK,https://www.morjas.com/product/the-venetian-brown-grain,https://morjas.centracdn.net/client/dynamic/originals/7774_125691cfff-the-venetian-brown-grain-1-original.jpg,"https://morjas.centracdn.net/client/dynamic/originals/7774_8b5996b329-the-venetian-brown-grain-wear-original.jpg,https://morjas.centracdn.net/client/dynamic/originals/7774_b930362214-the-venetian-brown-grain-5-original.jpg,https://morjas.centracdn.net/client/dynamic/originals/7774_0e487cff47-the-venetian-brown-grain-4-original.jpg,https://morjas.centracdn.net/client/dynamic/originals/7774_211d19b747-the-venetian-brown-grain-3-original.jpg,https://morjas.centracdn.net/client/dynamic/originals/7774_9a2b3b14fc-the-venetian-brown-grain-2-original.jpg",MORJAS,Apparel & Accessories > Shoes,,p7774,male,adult,Brown,Grain Leather,130011007
p7775-v9543-s,MORJAS The Venetian - Brown Suede,"The Venetian is a pared-back loafer, built on a moccasin construction and stitched by hand in Italy. A suede upper sits over a full leather lining and a cushioned insole that softens each step. Set on a soft and flexible rubber sole for further comfort and ease. The silhouette suits lighter tailoring and pairs just as well with shorts and bare ankles.",in stock,new,3000 SEK,https://www.morjas.com/product/the-venetian-brown-suede,https://morjas.centracdn.net/client/dynamic/originals/7775_8387462d66-the-venetian-brown-suede-1-original.jpg,"https://morjas.centracdn.net/client/dynamic/originals/7775_5762d1d456-the-venetian-brown-suede-wear-original.jpg,https://morjas.centracdn.net/client/dynamic/originals/7775_340d3815c7-the-venetian-brown-suede-5-original.jpg,https://morjas.centracdn.net/client/dynamic/originals/7775_d4d42c0805-the-venetian-brown-suede-4-original.jpg,https://morjas.centracdn.net/client/dynamic/originals/7775_6b2048de91-the-venetian-brown-suede-3-original.jpg,https://morjas.centracdn.net/client/dynamic/originals/7775_9dc9271723-the-venetian-brown-suede-2-original.jpg",MORJAS,Apparel & Accessories > Shoes,,p7775,male,adult,Brown,Suede,130021003
p7776-v9544-s,MORJAS The Venetian - Sand Suede,"The Venetian is a pared-back loafer, built on a moccasin construction and stitched by hand in Italy. A suede upper sits over a full leather lining and a cushioned insole that softens each step. Set on a soft and flexible rubber sole for further comfort and ease. The silhouette suits lighter tailoring and pairs just as well with shorts and bare ankles.",in stock,new,3000 SEK,https://www.morjas.com/product/the-venetian-sand-suede,https://morjas.centracdn.net/client/dynamic/originals/7776_d50a0f600c-the-venetian-sand-suede-1-original.jpg,"https://morjas.centracdn.net/client/dynamic/originals/7776_917db96273-the-venetian-sand-suede-wear-original.jpg,https://morjas.centracdn.net/client/dynamic/originals/7776_c4e7cbc05a-the-venetian-sand-suede-5-original.jpg,https://morjas.centracdn.net/client/dynamic/originals/7776_9e59a42bd2-the-venetian-sand-suede-4-original.jpg,https://morjas.centracdn.net/client/dynamic/originals/7776_5f38ac6bd2-the-venetian-sand-suede-3-original.jpg,https://morjas.centracdn.net/client/dynamic/originals/7776_80ea36847e-the-venetian-sand-suede-2-original.jpg",MORJAS,Apparel & Accessories > Shoes,,p7776,male,adult,Sand,Suede,130031008
p7333-v9088-s,MORJAS The Full Strap Loafer - Black Calf,"A low-cut loafer with a clean silhouette, defined by its shorter vamp and full-length strap that runs clean across the upper. Set on a single leather sole with Goodyear welt construction. Handmade in Almansa, Spain.",in stock,new,3700 SEK,https://www.morjas.com/product/the-full-strap-loafer-black-calf,https://morjas.centracdn.net/client/dynamic/originals/7333_59d77bc39e-morjas-the-fullstrap-loafer-black-calf-2-kopia-original.jpg,"https://morjas.centracdn.net/client/dynamic/originals/7333_093209a375-morjas-the-fullstrap-loafer-black-calf-wear-original.jpg,https://morjas.centracdn.net/client/dynamic/originals/7333_4ded43110a-morjas-the-fullstrap-loafer-black-calf-4-original.jpg,https://morjas.centracdn.net/client/dynamic/originals/7333_09bd5fa415-morjas-the-fullstrap-loafer-black-calf-5-original.jpg,https://morjas.centracdn.net/client/dynamic/originals/7333_57e7a745ed-morjas-the-fullstrap-loafer-black-calf-3-original.jpg,https://morjas.centracdn.net/client/dynamic/originals/7333_dc60cf8e5c-morjas-the-fullstrap-loafer-black-calf-1-original.jpg",MORJAS,Apparel & Accessories > Shoes,Penny Loafers,p7333,male,adult,Black,Plain Leather,100321000
p123-v1640-s,MORJAS The Opera Pump - Black Patent,"For us, the most elegant shoe to wear with black and white tie. The Opera Pump is a slipper with a bow on the front and a black satin quilted lining, handcrafted in Spain from patent leather. A style that has entered the 21st century pretty much exactly as it left the 19th.",in stock,new,3200 SEK,https://www.morjas.com/product/the-opera-pump-black-patent,https://morjas.centracdn.net/client/dynamic/originals/123_3fdf13c8d6-morjas-the-opera-pump-black-patent-1-original.jpg,"https://morjas.centracdn.net/client/dynamic/originals/123_ebb70976d4-the-opera-pump-black-patent-wear2-original.jpg,https://morjas.centracdn.net/client/dynamic/originals/123_01ce70363d-morjas-the-opera-pump-black-patent-2-original.jpg,https://morjas.centracdn.net/client/dynamic/originals/123_eba768475c-morjas-the-opera-pump-black-patent-wear-original.jpg,https://morjas.centracdn.net/client/dynamic/originals/123_3f2300c7c7-morjas-the-opera-pump-black-patent-3-original.jpg",MORJAS,Apparel & Accessories > Shoes,Opera Pumps,p123,male,adult,Black,Patent Leather,110001009
p3130-v4811-s,MORJAS The Espadrille - Beige Suede,"Our take on the classic espadrille is set on a slightly elevated jute sole for a refined, effortless look. The soft upper and grounded silhouette make it a natural choice for warm-weather dressing. Each pair is handcrafted using traditional methods, giving every shoe a subtle, individual charm.",in stock,new,1500 SEK,https://www.morjas.com/product/the-espadrille-beige-suede,https://morjas.centracdn.net/client/dynamic/originals/3130_6f96e5c12e-morjas-the-espadrille-beige-suede-original.jpg,"https://morjas.centracdn.net/client/dynamic/originals/3130_41bcbb5a6a-morjas-the-espadrille-beige-suede-wear-2a-original.jpg,https://morjas.centracdn.net/client/dynamic/originals/3130_5afefddb62-morjas-the-espadrille-beige-suede-still-life-original.jpg,https://morjas.centracdn.net/client/dynamic/originals/3130_ceb4567420-morjas-the-espadrille-beige-suede-1-original.jpg,https://morjas.centracdn.net/client/dynamic/originals/3130_0823512576-morjas-the-espadrille-beige-suede-2-original.jpg,https://morjas.centracdn.net/client/dynamic/originals/3130_b526f56a67-morjas-the-espadrille-beige-suede-6-original.jpg",MORJAS,Apparel & Accessories > Shoes,Espadrilles,p3130,male,adult,Beige,Suede,114181086
p2453-v4065-s,MORJAS The Espadrille - All Black Suede,"Our take on the classic espadrille is set on a slightly elevated jute sole for a refined, effortless look. The soft upper and grounded silhouette make it a natural choice for warm-weather dressing. Each pair is handcrafted using traditional methods, giving every shoe a subtle, individual charm.",out of stock,new,1500 SEK,https://www.morjas.com/product/the-espadrille-all-black-suede,https://morjas.centracdn.net/client/dynamic/originals/2453_b3f39dec29-morjas-the-espadrille-all-black-suede-original.jpg,"https://morjas.centracdn.net/client/dynamic/originals/2453_5377f9e55e-morjas-the-espadrille-all-black-suede-wear2-original.jpg,https://morjas.centracdn.net/client/dynamic/originals/2453_c8ec07f4e6-morjas-the-espadrille-all-black-suede-2-original.jpg,https://morjas.centracdn.net/client/dynamic/originals/2453_30db840aaf-morjas-the-espadrille-all-black-suede-still-life-original.jpg,https://morjas.centracdn.net/client/dynamic/originals/2453_cf4ac3ad76-morjas-the-espadrille-all-black-suede-3-original.jpg,https://morjas.centracdn.net/client/dynamic/originals/2453_6c3b265b18-morjas-the-espadrille-all-black-suede-1-original.jpg",MORJAS,Apparel & Accessories > Shoes,Espadrilles,p2453,male,adult,Black,Suede,114161068
p1648-v3165-s,MORJAS The Espadrille - Taupe Suede,"Our take on the classic espadrille is set on a slightly elevated jute sole for a refined, effortless look. The soft upper and grounded silhouette make it a natural choice for warm-weather dressing. Each pair is handcrafted using traditional methods, giving every shoe a subtle, individual charm.",in stock,new,1500 SEK,https://www.morjas.com/product/the-espadrille-taupe-suede,https://morjas.centracdn.net/client/dynamic/originals/1648_c483d50be8-morjas-the-espadrille-taupe-suede-original.jpg,"https://morjas.centracdn.net/client/dynamic/originals/1648_908b815d3f-morjas-the-espadrille-taupe-suede-wear-3-original.jpg,https://morjas.centracdn.net/client/dynamic/originals/1648_7f20bf9232-morjas-the-espadrille-taupe-suede-still-life-original.jpg,https://morjas.centracdn.net/client/dynamic/originals/1648_d986b3518a-morjas-the-espadrille-taupe-suede-1-original.jpg,https://morjas.centracdn.net/client/dynamic/originals/1648_33f4273028-morjas-the-espadrille-taupe-suede-2-original.jpg,https://morjas.centracdn.net/client/dynamic/originals/1648_08243f71fc-morjas-the-espadrille-taupe-suede-6-original.jpg",MORJAS,Apparel & Accessories > Shoes,Espadrilles,p1648,male,adult,Taupe,Suede,114121062
p783-v2300-s,MORJAS The Espadrille - Navy Suede,"Our take on the classic espadrille is set on a slightly elevated jute sole for a refined, effortless look. The soft upper and grounded silhouette make it a natural choice for warm-weather dressing. Each pair is handcrafted using traditional methods, giving every shoe a subtle, individual charm.",in stock,new,1500 SEK,https://www.morjas.com/product/the-espadrille-navy-suede-1,https://morjas.centracdn.net/client/dynamic/originals/783_b6466b8866-morjas-the-espadrille-navy-suede-1-original.jpg,"https://morjas.centracdn.net/client/dynamic/originals/783_4023c2016b-morjas-the-espadrille-navy-suede-wear3-original.jpg,https://morjas.centracdn.net/client/dynamic/originals/783_8b07cc4c73-morjas-the-espadrille-navy-suede-2-original.jpg,https://morjas.centracdn.net/client/dynamic/originals/783_0fcb6cdd7e-the-espadrille-still-life-triple-navy-light-grey-black-original.jpg,https://morjas.centracdn.net/client/dynamic/originals/783_dff5894b6e-morjas-the-espadrille-brown-suede-4-new-logo-original.jpg,https://morjas.centracdn.net/client/dynamic/originals/783_366c93b1f1-morjas-the-espadrille-navy-suede-3-original.jpg,https://morjas.centracdn.net/client/dynamic/originals/783_bf7a72f3f6-morjas-the-espadrille-navy-suede-6-original.jpg",MORJAS,Apparel & Accessories > Shoes,Espadrilles,p783,male,adult,Navy,Suede,114101011
p782-v2299-s,MORJAS The Espadrille - Light Grey Suede,"Our take on the classic espadrille is set on a slightly elevated jute sole for a refined, effortless look. The soft upper and grounded silhouette make it a natural choice for warm-weather dressing. Each pair is handcrafted using traditional methods, giving every shoe a subtle, individual charm.",in stock,new,1500 SEK,https://www.morjas.com/product/the-espadrille-light-grey-suede,https://morjas.centracdn.net/client/dynamic/originals/782_2f6e132a82-morjas-the-espadrille-light-grey-suede-1-original.jpg,"https://morjas.centracdn.net/client/dynamic/originals/782_be85b1e453-morjas-the-espadrille-light-grey-suede-wear3-original.jpg,https://morjas.centracdn.net/client/dynamic/originals/782_edd5ce645c-morjas-the-espadrille-light-grey-suede-2-original.jpg,https://morjas.centracdn.net/client/dynamic/originals/782_f874e3332d-the-espadrille-still-life-triple-navy-light-grey-black-original.jpg,https://morjas.centracdn.net/client/dynamic/originals/782_643c9e81e1-morjas-the-espadrille-light-grey-suede-3-original.jpg,https://morjas.centracdn.net/client/dynamic/originals/782_47fa96c93f-morjas-the-espadrille-light-grey-suede-6-original.jpg",MORJAS,Apparel & Accessories > Shoes,Espadrilles,p782,male,adult,Light Grey,Suede,114091024
p1649-v3166-s,MORJAS The Espadrille - Ivory Canvas,"Our take on the classic espadrille is set on a slightly elevated jute sole for a refined, effortless look. The soft upper and grounded silhouette make it a natural choice for warm-weather dressing. Each pair is handcrafted using traditional methods, giving every shoe a subtle, individual charm.",in stock,new,1400 SEK,https://www.morjas.com/product/the-espadrille-ivory-canvas,https://morjas.centracdn.net/client/dynamic/originals/1649_fdf1c1c04b-morjas-the-espadrille-ivory-canvas-original.jpg,"https://morjas.centracdn.net/client/dynamic/originals/1649_91e0df3eb2-the-espadrille-ivory-canvas-wear2-original.jpg,https://morjas.centracdn.net/client/dynamic/originals/1649_2cceb7b6ac-morjas-the-espadrille-ivory-canvas-1-original.jpg,https://morjas.centracdn.net/client/dynamic/originals/1649_072337f55f-morjas-the-espadrille-ivory-canvas-wear-original.jpg,https://morjas.centracdn.net/client/dynamic/originals/1649_b0aaec4ec1-morjas-the-espadrille-ivory-canvas-2-original.jpg,https://morjas.centracdn.net/client/dynamic/originals/1649_4b04172cda-morjas-the-espadrille-brown-suede-6-original.jpg",MORJAS,Apparel & Accessories > Shoes,Espadrilles,p1649,male,adult,Ivory,Canvas,114131063
p7768-v9536-s,MORJAS The Espadrille - All Brown Suede,"Our take on the classic espadrille is set on a slightly elevated jute sole for a refined, effortless look. The soft upper and grounded silhouette make it a natural choice for warm-weather dressing. Each pair is handcrafted using traditional methods, giving every shoe a subtle, individual charm.",out of stock,new,1500 SEK,https://www.morjas.com/product/the-espadrille-all-brown-suede,https://morjas.centracdn.net/client/dynamic/originals/7768_17f86aa666-the-espadrille-all-dark-brown-suede-1-original.jpg,"https://morjas.centracdn.net/client/dynamic/originals/7768_6d8298a0b5-the-espadrille-all-dark-brown-suede-wear-original.jpg,https://morjas.centracdn.net/client/dynamic/originals/7768_463bc487e4-the-espadrille-all-dark-brown-suede-3-original.jpg,https://morjas.centracdn.net/client/dynamic/originals/7768_908938f390-the-espadrille-all-dark-brown-suede-5-original.jpg,https://morjas.centracdn.net/client/dynamic/originals/7768_00f3df3fa9-the-espadrille-all-dark-brown-suede-4-original.jpg,https://morjas.centracdn.net/client/dynamic/originals/7768_c9a4fea4e1-the-espadrille-all-dark-brown-suede-2-original.jpg",MORJAS,Apparel & Accessories > Shoes,Espadrilles,p7768,male,adult,Brown,Suede,114211140
p779-v2296-s,MORJAS The Espadrille - Brown Suede,"Our take on the classic espadrille is set on a slightly elevated jute sole for a refined, effortless look. The soft upper and grounded silhouette make it a natural choice for warm-weather dressing. Each pair is handcrafted using traditional methods, giving every shoe a subtle, individual charm.",in stock,new,1500 SEK,https://www.morjas.com/product/the-espadrille-brown-suede,https://morjas.centracdn.net/client/dynamic/originals/779_907b2c767c-morjas-the-espadrille-brown-suede-original.jpg,"https://morjas.centracdn.net/client/dynamic/originals/779_ab3f5e6b25-the-espadrille-brown-suede-wear2-original.jpg,https://morjas.centracdn.net/client/dynamic/originals/779_f1fb211671-morjas-the-espadrille-brown-suede-1-original.jpg,https://morjas.centracdn.net/client/dynamic/originals/779_ef6d78c5e0-the-espadrille-brown-suede-wear3-original.jpg,https://morjas.centracdn.net/client/dynamic/originals/779_f0e557cadc-morjas-the-espadrille-brown-suede-2-original.jpg,https://morjas.centracdn.net/client/dynamic/originals/779_feb4fae06d-morjas-the-espadrille-brown-suede-6-original.jpg",MORJAS,Apparel & Accessories > Shoes,Espadrilles,p779,male,adult,Brown,Suede,114061003
p3689-v5444-s,MORJAS The Boat Shoe - Brown Grain,The Boat Shoe honours a classic form. Stitched by hand in Italy with a moccasin construction and left unlined for lightness. A tonal rubber sole adds grip and a discreet sporty character. The silhouette suits wide-leg trousers and pairs just as well with tailored shorts on deck.,in stock,new,2800 SEK,https://www.morjas.com/product/the-boat-shoe-brown-grain,https://morjas.centracdn.net/client/dynamic/originals/3689_c411ebc918-the-boat-shoe-brown-grain-1-original.jpg,"https://morjas.centracdn.net/client/dynamic/originals/3689_4bd2ac0e64-morjas-the-boat-shoe-brown-grain-wear-1-original.jpg,https://morjas.centracdn.net/client/dynamic/originals/3689_99c7497b59-the-boat-shoe-brown-grain-4-original.jpg,https://morjas.centracdn.net/client/dynamic/originals/3689_84a8de5136-morjas-the-boat-shoe-brown-grain-wear-2-original.jpg,https://morjas.centracdn.net/client/dynamic/originals/3689_091a513ecf-the-boat-shoe-brown-grain-3-original.jpg,https://morjas.centracdn.net/client/dynamic/originals/3689_101b72bdd5-the-boat-shoe-brown-grain-2-original.jpg,https://morjas.centracdn.net/client/dynamic/originals/3689_89c0b828dd-the-boat-shoe-brown-grain-5-original.jpg",MORJAS,Apparel & Accessories > Shoes,Boat Shoe,p3689,male,adult,Brown,Grain Leather,119091007
p3142-v4823-s,MORJAS The Boat Shoe - Brown Suede,The Boat Shoe honours a classic form. Stitched by hand in Italy with a moccasin construction and left unlined for lightness. A tonal rubber sole adds grip and a discreet sporty character. The silhouette suits wide-leg trousers and pairs just as well with tailored shorts on deck.,in stock,new,2800 SEK,https://www.morjas.com/product/the-boat-shoe-brown-suede,https://morjas.centracdn.net/client/dynamic/originals/3142_efa1ad7c70-the-boat-shoe-brown-suede-1-kopia-original.jpg,"https://morjas.centracdn.net/client/dynamic/originals/3142_60c0cd52c5-the-boat-shoe-brown-suede-wear3-original.jpg,https://morjas.centracdn.net/client/dynamic/originals/3142_5c34908074-the-boat-shoe-brown-suede-3-original.jpg,https://morjas.centracdn.net/client/dynamic/originals/3142_acf9321832-the-boat-shoe-brown-suede-4-original.jpg,https://morjas.centracdn.net/client/dynamic/originals/3142_794419eac8-the-boat-shoe-brown-suede-2-original.jpg,https://morjas.centracdn.net/client/dynamic/originals/3142_86bc8b0517-the-boat-shoe-brown-suede-wear2-original.jpg,https://morjas.centracdn.net/client/dynamic/originals/3142_6b677d772d-the-boat-shoe-brown-suede-5-original.jpg",MORJAS,Apparel & Accessories > Shoes,Boat Shoe,p3142,male,adult,Brown,Suede,119051003
p3162-v4844-s,MORJAS The Boat Shoe - Black Grain,The Boat Shoe honours a classic form. Stitched by hand in Italy with a moccasin construction and left unlined for lightness. A tonal rubber sole adds grip and a discreet sporty character. The silhouette suits wide-leg trousers and pairs just as well with tailored shorts on deck.,in stock,new,2800 SEK,https://www.morjas.com/product/the-boat-shoe-black-grain,https://morjas.centracdn.net/client/dynamic/originals/3162_cb3c49ab81-the-boat-shoe-black-grain-1-original.jpg,"https://morjas.centracdn.net/client/dynamic/originals/3162_c3ae0fd17e-the-boat-shoe-black-grain-detail-original.jpg,https://morjas.centracdn.net/client/dynamic/originals/3162_dd198ff379-the-boat-shoe-black-grain-wear-3-original.jpg,https://morjas.centracdn.net/client/dynamic/originals/3162_0c10e86d58-the-boat-shoe-black-grain-4-original.jpg,https://morjas.centracdn.net/client/dynamic/originals/3162_e67170afc7-the-boat-shoe-black-grain-3-original.jpg,https://morjas.centracdn.net/client/dynamic/originals/3162_afc87041a7-the-boat-shoe-black-grain-wear-1-original.jpg,https://morjas.centracdn.net/client/dynamic/originals/3162_c453ebce25-the-boat-shoe-black-grain-2-original.jpg,https://morjas.centracdn.net/client/dynamic/originals/3162_cc458bba8c-the-boat-shoe-black-grain-5-original.jpg",MORJAS,Apparel & Accessories > Shoes,Boat Shoe,p3162,male,adult,Black,Grain Leather,119071005
p7782-v9564-s,MORJAS The Boat Shoe - Sand Suede,The Boat Shoe honours a classic form. Stitched by hand in Italy with a moccasin construction and left unlined for lightness. A tonal rubber sole adds grip and a discreet sporty character. The silhouette suits wide-leg trousers and pairs just as well with tailored shorts on deck.,in stock,new,2800 SEK,https://www.morjas.com/product/the-boat-shoe-sand-suede,https://morjas.centracdn.net/client/dynamic/originals/7782_0f0ce8a23b-the-boat-shoe-sand-suede-1-copy-original.jpg,"https://morjas.centracdn.net/client/dynamic/originals/7782_79c8bc128a-the-boat-shoe-sand-suede-wear-1-original.jpg,https://morjas.centracdn.net/client/dynamic/originals/7782_fabe497e2e-the-boat-shoe-sand-suede-3-original.jpg,https://morjas.centracdn.net/client/dynamic/originals/7782_84e726a63c-the-boat-shoe-sand-suede-4-original.jpg,https://morjas.centracdn.net/client/dynamic/originals/7782_db47f3f938-the-boat-shoe-sand-suede-2-original.jpg,https://morjas.centracdn.net/client/dynamic/originals/7782_5c26163f21-the-boat-shoe-sand-suede-5-original.jpg",MORJAS,Apparel & Accessories > Shoes,Boat Shoe,p7782,male,adult,Sand,Suede,119121008
p7783-v9565-s,MORJAS The Boat Shoe - Brown Suede & Brown Calf,The Boat Shoe honours a classic form. Stitched by hand in Italy with a moccasin construction and left unlined for lightness. A tonal rubber sole adds grip and a discreet sporty character. The silhouette suits wide-leg trousers and pairs just as well with tailored shorts on deck.,in stock,new,2800 SEK,https://www.morjas.com/product/the-boat-shoe-brown-suede-and-brown-calf,https://morjas.centracdn.net/client/dynamic/originals/7783_a8ba1f8a1b-the-boat-shoe-brown-suede-and-brown-calf-kopia-original.jpg,"https://morjas.centracdn.net/client/dynamic/originals/7783_bb7e04f7d9-the-boat-shoe-brown-suede-and-brown-calf-wear-2-original.jpg,https://morjas.centracdn.net/client/dynamic/originals/7783_f6947648c4-the-boat-shoe-brown-suede-and-brown-calf-4-original.jpg,https://morjas.centracdn.net/client/dynamic/originals/7783_8ff5c418bc-the-boat-shoe-brown-suede-and-brown-calf-3-original.jpg,https://morjas.centracdn.net/client/dynamic/originals/7783_89b555e1d4-the-boat-shoe-brown-suede-and-brown-calf-2-original.jpg,https://morjas.centracdn.net/client/dynamic/originals/7783_2c3c1530ab-the-boat-shoe-brown-suede-and-brown-calf-5-original.jpg",MORJAS,Apparel & Accessories > Shoes,Boat Shoe,p7783,male,adult,Brown,Suede,119131144
p3141-v4822-s,MORJAS The Boat Shoe - Black Suede,The Boat Shoe honours a classic form. Stitched by hand in Italy with a moccasin construction and left unlined for lightness. A tonal rubber sole adds grip and a discreet sporty character. The silhouette suits wide-leg trousers and pairs just as well with tailored shorts on deck.,in stock,new,2800 SEK,https://www.morjas.com/product/the-boat-shoe-black-suede-black,https://morjas.centracdn.net/client/dynamic/originals/3141_77a186d27e-the-boat-shoe-black-suede-1-kopia-original.jpg,"https://morjas.centracdn.net/client/dynamic/originals/3141_6e2faa0c7f-the-boat-shoe-black-suede-wear1-original.jpg,https://morjas.centracdn.net/client/dynamic/originals/3141_36fdd46c5e-the-boat-shoe-black-suede-2-original.jpg,https://morjas.centracdn.net/client/dynamic/originals/3141_f170ff1c93-the-boat-shoe-black-suede-3-zoom-original.jpg,https://morjas.centracdn.net/client/dynamic/originals/3141_396037aa81-the-boat-shoe-black-suede-4-original.jpg,https://morjas.centracdn.net/client/dynamic/originals/3141_e5df5eac36-the-boat-shoe-black-suede-3-original.jpg,https://morjas.centracdn.net/client/dynamic/originals/3141_57ab771ef5-the-boat-shoe-black-suede-5-original.jpg",MORJAS,Apparel & Accessories > Shoes,Boat Shoe,p3141,male,adult,Black,Suede,119041010
p7779-v9561-s,MORJAS The Deck Shoe - Cream Canvas,"The Deck Shoe is rooted in maritime tradition and made by hand in Portugal with a light, breathable canvas upper. The high-traction white rubber sole has a textured surface to help prevent slipping on deck, while the clean profile pairs easily with relaxed tailoring, denim or other casual pieces.",in stock,new,1800 SEK,https://www.morjas.com/product/the-deck-shoe-cream-canvas,https://morjas.centracdn.net/client/dynamic/originals/7779_523234a901-the-deck-shoe-cream-canvas-1-kopia-original.jpg,"https://morjas.centracdn.net/client/dynamic/originals/7779_0daa53cc8b-the-deck-shoe-cream-canvas-wear-original.jpg,https://morjas.centracdn.net/client/dynamic/originals/7779_3c7c22fcf4-the-deck-shoe-cream-canvas-4-original.jpg,https://morjas.centracdn.net/client/dynamic/originals/7779_b6869a569a-the-deck-shoe-cream-canvas-3-original.jpg,https://morjas.centracdn.net/client/dynamic/originals/7779_1eea641d22-the-deck-shoe-cream-canvas-2-original.jpg,https://morjas.centracdn.net/client/dynamic/originals/7779_38ab1e19d7-the-deck-shoe-lavender-canvas-5-original.jpg",MORJAS,Apparel & Accessories > Shoes,Deck Shoes,p7779,male,adult,Cream,Canvas,113331142
p3685-v5440-s,MORJAS The Deck Shoe - Navy Canvas,"The Deck Shoe is rooted in maritime tradition and made by hand in Portugal with a light, breathable canvas upper. The high-traction white rubber sole has a textured surface to help prevent slipping on deck, while the clean profile pairs easily with relaxed tailoring, denim or other casual pieces.",in stock,new,1800 SEK,https://www.morjas.com/product/the-deck-shoe-navy-canvas,https://morjas.centracdn.net/client/dynamic/originals/3685_4c828b482e-the-deck-shoe-navy-canvas-1-kopia-original.jpg,"https://morjas.centracdn.net/client/dynamic/originals/3685_100a59cc4b-the-deck-shoe-navy-canvas-wear2-original.jpg,https://morjas.centracdn.net/client/dynamic/originals/3685_a2ea9d6478-the-deck-shoe-navy-canvas-4-original.jpg,https://morjas.centracdn.net/client/dynamic/originals/3685_0254d23cbe-the-deck-shoe-navy-canvas-3-original.jpg,https://morjas.centracdn.net/client/dynamic/originals/3685_9eb34a62a0-the-deck-shoe-navy-canvas-wear-original.jpg,https://morjas.centracdn.net/client/dynamic/originals/3685_7ac8384ec5-the-deck-shoe-navy-canvas-2-original.jpg,https://morjas.centracdn.net/client/dynamic/originals/3685_37f2803865-the-deck-shoe-lavender-canvas-5-original.jpg",MORJAS,Apparel & Accessories > Shoes,Deck Shoes,p3685,male,adult,Navy,Canvas,113281110
p7778-v9560-s,MORJAS The Deck Shoe - Lavender Canvas,"The Deck Shoe is rooted in maritime tradition and made by hand in Portugal with a light, breathable canvas upper. The high-traction white rubber sole has a textured surface to help prevent slipping on deck, while the clean profile pairs easily with relaxed tailoring, denim or other casual pieces.",in stock,new,1800 SEK,https://www.morjas.com/product/the-deck-shoe-lavender-canvas,https://morjas.centracdn.net/client/dynamic/originals/7778_1f3986601a-the-deck-shoe-lavender-canvas-1-kopia-original.jpg,"https://morjas.centracdn.net/client/dynamic/originals/7778_bf1830a520-the-deck-shoe-lavender-canvas-wear-original.jpg,https://morjas.centracdn.net/client/dynamic/originals/7778_49ef987a65-the-deck-shoe-lavender-canvas-4-original.jpg,https://morjas.centracdn.net/client/dynamic/originals/7778_d22a05616c-the-deck-shoe-lavender-canvas-3-original.jpg,https://morjas.centracdn.net/client/dynamic/originals/7778_5d46194b6b-the-deck-shoe-lavender-canvas-2-original.jpg,https://morjas.centracdn.net/client/dynamic/originals/7778_63ac51fee9-the-deck-shoe-lavender-canvas-wear-1-original.jpg,https://morjas.centracdn.net/client/dynamic/originals/7778_1c7368b554-the-deck-shoe-lavender-canvas-5-original.jpg",MORJAS,Apparel & Accessories > Shoes,Deck Shoes,p7778,male,adult,,Canvas,113321143
p7772-v9540-s,MORJAS The Plimsoll - Cream Canvas,"The only shoe we bake. The Plimsoll is crafted using vulcanisation, a construction technique where the sole and upper are fired at 140 degrees and fused into a single structure. The result is a sneaker that is both flexible and durable, with a lightweight feel suited to spring and summer. Breathable, easy to wear, and built with materials that develop character over time.",in stock,new,1900 SEK,https://www.morjas.com/product/the-plimsoll-cream-canvas,https://morjas.centracdn.net/client/dynamic/originals/7772_dfbc232ff1-the-plimsoll-cream-canvas-1-kopia-original.jpg,"https://morjas.centracdn.net/client/dynamic/originals/7772_c124e936f8-the-plimsoll-cream-canvas-wear-1-original.jpg,https://morjas.centracdn.net/client/dynamic/originals/7772_2be2c6d88b-the-plimsoll-cream-canvas-5-original.jpg,https://morjas.centracdn.net/client/dynamic/originals/7772_d830f78785-the-plimsoll-cream-canvas-3-original.jpg,https://morjas.centracdn.net/client/dynamic/originals/7772_3810701d7b-the-plimsoll-cream-canvas-4-original.jpg,https://morjas.centracdn.net/client/dynamic/originals/7772_83edd8a016-the-plimsoll-cream-canvas-2-original.jpg",MORJAS,Apparel & Accessories > Shoes,Plimsolls,p7772,male,adult,White,Canvas,123041142
p3681-v5436-s,MORJAS The Plimsoll - Taupe Nubuck,"The only shoe we bake. The Plimsoll is crafted using vulcanisation, a construction technique where the sole and upper are fired at 140 degrees and fused into a single structure. The result is a sneaker that is both flexible and durable, with a lightweight feel suited to spring and summer. Breathable, easy to wear, and built with materials that develop character over time.",in stock,new,1900 SEK,https://www.morjas.com/product/the-plimsoll-taupe-nubuck,https://morjas.centracdn.net/client/dynamic/originals/3681_cafedb6ac7-the-plimsoll-taupe-nubuck-1-original.jpg,"https://morjas.centracdn.net/client/dynamic/originals/3681_0379393ceb-the-plimsoll-taupe-nubuck-wear-original.jpg,https://morjas.centracdn.net/client/dynamic/originals/3681_3c9a2a0ab3-the-plimsoll-taupe-nubuck-2-original.jpg,https://morjas.centracdn.net/client/dynamic/originals/3681_b7f0fcb768-the-plimsoll-taupe-nubuck-4-original.jpg,https://morjas.centracdn.net/client/dynamic/originals/3681_a7294309ff-the-plimsoll-taupe-nubuck-wear2-original.jpg,https://morjas.centracdn.net/client/dynamic/originals/3681_a72ce782db-the-plimsoll-taupe-nubuck-5-original.jpg",MORJAS,Apparel & Accessories > Shoes,Plimsolls,p3681,male,adult,Taupe,Nubuck,123021108
p7771-v9539-s,MORJAS The Plimsoll - Olive Drab Canvas,"The only shoe we bake. The Plimsoll is crafted using vulcanisation, a construction technique where the sole and upper are fired at 140 degrees and fused into a single structure. The result is a sneaker that is both flexible and durable, with a lightweight feel suited to spring and summer. Breathable, easy to wear, and built with materials that develop character over time.",in stock,new,1900 SEK,https://www.morjas.com/product/the-plimsoll-olive-drab-canvas,https://morjas.centracdn.net/client/dynamic/originals/7771_c2c5c8ca1b-the-plimsoll-olive-drab-canvas-1-kopia-original.jpg,"https://morjas.centracdn.net/client/dynamic/originals/7771_ae42f09be3-the-plimsoll-olive-drab-canvas-wear-original.jpg,https://morjas.centracdn.net/client/dynamic/originals/7771_790990ba09-the-plimsoll-olive-drab-canvas-2-original.jpg,https://morjas.centracdn.net/client/dynamic/originals/7771_9e82b53b4d-the-plimsoll-olive-drab-canvas-6-original.jpg,https://morjas.centracdn.net/client/dynamic/originals/7771_efaa1824fc-the-plimsoll-olive-drab-canvas-4-original.jpg,https://morjas.centracdn.net/client/dynamic/originals/7771_aa7f512296-the-plimsoll-olive-drab-canvas-wear-1-original.jpg,https://morjas.centracdn.net/client/dynamic/originals/7771_e6a484f928-the-plimsoll-olive-drab-canvas-3-original.jpg,https://morjas.centracdn.net/client/dynamic/originals/7771_1b7de3374c-the-plimsoll-olive-drab-canvas-5-original.jpg",MORJAS,Apparel & Accessories > Shoes,Plimsolls,p7771,male,adult,Green,Canvas,123031141
p3682-v5437-s,MORJAS The Plimsoll - Black Suede,"The only shoe we bake. The Plimsoll is crafted using vulcanisation, a construction technique where the sole and upper are fired at 140 degrees and fused into a single structure. The result is a sneaker that is both flexible and durable, with a lightweight feel suited to spring and summer. Breathable, easy to wear, and built with materials that develop character over time.",in stock,new,1900 SEK,https://www.morjas.com/product/the-plimsoll-black-suede,https://morjas.centracdn.net/client/dynamic/originals/3682_c1156deaec-the-plimsoll-black-suede-1-original.jpg,"https://morjas.centracdn.net/client/dynamic/originals/3682_79b3bf67c9-the-plimsoll-black-suede-wear-2-original.jpg,https://morjas.centracdn.net/client/dynamic/originals/3682_ec7819be7d-the-plimsoll-black-suede-still-life-original.jpg,https://morjas.centracdn.net/client/dynamic/originals/3682_cd572e7e5d-the-plimsoll-black-suede-2-original.jpg,https://morjas.centracdn.net/client/dynamic/originals/3682_bda7327db8-the-plimsoll-black-suede-wear-1-original.jpg,https://morjas.centracdn.net/client/dynamic/originals/3682_d9e4b09727-the-plimsoll-black-suede-4-original.jpg,https://morjas.centracdn.net/client/dynamic/originals/3682_5a240150bf-the-plimsoll-black-suede-5-original.jpg",MORJAS,Apparel & Accessories > Shoes,Plimsolls,p3682,male,adult,Black,Suede,123001010
p772-v2289-s,MORJAS The Sneaker 02 - White Leather,"A subtle, under-the-radar sneaker with clean, low-profile lines. Made by hand in Portugal, it’s shaped for a sharp, pared-back silhouette that works in any setting. Designed for everyday wear, it offers a crisp, unforced look.",in stock,new,2300 SEK,https://www.morjas.com/product/the-sneaker-02-white-leather,https://morjas.centracdn.net/client/dynamic/originals/772_d2bb4f534f-the-sneaker-02-white-leather-1-kopia-original.jpg,"https://morjas.centracdn.net/client/dynamic/originals/772_47e77d1d47-the-sneaker-02-white-leather-wear-2-original.jpg,https://morjas.centracdn.net/client/dynamic/originals/772_9de3f35b6d-the-sneaker-02-white-leather-2-original.jpg,https://morjas.centracdn.net/client/dynamic/originals/772_9591745d17-the-sneaker-02-white-leather-3-original.jpg,https://morjas.centracdn.net/client/dynamic/originals/772_7ff6ee21d1-the-sneaker-02-white-leather-4-original.jpg,https://morjas.centracdn.net/client/dynamic/originals/772_052d8c84b1-the-sneaker-02-white-leather-5-original.jpg",MORJAS,Apparel & Accessories > Shoes,Sneakers,p772,male,adult,White,Plain Leather,113111027
p3678-v5433-s,MORJAS The Court Sneaker - Off-White,"The Court Sneaker draws on tennis and basketball shoes from the 70s and 80s. A low-top profile built for daily wear. Made by hand in Portugal on a leatherboard base, chosen for its strength and structure. The suede and leather upper has perforated detailing and sits on a thermoplastic rubber sole. Built with arch support and cushioning for sustained comfort on foot.",in stock,new,2500 SEK,https://www.morjas.com/product/the-court-sneaker-off-white,https://morjas.centracdn.net/client/dynamic/originals/3678_63c614d813-the-court-sneaker-off-white-1a-kopia-original.jpg,"https://morjas.centracdn.net/client/dynamic/originals/3678_fa67eb69dc-the-court-sneaker-off-white-wear-original.jpg,https://morjas.centracdn.net/client/dynamic/originals/3678_658df66d8b-the-court-sneaker-off-white-3-2-original.jpg,https://morjas.centracdn.net/client/dynamic/originals/3678_b38372d87a-the-court-sneaker-off-white-5-2-original.jpg,https://morjas.centracdn.net/client/dynamic/originals/3678_024731bf41-the-court-sneaker-off-white-2-2-original.jpg,https://morjas.centracdn.net/client/dynamic/originals/3678_f0b386ad66-the-court-sneaker-off-white-4-2-original.jpg",MORJAS,Apparel & Accessories > Shoes,Court Sneakers,p3678,male,adult,White,Suede,113271112
p1659-v3176-s,MORJAS The Sneaker 02 - Dark Brown Suede,"A subtle, under-the-radar sneaker with clean, low-profile lines. Made by hand in Portugal, it’s shaped for a sharp, pared-back silhouette that works in any setting. Designed for everyday wear, it offers a crisp, unforced look.",in stock,new,2300 SEK,https://www.morjas.com/product/the-sneaker-02-all-dark-brown-suede,https://morjas.centracdn.net/client/dynamic/originals/1659_c39a97cf4a-the-sneaker-02-dark-brown-suede-1a-kopia-original.jpg,"https://morjas.centracdn.net/client/dynamic/originals/1659_aeae515e0e-the-sneaker-02-dark-brown-suede-wear1-original.jpg,https://morjas.centracdn.net/client/dynamic/originals/1659_1bacbf0b8b-the-sneaker-02-dark-brown-suede-5a-original.jpg,https://morjas.centracdn.net/client/dynamic/originals/1659_63888371a9-the-sneaker-02-dark-brown-suede-wear2-original.jpg,https://morjas.centracdn.net/client/dynamic/originals/1659_2d1ce70c60-the-sneaker-02-dark-brown-suede-4a-original.jpg,https://morjas.centracdn.net/client/dynamic/originals/1659_0a875564dc-the-sneaker-02-dark-brown-suede-3a-original.jpg,https://morjas.centracdn.net/client/dynamic/originals/1659_32caaae79d-the-sneaker-02-dark-brown-suede-2a-original.jpg",MORJAS,Apparel & Accessories > Shoes,Sneakers,p1659,male,adult,Brown,Suede,113131067
p2456-v4068-s,MORJAS The Sneaker 02 - Nougat Suede,"A subtle, under-the-radar sneaker with clean, low-profile lines. Made by hand in Portugal, it’s shaped for a sharp, pared-back silhouette that works in any setting. Designed for everyday wear, it offers a crisp, unforced look.",in stock,new,2300 SEK,https://www.morjas.com/product/the-sneaker-02-nougat-suede,https://morjas.centracdn.net/client/dynamic/originals/2456_17ba7abdee-the-sneaker-02-nougat-suede-2a-kopia-original.jpg,"https://morjas.centracdn.net/client/dynamic/originals/2456_d71912f074-the-sneaker-02-nougat-suede-5-2-original.jpg,https://morjas.centracdn.net/client/dynamic/originals/2456_9508f2140f-the-sneaker-02-nougat-suede-2-2-original.jpg,https://morjas.centracdn.net/client/dynamic/originals/2456_e4c232e718-the-sneaker-02-nougat-suede-4-2-original.jpg,https://morjas.centracdn.net/client/dynamic/originals/2456_719899b704-the-sneaker-02-white-leather-3a-original.jpg",MORJAS,Apparel & Accessories > Shoes,Sneakers,p2456,male,adult,Brown,Suede,113161074
p766-v2283-s,MORJAS The Sneaker 02 - Navy Suede,"A subtle, under-the-radar sneaker with clean, low-profile lines. Made by hand in Portugal, it’s shaped for a sharp, pared-back silhouette that works in any setting. Designed for everyday wear, it offers a crisp, unforced look.",in stock,new,2300 SEK,https://www.morjas.com/product/the-sneaker-02-navy-suede,https://morjas.centracdn.net/client/dynamic/originals/766_99672ed879-the-sneaker-02-navy-suede-2a-kopia-original.jpg,"https://morjas.centracdn.net/client/dynamic/originals/766_fffd4f7a53-the-sneaker-02-navy-suede-wear-original.jpg,https://morjas.centracdn.net/client/dynamic/originals/766_6f4a46df0d-the-sneaker-02-navy-suede-5-3-original.jpg,https://morjas.centracdn.net/client/dynamic/originals/766_748a533558-the-sneaker-02-navy-suede-4-2-original.jpg,https://morjas.centracdn.net/client/dynamic/originals/766_f423b6b8b7-the-sneaker-02-navy-suede-2-2-original.jpg,https://morjas.centracdn.net/client/dynamic/originals/766_fcd017a91b-the-sneaker-02-white-leather-3a-original.jpg",MORJAS,Apparel & Accessories > Shoes,Sneakers,p766,male,adult,Navy,Suede,113051011
p3692-v5447-s,MORJAS The Sneaker 02 - Beige Suede,"A subtle, under-the-radar sneaker with clean, low-profile lines. Made by hand in Portugal, it’s shaped for a sharp, pared-back silhouette that works in any setting. Designed for everyday wear, it offers a crisp, unforced look.",in stock,new,2300 SEK,https://www.morjas.com/product/the-sneaker-02-beige-suede,https://morjas.centracdn.net/client/dynamic/originals/3692_096e0acba2-the-sneaker-02-beige-suede-1-kopia-original.jpg,"https://morjas.centracdn.net/client/dynamic/originals/3692_f0b67b9eba-the-sneaker-02-beige-suede-original.jpg,https://morjas.centracdn.net/client/dynamic/originals/3692_536a9ec5e5-the-sneaker-02-beige-suede-3-original.jpg,https://morjas.centracdn.net/client/dynamic/originals/3692_d35c9e7c31-the-sneaker-02-beige-suede-2-original.jpg,https://morjas.centracdn.net/client/dynamic/originals/3692_11f482d034-the-sneaker-02-beige-suede-2-2a-original.jpg,https://morjas.centracdn.net/client/dynamic/originals/3692_762f99b9eb-the-sneaker-02-beige-suede-3a-original.jpg",MORJAS,Apparel & Accessories > Shoes,Sneakers,p3692,male,adult,Beige,Suede,113301086
p7767-v9535-s,MORJAS The Court Sneaker - Nougat,"The Court Sneaker draws on tennis and basketball shoes from the 70s and 80s. A low-top profile built for daily wear. Made by hand in Portugal on a leatherboard base, chosen for its strength and structure. The suede upper has perforated detailing and sits on a thermoplastic rubber sole. Built with arch support and cushioning for sustained comfort on foot.",in stock,new,2500 SEK,https://www.morjas.com/product/the-court-sneaker-nougat-suede,https://morjas.centracdn.net/client/dynamic/originals/7767_21173c807b-morjas-the-court-sneaker-nougat-1-kopia-original.jpg,"https://morjas.centracdn.net/client/dynamic/originals/7767_3b43c3a9d4-morjas-the-court-sneaker-nougat-wear1-original.jpg,https://morjas.centracdn.net/client/dynamic/originals/7767_fcd888705b-morjas-the-court-sneaker-nougat-2-original.jpg,https://morjas.centracdn.net/client/dynamic/originals/7767_9aa9c35701-morjas-the-court-sneaker-nougat-3-original.jpg,https://morjas.centracdn.net/client/dynamic/originals/7767_d869139c97-morjas-the-court-sneaker-nougat-4-original.jpg,https://morjas.centracdn.net/client/dynamic/originals/7767_40f67d58ed-morjas-the-court-sneaker-nougat-5-original.jpg",MORJAS,Apparel & Accessories > Shoes,Court Sneakers,p7767,male,adult,Brown,Suede,113311074
p1660-v3177-s,MORJAS The Sneaker 02 - Black Suede,"A subtle, under-the-radar sneaker with clean, low-profile lines. Made by hand in Portugal, it’s shaped for a sharp, pared-back silhouette that works in any setting. Designed for everyday wear, it offers a crisp, unforced look.",in stock,new,2300 SEK,https://www.morjas.com/product/the-sneaker-02-all-black-suede,https://morjas.centracdn.net/client/dynamic/originals/1660_d177041109-the-sneaker-02-all-black-suede-kopia-original.jpg,"https://morjas.centracdn.net/client/dynamic/originals/1660_8aad0a4731-the-sneaker-02-all-black-suede-wear-2-original.jpg,https://morjas.centracdn.net/client/dynamic/originals/1660_d1e3fe245b-the-sneaker-02-all-black-suede-original.jpg,https://morjas.centracdn.net/client/dynamic/originals/1660_e24917a18f-the-sneaker-02-all-black-suede-wear1-original.jpg,https://morjas.centracdn.net/client/dynamic/originals/1660_28e915ffb0-the-sneaker-02-all-black-suede-1-original.jpg,https://morjas.centracdn.net/client/dynamic/originals/1660_e9c1cf182a-the-sneaker-02-all-black-suede-wear-3-original.jpg,https://morjas.centracdn.net/client/dynamic/originals/1660_4eb03bd417-the-sneaker-02-all-black-suede-4-original.jpg,https://morjas.centracdn.net/client/dynamic/originals/1660_c60916bbeb-the-sneaker-02-all-black-suede-3-original.jpg",MORJAS,Apparel & Accessories > Shoes,Sneakers,p1660,male,adult,Black,Suede,113121068
p3679-v5434-s,MORJAS The Court Sneaker - Brown,"The Court Sneaker draws on tennis and basketball shoes from the 70s and 80s. A low-top profile built for daily wear. Made by hand in Portugal on a leatherboard base, chosen for its strength and structure. The suede and leather upper has perforated detailing and sits on a thermoplastic rubber sole. Built with arch support and cushioning for sustained comfort on foot.",in stock,new,2500 SEK,https://www.morjas.com/product/the-court-sneaker-brown,https://morjas.centracdn.net/client/dynamic/originals/3679_28698182be-the-court-sneaker-brown-1a-kopia-original.jpg,"https://morjas.centracdn.net/client/dynamic/originals/3679_0b002d282b-the-court-sneaker-brown-wear-1-original.jpg,https://morjas.centracdn.net/client/dynamic/originals/3679_6c2935e3e8-the-court-sneaker-brown-3-2-original.jpg,https://morjas.centracdn.net/client/dynamic/originals/3679_ca818df18f-the-court-sneaker-brown-1-2-original.jpg,https://morjas.centracdn.net/client/dynamic/originals/3679_6c7752b376-the-court-sneaker-brown-2-2-original.jpg,https://morjas.centracdn.net/client/dynamic/originals/3679_b78a0604f7-the-court-sneaker-brown-4-1-original.jpg",MORJAS,Apparel & Accessories > Shoes,Court Sneakers,p3679,male,adult,Brown,Suede,113251107
p3680-v5435-s,MORJAS The Court Sneaker - Black,"The Court Sneaker draws on tennis and basketball shoes from the 70s and 80s. A low-top profile built for daily wear. Made by hand in Portugal on a leatherboard base, chosen for its strength and structure. The suede and leather upper has perforated detailing and sits on a thermoplastic rubber sole. Built with arch support and cushioning for sustained comfort on foot.",in stock,new,2500 SEK,https://www.morjas.com/product/the-court-sneaker-black,https://morjas.centracdn.net/client/dynamic/originals/3680_f9bb23c38e-the-court-sneaker-black-1a-kopia-original.jpg,"https://morjas.centracdn.net/client/dynamic/originals/3680_75851a7957-the-court-sneaker-black-wear-original.jpg,https://morjas.centracdn.net/client/dynamic/originals/3680_a5d09aa96d-the-court-sneaker-black-3-original.jpg,https://morjas.centracdn.net/client/dynamic/originals/3680_7aa7e27731-the-court-sneaker-black-1-original.jpg,https://morjas.centracdn.net/client/dynamic/originals/3680_a2aeec33f1-the-court-sneaker-black-2-original.jpg,https://morjas.centracdn.net/client/dynamic/originals/3680_9d37fc32fa-the-court-sneaker-brown-4-1-original.jpg",MORJAS,Apparel & Accessories > Shoes,Court Sneakers,p3680,male,adult,Black,Suede,113261030
p3675-v5430-s,MORJAS The Trainer - White,"The Trainer is grounded in athletic minimalism, drawing inspiration from classic runner-style sneakers of the past. Completely made by hand from soft suede and breathable nylon, it's finished on a Vibram sole for superior comfort and grip.",in stock,new,3000 SEK,https://www.morjas.com/product/the-trainer-white,https://morjas.centracdn.net/client/dynamic/originals/3675_f848c19521-the-trainer-white-2a-kopia-original.jpg,"https://morjas.centracdn.net/client/dynamic/originals/3675_f237da7df6-the-trainer-white-3-wear-original.jpg,https://morjas.centracdn.net/client/dynamic/originals/3675_20f8b68548-the-trainer-white-3-3-original.jpg,https://morjas.centracdn.net/client/dynamic/originals/3675_5de8ab86f5-the-trainer-white-5-3-original.jpg,https://morjas.centracdn.net/client/dynamic/originals/3675_c644d4bb78-the-trainer-white-2-2-original.jpg,https://morjas.centracdn.net/client/dynamic/originals/3675_5705245216-the-trainer-white-4-2-original.jpg",MORJAS,Apparel & Accessories > Shoes,Trainers,p3675,male,adult,White,Suede,116051105
p3677-v5432-s,MORJAS The Trainer - Navy/Black,"The Trainer is grounded in athletic minimalism, drawing inspiration from classic runner-style sneakers of the past. Completely made by hand from soft suede and breathable nylon, it's finished on a Vibram sole for superior comfort and grip.",in stock,new,3000 SEK,https://www.morjas.com/product/the-trainer-navy-black,https://morjas.centracdn.net/client/dynamic/originals/3677_f9cfe70fe5-the-trainer-navy-black-2a-kopia-original.jpg,"https://morjas.centracdn.net/client/dynamic/originals/3677_d74e902449-the-trainer-navy-black-wear-original.jpg,https://morjas.centracdn.net/client/dynamic/originals/3677_c3362c22a1-the-trainer-navy-black-2-2-original.jpg,https://morjas.centracdn.net/client/dynamic/originals/3677_dafc3070aa-the-trainer-navy-black-3-2-original.jpg,https://morjas.centracdn.net/client/dynamic/originals/3677_ec9d10eab4-the-trainer-navy-black-1-2-original.jpg,https://morjas.centracdn.net/client/dynamic/originals/3677_d9d63a8d04-the-trainer-navy-black-4-2-original.jpg",MORJAS,Apparel & Accessories > Shoes,Trainers,p3677,male,adult,Navy,Suede,116041106
p3676-v5431-s,MORJAS The Trainer - Taupe,"The Trainer is grounded in athletic minimalism, drawing inspiration from classic runner-style sneakers of the past. Completely made by hand from soft suede and breathable nylon, it's finished on a Vibram sole for superior comfort and grip.",in stock,new,3000 SEK,https://www.morjas.com/product/the-trainer-taupe,https://morjas.centracdn.net/client/dynamic/originals/3676_84ad23f4f0-the-trainer-taupe-2b-kopia-original.jpg,"https://morjas.centracdn.net/client/dynamic/originals/3676_0350fa6b86-the-trainer-taupe-wear-original.jpg,https://morjas.centracdn.net/client/dynamic/originals/3676_89933aabc0-the-trainer-taupe-3-2-original.jpg,https://morjas.centracdn.net/client/dynamic/originals/3676_2cd25288cf-the-trainer-taupe-4-2-original.jpg,https://morjas.centracdn.net/client/dynamic/originals/3676_a4fa1b3feb-the-trainer-taupe-1-2-original.jpg,https://morjas.centracdn.net/client/dynamic/originals/3676_fce9ad580e-the-trainer-taupe-2-2-original.jpg",MORJAS,Apparel & Accessories > Shoes,Trainers,p3676,male,adult,Taupe,Suede,116031104
p7802-v9584-s,MORJAS The Costa Sandal - Black Grain,"The Costa Sandal is made by hand in Italy with a grained leather upper and a molded footbed lined in calfskin. Its wide cross-strap and adjustable closure provide a secure, clean fit suited to warm-weather wear. A polyurethane sole adds grip and durability without adding weight.",in stock,new,2200 SEK,https://www.morjas.com/product/the-costa-sandal-black-grain,https://morjas.centracdn.net/client/dynamic/originals/7802_02539a3105-the-costa-sandal-black-grain-1-kopia-original.jpg,"https://morjas.centracdn.net/client/dynamic/originals/7802_4d6595efb2-the-costa-sandal-black-grain-wear-2-original.jpg,https://morjas.centracdn.net/client/dynamic/originals/7802_7501c190d2-the-costa-sandal-black-grain-5-original.jpg,https://morjas.centracdn.net/client/dynamic/originals/7802_28ec1e3cfc-the-costa-sandal-black-grain-4-original.jpg,https://morjas.centracdn.net/client/dynamic/originals/7802_2f041838ff-the-costa-sandal-black-grain-3-original.jpg,https://morjas.centracdn.net/client/dynamic/originals/7802_4e415e9edf-the-costa-sandal-black-grain-wear-original.jpg,https://morjas.centracdn.net/client/dynamic/originals/7802_f6d3b12115-the-costa-sandal-black-grain-wear-1-original.jpg,https://morjas.centracdn.net/client/dynamic/originals/7802_d9573643a6-the-costa-sandal-black-grain-2-original.jpg",MORJAS,Apparel & Accessories > Shoes,Sandals,p7802,male,adult,Black,Grain Leather,131001005
p7756-v9514-s,MORJAS The Camp Moc - Mull Nubuck,"Crafted by hand in Italy, The Camp Moc is cut from supple nubuck and set on a robust lug sole designed for grip and durability. Conceived as a sibling to The Boat Shoe, it is designed for transeasonal wear, for days when conditions call for more ruggedness without moving into heavier footwear. The shoe is fully leather lined and finished with a cushioned insole to support comfort through daily use.",in stock,new,3800 SEK,https://www.morjas.com/product/the-camp-moc-mull-nubuck,https://morjas.centracdn.net/client/dynamic/originals/7756_6107976168-morjas-the-camp-moc-mull-nubuck-1-2-kopia-original.jpg,"https://morjas.centracdn.net/client/dynamic/originals/7756_86bac6c439-morjas-the-camp-moc-mull-nubuck-wear-original.jpg,https://morjas.centracdn.net/client/dynamic/originals/7756_9c5543f804-morjas-the-camp-moc-mull-nubuck-2-2-original.jpg,https://morjas.centracdn.net/client/dynamic/originals/7756_b5c16a4503-morjas-the-camp-moc-mull-nubuck-3-2-original.jpg,https://morjas.centracdn.net/client/dynamic/originals/7756_386db808f7-morjas-the-camp-moc-mull-nubuck-4-original.jpg,https://morjas.centracdn.net/client/dynamic/originals/7756_f428985534-morjas-the-camp-moc-mull-nubuck-5-original.jpg",MORJAS,Apparel & Accessories > Shoes,,p7756,male,adult,Mull,Nubuck,128001134
p7755-v9513-s,MORJAS The Camp Moc - Black Deerskin,"Crafted by hand in Italy, The Camp Moc is made from soft deerskin and set on a robust lug sole designed for grip and durability. Conceived as a sibling to The Boat Shoe, it is designed for transeasonal wear, for days when conditions call for more ruggedness without moving into heavier footwear. The shoe is fully leather lined and finished with a cushioned insole to support comfort through daily use.",out of stock,new,4000 SEK,https://www.morjas.com/product/the-camp-moc-black-deerskin,https://morjas.centracdn.net/client/dynamic/originals/7755_1326e46485-morjas-the-camp-moc-black-deerskin-higher-position-kopia-original.jpg,"https://morjas.centracdn.net/client/dynamic/originals/7755_cf0d4a7a02-morjas-the-camp-moc-black-deerskin-wear-original.jpg,https://morjas.centracdn.net/client/dynamic/originals/7755_6d419aca55-morjas-the-camp-moc-black-deerskin-2-2-original.jpg,https://morjas.centracdn.net/client/dynamic/originals/7755_2ef7a706cd-morjas-the-camp-moc-black-deerskin-3-2-original.jpg,https://morjas.centracdn.net/client/dynamic/originals/7755_1406ec1ee6-morjas-the-camp-moc-black-deerskin-4-original.jpg,https://morjas.centracdn.net/client/dynamic/originals/7755_f91d549385-morjas-the-camp-moc-black-deerskin-5-original.jpg",MORJAS,Apparel & Accessories > Shoes,,p7755,male,adult,Black,Deerskin,128011057
p11-v1533-s,MORJAS The Oxford - Black Calf,"The Oxford is made by hand in Spain using Goodyear welt construction, a method chosen for its durability and ease of resoling. The leather upper is shaped for a refined profile with balanced proportions that work in both formal and semi-formal settings. Crafted for years of wear, it offers a composed presence suited to everything from tailored suiting to dressed-down separates.",in stock,new,3500 SEK,https://www.morjas.com/product/the-oxford-black-calf,https://morjas.centracdn.net/client/dynamic/originals/11_ef4f46f535-the-oxford-black-calf-1-kopia-original.jpg,"https://morjas.centracdn.net/client/dynamic/originals/11_f6483d1581-morjas-the-oxford-black-calf-wear-original.jpg,https://morjas.centracdn.net/client/dynamic/originals/11_f3bc6b26d2-the-oxford-black-calf-2-original.jpg,https://morjas.centracdn.net/client/dynamic/originals/11_2649433ce2-the-oxford-black-calf-3-original.jpg,https://morjas.centracdn.net/client/dynamic/originals/11_ab3600a16a-the-oxford-black-calf-5-original.jpg,https://morjas.centracdn.net/client/dynamic/originals/11_0c34e9f874-the-oxford-black-calf-4-original.jpg",MORJAS,Apparel & Accessories > Shoes,Oxfords,p11,male,adult,Black,Plain Leather,102001000
p16-v1538-s,MORJAS The Oxford - Black Patent,"The Oxford in patent leather is designed for black and white tie occasions, offering a polished presence for the most formal settings. Made by hand in Spain using Goodyear welt construction, a method chosen for its durability and ease of resoling. It features a plain toe, a specially developed black sole with brass nails, and a full black leather lining.",in stock,new,3500 SEK,https://www.morjas.com/product/the-oxford-black-patent,https://morjas.centracdn.net/client/dynamic/originals/16_6aadad66f6-the-oxford-black-patent-1-kopia-original.jpg,"https://morjas.centracdn.net/client/dynamic/originals/16_c53ad2b5a8-morjas-the-oxford-black-patent-wear-original.jpg,https://morjas.centracdn.net/client/dynamic/originals/16_a2777c8dea-the-oxford-black-patent-2-original.jpg,https://morjas.centracdn.net/client/dynamic/originals/16_de08bd13b2-the-oxford-black-patent-3-original.jpg,https://morjas.centracdn.net/client/dynamic/originals/16_d042aae757-the-oxford-black-patent-5-original.jpg,https://morjas.centracdn.net/client/dynamic/originals/16_11734647b7-the-oxford-black-patent-4-original.jpg",MORJAS,Apparel & Accessories > Shoes,Oxfords,p16,male,adult,Black,Patent Leather,102051009
p13-v1535-s,MORJAS The Oxford - Brown Calf,"The Oxford is made by hand in Spain using Goodyear welt construction, a method chosen for its durability and ease of resoling. The leather upper is shaped for a refined profile with balanced proportions that work in both formal and semi-formal settings. Crafted for years of wear, it offers a composed presence suited to everything from tailored suiting to dressed-down separates.",in stock,new,3500 SEK,https://www.morjas.com/product/the-oxford-brown-calf,https://morjas.centracdn.net/client/dynamic/originals/13_2ea427f5be-the-oxford-brown-calf-kopia-original.jpg,"https://morjas.centracdn.net/client/dynamic/originals/13_3810dfac60-morjas-the-oxford-brown-calf-wear-1-original.jpg,https://morjas.centracdn.net/client/dynamic/originals/13_0d6d605193-the-oxford-brown-calf-1-original.jpg,https://morjas.centracdn.net/client/dynamic/originals/13_7072c8a85b-the-oxford-brown-calf-2-original.jpg,https://morjas.centracdn.net/client/dynamic/originals/13_25cce60802-the-oxford-brown-calf-4-original.jpg,https://morjas.centracdn.net/client/dynamic/originals/13_87ce3be614-the-oxford-brown-calf-3-original.jpg",MORJAS,Apparel & Accessories > Shoes,Oxfords,p13,male,adult,Brown,Plain Leather,102021002
p12-v1534-s,MORJAS The Oxford - Burgundy Calf,"The Oxford is made by hand in Spain using Goodyear welt construction, a method chosen for its durability and ease of resoling. The leather upper is shaped for a refined profile with balanced proportions that work in both formal and semi-formal settings. Crafted for years of wear, it offers a composed presence suited to everything from tailored suiting to dressed-down separates.",in stock,new,3500 SEK,https://www.morjas.com/product/the-oxford-burgundy-calf,https://morjas.centracdn.net/client/dynamic/originals/12_6ef9ec6da7-the-oxford-burgundy-calf-2-kopia-original.jpg,"https://morjas.centracdn.net/client/dynamic/originals/12_d75a866da7-the-oxford-burgundy-calf-wear1-original.jpg,https://morjas.centracdn.net/client/dynamic/originals/12_ffb466dfe6-the-oxford-burgundy-calf-3-original.jpg,https://morjas.centracdn.net/client/dynamic/originals/12_b63432bdaf-the-oxford-burgundy-calf-4-original.jpg,https://morjas.centracdn.net/client/dynamic/originals/12_5bb2aa2793-the-oxford-burgundy-calf-5-original.jpg,https://morjas.centracdn.net/client/dynamic/originals/12_c600be73a0-the-oxford-burgundy-calf-1-original.jpg",MORJAS,Apparel & Accessories > Shoes,Oxfords,p12,male,adult,Burgundy,Plain Leather,102011001
p14-v1536-s,MORJAS The Oxford - Brown Suede,"The Oxford is made by hand in Spain using Goodyear welt construction, a method chosen for its durability and ease of resoling. The leather upper is shaped for a refined profile with balanced proportions that work in both formal and semi-formal settings. Crafted for years of wear, it offers a composed presence suited to everything from tailored suiting to dressed-down separates.",in stock,new,3500 SEK,https://www.morjas.com/product/the-oxford-brown-suede,https://morjas.centracdn.net/client/dynamic/originals/14_cd90f5c035-the-oxford-brown-suede-kopia-original.jpg,"https://morjas.centracdn.net/client/dynamic/originals/14_6a0c6301f0-morjas-the-oxford-brown-suede-wear2-original.jpg,https://morjas.centracdn.net/client/dynamic/originals/14_fccde7920a-the-oxford-brown-suede-1-original.jpg,https://morjas.centracdn.net/client/dynamic/originals/14_75b91b751e-the-oxford-brown-suede-2-original.jpg,https://morjas.centracdn.net/client/dynamic/originals/14_a1383cf990-the-oxford-brown-suede-4-original.jpg,https://morjas.centracdn.net/client/dynamic/originals/14_a13cc2353d-the-oxford-brown-suede-3-original.jpg",MORJAS,Apparel & Accessories > Shoes,Oxfords,p14,male,adult,Brown,Suede,102031003
p789-v2306-s,MORJAS The Oxford Rubber Sole - Black Calf,"The Oxford is made by hand in Spain using Goodyear welt construction, a method chosen for its durability and ease of resoling. The leather upper is shaped for a refined profile with balanced proportions that work in both formal and semi-formal settings. Crafted for years of wear, it offers a composed presence suited to everything from tailored suiting to dressed-down separates.",in stock,new,3500 SEK,https://www.morjas.com/product/the-oxford-rubber-sole-black-calf,https://morjas.centracdn.net/client/dynamic/originals/789_27a1c7df82-the-oxford-black-calf-1-kopia-original.jpg,"https://morjas.centracdn.net/client/dynamic/originals/789_9b818485b6-the-oxford-black-calf-4-original.jpg,https://morjas.centracdn.net/client/dynamic/originals/789_172f33c24a-morjas-the-oxford-black-calf-wear-4-original.jpg,https://morjas.centracdn.net/client/dynamic/originals/789_76626d2a10-the-oxford-black-calf-2-original.jpg,https://morjas.centracdn.net/client/dynamic/originals/789_e8eb1c1983-the-oxford-black-calf-3-original.jpg,https://morjas.centracdn.net/client/dynamic/originals/789_ecece2651a-the-oxford-black-calf-5-original.jpg",MORJAS,Apparel & Accessories > Shoes,Oxfords,p789,male,adult,Black,Plain Leather,102061000
p1632-v3149-s,MORJAS The Oxford Rubber Sole - Brown Calf,"The Oxford is made by hand in Spain using Goodyear welt construction, a method chosen for its durability and ease of resoling. The leather upper is shaped for a refined profile with balanced proportions that work in both formal and semi-formal settings. Crafted for years of wear, it offers a composed presence suited to everything from tailored suiting to dressed-down separates.",in stock,new,3500 SEK,https://www.morjas.com/product/the-oxford-rubber-sole-brown-calf,https://morjas.centracdn.net/client/dynamic/originals/1632_c4afcb392d-the-oxford-brown-calf-kopia-original.jpg,"https://morjas.centracdn.net/client/dynamic/originals/1632_794a8c0e90-morjas-the-oxford-brown-calf-rubber-sole-5-original.jpg,https://morjas.centracdn.net/client/dynamic/originals/1632_8ed2c7acc2-morjas-the-oxford-brown-calf-wear-1-original.jpg,https://morjas.centracdn.net/client/dynamic/originals/1632_4caabc1a65-the-oxford-brown-calf-1-original.jpg,https://morjas.centracdn.net/client/dynamic/originals/1632_0ea3f72db6-the-oxford-brown-calf-2-original.jpg,https://morjas.centracdn.net/client/dynamic/originals/1632_a750b4325e-the-oxford-brown-calf-4-original.jpg",MORJAS,Apparel & Accessories > Shoes,Oxfords,p1632,male,adult,Brown,Plain Leather,102081002
p1631-v3148-s,MORJAS The Oxford Rubber Sole - Burgundy Calf,"The Oxford is made by hand in Spain using Goodyear welt construction, a method chosen for its durability and ease of resoling. The leather upper is shaped for a refined profile with balanced proportions that work in both formal and semi-formal settings. Crafted for years of wear, it offers a composed presence suited to everything from tailored suiting to dressed-down separates.",in stock,new,3500 SEK,https://www.morjas.com/product/the-oxford-rubber-sole-burgundy-calf,https://morjas.centracdn.net/client/dynamic/originals/1631_6aca537ada-the-oxford-burgundy-calf-2-original.jpg,"https://morjas.centracdn.net/client/dynamic/originals/1631_f0a22af231-the-oxford-burgundy-calf-rubber-sole-5-original.jpg,https://morjas.centracdn.net/client/dynamic/originals/1631_a418d7f2a6-morjas-the-oxford-burgundy-calf-wear-original.jpg,https://morjas.centracdn.net/client/dynamic/originals/1631_114abab5df-the-oxford-burgundy-calf-3-original.jpg,https://morjas.centracdn.net/client/dynamic/originals/1631_f73422eea7-the-oxford-burgundy-calf-4-original.jpg,https://morjas.centracdn.net/client/dynamic/originals/1631_4c3834b863-the-oxford-burgundy-calf-5-original.jpg",MORJAS,Apparel & Accessories > Shoes,Oxfords,p1631,male,adult,Burgundy,Plain Leather,102071001
p1633-v3150-s,MORJAS The Oxford Rubber Sole - Brown Suede,"The Oxford is made by hand in Spain using Goodyear welt construction, a method chosen for its durability and ease of resoling. The leather upper is shaped for a refined profile with balanced proportions that work in both formal and semi-formal settings. Crafted for years of wear, it offers a composed presence suited to everything from tailored suiting to dressed-down separates.",in stock,new,3500 SEK,https://www.morjas.com/product/the-oxford-rubber-sole-brown-suede,https://morjas.centracdn.net/client/dynamic/originals/1633_cb08188aab-the-oxford-brown-suede-kopia-original.jpg,"https://morjas.centracdn.net/client/dynamic/originals/1633_bdd84ff76c-the-oxford-brown-suede-rubber-sole-4-original.jpg,https://morjas.centracdn.net/client/dynamic/originals/1633_bdfbc5389d-the-oxford-brown-suede-1-original.jpg,https://morjas.centracdn.net/client/dynamic/originals/1633_809fd61add-the-oxford-brown-suede-2-original.jpg,https://morjas.centracdn.net/client/dynamic/originals/1633_4d20a011e4-the-oxford-brown-suede-4-original.jpg",MORJAS,Apparel & Accessories > Shoes,Oxfords,p1633,male,adult,Brown,Suede,102091003
p803-v2320-s,MORJAS The Adelaide - Black Calf,"The Adelaide shares its closed-lacing construction with The Oxford, giving it a similarly formal foundation. Made by hand in Spain with Goodyear welt construction and set on a single leather sole, it features brogue perforations and a U-shaped facing that add ornamentation while keeping the profile refined. Suitable for both formal and semi-formal settings.",in stock,new,3500 SEK,https://www.morjas.com/product/the-adelaide-black-calf,https://morjas.centracdn.net/client/dynamic/originals/803_6e7dcca1aa-morjas-the-adelaide-black-calf-original.jpg,"https://morjas.centracdn.net/client/dynamic/originals/803_9f16f0ed1b-the-adelaide-in-black-calf-wear-original.jpg,https://morjas.centracdn.net/client/dynamic/originals/803_4179e8c783-morjas-the-adelaide-black-calf-5-original.jpg,https://morjas.centracdn.net/client/dynamic/originals/803_cc54290fae-morjas-the-adelaide-black-calf-2-original.jpg,https://morjas.centracdn.net/client/dynamic/originals/803_89da035674-morjas-the-adelaide-black-calf-wear-1-original.jpg,https://morjas.centracdn.net/client/dynamic/originals/803_259162c922-the-oxford-black-calf-4-original.jpg",MORJAS,Apparel & Accessories > Shoes,Adelaides,p803,male,adult,Black,Plain Leather,109001000
p2443-v4055-s,MORJAS The Adelaide - Brown Calf,"The Adelaide shares its closed-lacing construction with The Oxford, giving it a similarly formal foundation. Made by hand in Spain with Goodyear welt construction and set on a single leather sole, it features brogue perforations and a U-shaped facing that add ornamentation while keeping the profile refined. Suitable for both formal and semi-formal settings.",in stock,new,3500 SEK,https://www.morjas.com/product/the-adelaide-brown-calf,https://morjas.centracdn.net/client/dynamic/originals/2443_94a6336e02-morjas-the-adelaide-brown-calf-1-original.jpg,"https://morjas.centracdn.net/client/dynamic/originals/2443_f0ab199032-the-adelaide-in-brown-calf-wear-original.jpg,https://morjas.centracdn.net/client/dynamic/originals/2443_05bcabff61-morjas-the-adelaide-brown-calf-4-original.jpg,https://morjas.centracdn.net/client/dynamic/originals/2443_9004affca9-morjas-the-adelaide-brown-calf-2-original.jpg,https://morjas.centracdn.net/client/dynamic/originals/2443_0ff75b3ee8-the-oxford-brown-calf-3-original.jpg",MORJAS,Apparel & Accessories > Shoes,Adelaides,p2443,male,adult,Brown,Plain Leather,109021002
p1635-v3152-s,MORJAS The Adelaide - Brown Suede,"The Adelaide shares its closed-lacing construction with The Oxford, giving it a similarly formal foundation. Made by hand in Spain with Goodyear welt construction and set on a single leather sole, it features brogue perforations and a U-shaped facing that add ornamentation while keeping the profile refined. Suitable for both formal and semi-formal settings.",in stock,new,3500 SEK,https://www.morjas.com/product/the-adelaide-brown-suede,https://morjas.centracdn.net/client/dynamic/originals/1635_c610cb1104-morjas-the-adelaide-brown-suede-1-original.jpg,"https://morjas.centracdn.net/client/dynamic/originals/1635_643304efe2-morjas-the-adelaide-brown-suede-wear-original.jpg,https://morjas.centracdn.net/client/dynamic/originals/1635_b240aaeed6-morjas-the-adelaide-brown-suede-4-original.jpg,https://morjas.centracdn.net/client/dynamic/originals/1635_d740b3053e-morjas-the-adelaide-brown-suede-2-original.jpg,https://morjas.centracdn.net/client/dynamic/originals/1635_20c1268d5e-the-oxford-brown-suede-3-original.jpg",MORJAS,Apparel & Accessories > Shoes,Adelaides,p1635,male,adult,Brown,Suede,109011003
p3424-v5106-s,MORJAS The Split Toe Derby - Brown Grain,"The Split Toe Derby is handcrafted in Spain with Goodyear welt construction and a thin rubber sole. Its moc-stitched apron and split-toe design were originally developed to protect against wet conditions, a functional detail that has become a defining feature of the style. Finished with full leather lining, it offers a balanced profile suited to a range of settings.",in stock,new,3700 SEK,https://www.morjas.com/product/the-split-toe-derby-brown-grain,https://morjas.centracdn.net/client/dynamic/originals/3424_92f8ef1f7f-morjas-the-split-toe-derby-brown-grain-original.jpg,"https://morjas.centracdn.net/client/dynamic/originals/3424_7eee0f1971-morjas-the-split-toe-derby-brown-grain-wear-original.jpg,https://morjas.centracdn.net/client/dynamic/originals/3424_dd50751203-morjas-the-split-toe-derby-brown-grain-2-original.jpg,https://morjas.centracdn.net/client/dynamic/originals/3424_598729fb11-morjas-the-split-toe-derby-brown-grain-3-original.jpg,https://morjas.centracdn.net/client/dynamic/originals/3424_e0e893a403-morjas-the-split-toe-derby-brown-grain-4-original.jpg,https://morjas.centracdn.net/client/dynamic/originals/3424_c094cbf64f-morjas-the-split-toe-derby-brown-grain-5-original.jpg,https://morjas.centracdn.net/client/dynamic/originals/3424_110423b2ae-morjas-the-split-toe-derby-brown-grain-wear1-original.jpg",MORJAS,Apparel & Accessories > Shoes,Split Toe Derbies,p3424,male,adult,Brown,Grain Leather,103101007
p3425-v5107-s,MORJAS The Split Toe Derby - Black Calf,"The Split Toe Derby is handcrafted in Spain with Goodyear welt construction and a thin rubber sole. Its moc-stitched apron and split-toe design were originally developed to protect against wet conditions, a functional detail that has become a defining feature of the style. Finished with full leather lining, it offers a balanced profile suited to a range of settings.",in stock,new,3700 SEK,https://www.morjas.com/product/the-split-toe-derby-black-calf,https://morjas.centracdn.net/client/dynamic/originals/3425_e6b52f86d5-morjas-the-split-toe-derby-black-calf-1-original.jpg,"https://morjas.centracdn.net/client/dynamic/originals/3425_cfcf65066b-morjas-the-split-toe-derby-black-calf-wear-original.jpg,https://morjas.centracdn.net/client/dynamic/originals/3425_808b64f698-morjas-the-split-toe-derby-black-calf-3-original.jpg,https://morjas.centracdn.net/client/dynamic/originals/3425_b672f97454-morjas-the-split-toe-derby-black-calf-4-original.jpg,https://morjas.centracdn.net/client/dynamic/originals/3425_ec3d8dc9f9-morjas-the-split-toe-derby-black-calf-2-original.jpg,https://morjas.centracdn.net/client/dynamic/originals/3425_2b2d788720-morjas-the-split-toe-derby-black-calf-5-original.jpg",MORJAS,Apparel & Accessories > Shoes,Split Toe Derbies,p3425,male,adult,Black,Plain Leather,103111000
p3660-v5415-s,MORJAS The Split Toe Derby - Black Grain,"The Split Toe Derby is handcrafted in Spain with Goodyear welt construction and a thin rubber sole. Its moc-stitched apron and split-toe design were originally developed to protect against wet conditions, a functional detail that has become a defining feature of the style. Finished with full leather lining, it offers a balanced profile suited to a range of settings.",in stock,new,3700 SEK,https://www.morjas.com/product/the-split-toe-derby-black-grain,https://morjas.centracdn.net/client/dynamic/originals/3660_5302db56f0-morjas-the-split-toe-derby-black-grain-1-original.jpg,"https://morjas.centracdn.net/client/dynamic/originals/3660_e0a1875141-morjas-the-split-toe-derby-black-grain-wear-original.jpg,https://morjas.centracdn.net/client/dynamic/originals/3660_10f54a0ad2-morjas-the-split-toe-derby-black-grain-3-original.jpg,https://morjas.centracdn.net/client/dynamic/originals/3660_c9fd799310-morjas-the-split-toe-derby-black-grain-4-original.jpg,https://morjas.centracdn.net/client/dynamic/originals/3660_d7fedf00a8-morjas-the-split-toe-derby-black-grain-2-original.jpg,https://morjas.centracdn.net/client/dynamic/originals/3660_dceb293e1c-morjas-the-split-toe-derby-black-calf-5-original.jpg",MORJAS,Apparel & Accessories > Shoes,Split Toe Derbies,p3660,male,adult,Black,Grain Leather,103121005
p3423-v5105-s,MORJAS The Split Toe Derby - Brown Suede,"The Split Toe Derby is handcrafted in Spain with Goodyear welt construction and a thin rubber sole. Its moc-stitched apron and split-toe design were originally developed to protect against wet conditions, a functional detail that has become a defining feature of the style. Finished with full leather lining, it offers a balanced profile suited to a range of settings.",in stock,new,3700 SEK,https://www.morjas.com/product/the-split-toe-derby-brown-suede,https://morjas.centracdn.net/client/dynamic/originals/3423_0404ff428f-morjas-the-split-toe-derby-brown-suede-1-original.jpg,"https://morjas.centracdn.net/client/dynamic/originals/3423_1ecfe2c824-morjas-the-split-toe-derby-brown-suede-wear3-original.jpg,https://morjas.centracdn.net/client/dynamic/originals/3423_e5132d3f0f-morjas-the-split-toe-derby-brown-suede-original.jpg,https://morjas.centracdn.net/client/dynamic/originals/3423_3ae9faf480-morjas-the-split-toe-derby-brown-suede-3-original.jpg,https://morjas.centracdn.net/client/dynamic/originals/3423_9a97323bcd-morjas-the-split-toe-derby-brown-suede-2-original.jpg,https://morjas.centracdn.net/client/dynamic/originals/3423_745f45835a-morjas-the-split-toe-derby-brown-suede-wear4-original.jpg",MORJAS,Apparel & Accessories > Shoes,Split Toe Derbies,p3423,male,adult,Brown,Suede,103091003
p7786-v9568-s,MORJAS The Split Toe Derby - Polo Suede,"The Split Toe Derby is handcrafted in Spain with Goodyear welt construction and a thin rubber sole. Its moc-stitched apron and split-toe design were originally developed to protect against wet conditions, a functional detail that has become a defining feature of the style. Finished with full leather lining, it offers a balanced profile suited to a range of settings.",in stock,new,3700 SEK,https://www.morjas.com/product/the-split-toe-derby-polo-suede,https://morjas.centracdn.net/client/dynamic/originals/7786_671ae6c7a6-the-split-toe-derby-polo-suede-1-kopia-original.jpg,"https://morjas.centracdn.net/client/dynamic/originals/7786_73aa406028-the-split-toe-derby-polo-suede-wear-original.jpg,https://morjas.centracdn.net/client/dynamic/originals/7786_588a3cf39b-the-split-toe-derby-polo-suede-2-original.jpg,https://morjas.centracdn.net/client/dynamic/originals/7786_fa6651bdc6-the-split-toe-derby-polo-suede-3-original.jpg,https://morjas.centracdn.net/client/dynamic/originals/7786_86d89a7a1b-the-split-toe-derby-polo-suede-4-original.jpg,https://morjas.centracdn.net/client/dynamic/originals/7786_b927a878ce-the-split-toe-derby-polo-suede-5-original.jpg",MORJAS,Apparel & Accessories > Shoes,Split Toe Derbies,p7786,male,adult,Brown,Suede,103131146
p31-v1541-s,MORJAS The Derby - Brown Calf,"The Derby is handcrafted in Spain, combining Goodyear welt construction with a vertical storm welt for longevity and protection in all conditions. Subtle brogue detailing brings texture to its clean lines, and a studded rubber sole gives a balanced silhouette that moves easily between tailoring and denim for year-round wear.",in stock,new,3700 SEK,https://www.morjas.com/product/the-derby-brown-calf,https://morjas.centracdn.net/client/dynamic/originals/31_b9433c86c0-morjas-the-derby-brown-calf-original.jpg,"https://morjas.centracdn.net/client/dynamic/originals/31_d04c01dda5-morjas-the-derby-brown-calf-wear-original.jpg,https://morjas.centracdn.net/client/dynamic/originals/31_ca3a910242-morjas-the-derby-brown-calf-3-original.jpg,https://morjas.centracdn.net/client/dynamic/originals/31_25e7fa367c-morjas-the-derby-brown-calf-4-original.jpg,https://morjas.centracdn.net/client/dynamic/originals/31_5ae19e4b04-morjas-the-derby-brown-calf-2-original.jpg,https://morjas.centracdn.net/client/dynamic/originals/31_e65425a1a3-morjas-the-derby-brown-calf-5-original.jpg",MORJAS,Apparel & Accessories > Shoes,Derbies,p31,male,adult,Brown,Plain Leather,103021002
p29-v1539-s,MORJAS The Derby - Black Calf,"The Derby is handcrafted in Spain, combining Goodyear welt construction with a vertical storm welt for longevity and protection in all conditions. Subtle brogue detailing brings texture to its clean lines, and a studded rubber sole gives a balanced silhouette that moves easily between tailoring and denim for year-round wear.",in stock,new,3700 SEK,https://www.morjas.com/product/the-derby-black-calf,https://morjas.centracdn.net/client/dynamic/originals/29_fed2626b70-morjas-the-derby-black-calf-original.jpg,"https://morjas.centracdn.net/client/dynamic/originals/29_938052fb48-the-derby-black-calf-wear-lighter-original.jpg,https://morjas.centracdn.net/client/dynamic/originals/29_df8fee6bf5-morjas-the-derby-black-calf-4-original.jpg,https://morjas.centracdn.net/client/dynamic/originals/29_c87782dce4-morjas-the-derby-black-calf-2-original.jpg,https://morjas.centracdn.net/client/dynamic/originals/29_7a0a542f4c-morjas-the-derby-black-calf-5-original.jpg",MORJAS,Apparel & Accessories > Shoes,Derbies,p29,male,adult,Black,Plain Leather,103001000
p32-v1542-s,MORJAS The Derby - Brown Suede,"The Derby is handcrafted in Spain, combining Goodyear welt construction with a vertical storm welt for longevity and protection in all conditions. Subtle brogue detailing brings texture to its clean lines, and a studded rubber sole gives a balanced silhouette that moves easily between tailoring and denim for year-round wear.",in stock,new,3700 SEK,https://www.morjas.com/product/the-derby-brown-suede,https://morjas.centracdn.net/client/dynamic/originals/32_46da4dff18-morjas-the-derby-brown-suede-1-original.jpg,"https://morjas.centracdn.net/client/dynamic/originals/32_608b7e2a87-morjas-the-derby-brown-suede-wear1-original.jpg,https://morjas.centracdn.net/client/dynamic/originals/32_a5d09d57e4-morjas-the-derby-brown-suede-4-original.jpg,https://morjas.centracdn.net/client/dynamic/originals/32_115a0702e1-morjas-the-derby-brown-suede-2-original.jpg,https://morjas.centracdn.net/client/dynamic/originals/32_6ace1e0b4c-morjas-the-derby-brown-suede-5-original.jpg",MORJAS,Apparel & Accessories > Shoes,Derbies,p32,male,adult,Brown,Suede,103031003
p33-v1543-s,MORJAS The Derby - Medium Brown Suede,"The Derby is handcrafted in Spain, combining Goodyear welt construction with a vertical storm welt for longevity and protection in all conditions. Subtle brogue detailing brings texture to its clean lines, and a studded rubber sole gives a balanced silhouette that moves easily between tailoring and denim for year-round wear.",in stock,new,3700 SEK,https://www.morjas.com/product/the-derby-medium-brown-suede,https://morjas.centracdn.net/client/dynamic/originals/33_27c62b3312-morjas-the-derby-medium-brown-suede-1-original.jpg,"https://morjas.centracdn.net/client/dynamic/originals/33_8c859add4c-morjas-the-derby-medium-brown-suede-wear1-original.jpg,https://morjas.centracdn.net/client/dynamic/originals/33_510ba8b120-morjas-the-derby-medium-brown-suede-3-original.jpg,https://morjas.centracdn.net/client/dynamic/originals/33_eedd00bb42-morjas-the-derby-medium-brown-suede-4-original.jpg,https://morjas.centracdn.net/client/dynamic/originals/33_0f813b1a75-morjas-the-derby-medium-brown-suede-2-original.jpg,https://morjas.centracdn.net/client/dynamic/originals/33_f5c2700a9e-morjas-the-derby-medium-brown-suede-5-original.jpg",MORJAS,Apparel & Accessories > Shoes,Derbies,p33,male,adult,Medium Brown,Suede,103041004
p28-v1546-s,MORJAS The Derby - Brown Grain,"The Derby is handcrafted in Spain, combining Goodyear welt construction with a vertical storm welt for longevity and protection in all conditions. Subtle brogue detailing brings texture to its clean lines, and a studded rubber sole gives a balanced silhouette that moves easily between tailoring and denim for year-round wear.",in stock,new,3700 SEK,https://www.morjas.com/product/the-derby-brown-grain,https://morjas.centracdn.net/client/dynamic/originals/28_385e3cfc4f-morjas-the-derby-brown-grain-1-original.jpg,"https://morjas.centracdn.net/client/dynamic/originals/28_7370f10f12-morjas-the-derby-brown-grain-wear-2-original.jpg,https://morjas.centracdn.net/client/dynamic/originals/28_f2e4755bd9-morjas-the-derby-brown-grain-3-original.jpg,https://morjas.centracdn.net/client/dynamic/originals/28_36e2628d8c-morjas-the-derby-brown-grain-4-original.jpg,https://morjas.centracdn.net/client/dynamic/originals/28_3fc75149cb-morjas-the-derby-brown-grain-2-original.jpg,https://morjas.centracdn.net/client/dynamic/originals/28_587067034c-morjas-the-derby-brown-grain-5-original.jpg",MORJAS,Apparel & Accessories > Shoes,Derbies,p28,male,adult,Brown,Grain Leather,103071007
p30-v1540-s,MORJAS The Derby - Burgundy Calf,"The Derby is handcrafted in Spain, combining Goodyear welt construction with a vertical storm welt for longevity and protection in all conditions. Subtle brogue detailing brings texture to its clean lines, and a studded rubber sole gives a balanced silhouette that moves easily between tailoring and denim for year-round wear.",in stock,new,3700 SEK,https://www.morjas.com/product/the-derby-burgundy-calf,https://morjas.centracdn.net/client/dynamic/originals/30_a6b85fb4ed-morjas-the-derby-burgundy-calf-original.jpg,"https://morjas.centracdn.net/client/dynamic/originals/30_0ce542396e-morjas-the-derby-burgundy-calf-wear-original.jpg,https://morjas.centracdn.net/client/dynamic/originals/30_de31243f3f-morjas-the-derby-burgundy-calf-3-original.jpg,https://morjas.centracdn.net/client/dynamic/originals/30_95702a25d8-morjas-the-oxford-burgundy-calf-4-original.jpg,https://morjas.centracdn.net/client/dynamic/originals/30_a871bd1b6b-morjas-the-derby-burgundy-calf-2-original.jpg,https://morjas.centracdn.net/client/dynamic/originals/30_3adb23ab87-morjas-the-derby-burgundy-calf-5-original.jpg",MORJAS,Apparel & Accessories > Shoes,Derbies,p30,male,adult,Burgundy,Plain Leather,103011001
p26-v1544-s,MORJAS The Derby - Black Grain,"The Derby is handcrafted in Spain, combining Goodyear welt construction with a vertical storm welt for longevity and protection in all conditions. Subtle brogue detailing brings texture to its clean lines, and a studded rubber sole gives a balanced silhouette that moves easily between tailoring and denim for year-round wear.",in stock,new,3700 SEK,https://www.morjas.com/product/the-derby-black-grain,https://morjas.centracdn.net/client/dynamic/originals/26_9cb8db5baf-morjas-the-derby-black-grain-1-original.jpg,"https://morjas.centracdn.net/client/dynamic/originals/26_017f732ba7-morjas-the-derby-black-grain-3-original.jpg,https://morjas.centracdn.net/client/dynamic/originals/26_ee68bdbd11-morjas-the-derby-black-grain-4-original.jpg,https://morjas.centracdn.net/client/dynamic/originals/26_8049051e66-morjas-the-derby-black-grain-2-original.jpg,https://morjas.centracdn.net/client/dynamic/originals/26_dff90cea4a-morjas-the-derby-black-grain-5-original.jpg",MORJAS,Apparel & Accessories > Shoes,Derbies,p26,male,adult,Black,Grain Leather,103051005
p20-v1548-s,MORJAS The Plain Toe Blucher - Black Calf,"Handcrafted in Spain, the Plain Toe Blucher is defined by its smooth, unadorned upper and understated character. Goodyear welt construction with a vertical storm welt provides durability and protection, while the studded rubber sole offers a balanced silhouette that works with both tailoring and casual ensembles throughout the year.",in stock,new,3700 SEK,https://www.morjas.com/product/the-plain-toe-blucher-black-calf,https://morjas.centracdn.net/client/dynamic/originals/20_25ab1a5c12-morjas-the-plain-toe-blucher-black-calf-kopiera-original.jpg,"https://morjas.centracdn.net/client/dynamic/originals/20_24ed8a51e9-morjas-the-plain-toe-blucher-black-calf-wear1-original.jpg,https://morjas.centracdn.net/client/dynamic/originals/20_4ed0ad9043-morjas-the-plain-toe-blucher-black-calf-3-original.jpg,https://morjas.centracdn.net/client/dynamic/originals/20_6b0bd89ea1-morjas-the-plain-toe-blucher-black-calf-4-original.jpg,https://morjas.centracdn.net/client/dynamic/originals/20_345b98927d-morjas-the-plain-toe-blucher-black-calf-2-original.jpg,https://morjas.centracdn.net/client/dynamic/originals/20_d6e6af122b-morjas-the-plain-toe-blucher-black-calf-5-original.jpg",MORJAS,Apparel & Accessories > Shoes,Plain Toe Bluchers,p20,male,adult,Black,Plain Leather,104001000
p7784-v9566-s,MORJAS The Plain Toe Blucher - Beige Suede,"Handcrafted in Spain, the Plain Toe Blucher is defined by its smooth, unadorned upper and understated character. Goodyear welt construction provides durability and protection. The leather sole offers a balanced silhouette that works with both tailoring and casual ensembles for the warmer parts of the year.",in stock,new,3700 SEK,https://www.morjas.com/product/the-plain-toe-blucher-beige-suede,https://morjas.centracdn.net/client/dynamic/originals/7784_289cb4a62a-the-plain-toe-blucher-beige-suede-original.jpg,"https://morjas.centracdn.net/client/dynamic/originals/7784_0958f4923e-the-plain-toe-blucher-beige-suede-wear1-original.jpg,https://morjas.centracdn.net/client/dynamic/originals/7784_26fd12c8f6-the-plain-toe-blucher-beige-suede-1-original.jpg,https://morjas.centracdn.net/client/dynamic/originals/7784_ae594260ca-the-plain-toe-blucher-beige-suede-3-original.jpg,https://morjas.centracdn.net/client/dynamic/originals/7784_09553b9625-the-plain-toe-blucher-beige-suede-5-original.jpg,https://morjas.centracdn.net/client/dynamic/originals/7784_c81acc0052-the-plain-toe-blucher-beige-suede-4-original.jpg",MORJAS,Apparel & Accessories > Shoes,Plain Toe Bluchers,p7784,male,adult,Beige,Suede,104091086
p44-v1572-s,MORJAS The Double Monkstrap - Black Calf,"The Double Monkstrap is handcrafted in Spain and set on a double leather sole for a grounded, confident profile. Two buckle closures define the upper, offering a considered balance between formality and ease.",in stock,new,3500 SEK,https://www.morjas.com/product/the-double-monkstrap-black-calf,https://morjas.centracdn.net/client/dynamic/originals/44_47c19f4fcf-the-double-monkstrap-black-calf-1-kopia-original.jpg,"https://morjas.centracdn.net/client/dynamic/originals/44_11df8b8547-morjas-the-double-monkstrap-black-calf-wear1-original.jpg,https://morjas.centracdn.net/client/dynamic/originals/44_07622ac2f3-the-double-monkstrap-black-calf-2-original.jpg,https://morjas.centracdn.net/client/dynamic/originals/44_221714c16b-the-double-monkstrap-black-calf-5-original.jpg,https://morjas.centracdn.net/client/dynamic/originals/44_a05ff80303-the-double-monkstrap-black-calf-4-original.jpg,https://morjas.centracdn.net/client/dynamic/originals/44_b97ae90428-the-double-monkstrap-black-calf-3-original.jpg",MORJAS,Apparel & Accessories > Shoes,Double Monkstraps,p44,male,adult,Black,Plain Leather,108001000
p45-v1574-s,MORJAS The Double Monkstrap - Brown Calf,"The Double Monkstrap is handcrafted in Spain and set on a double leather sole for a grounded, confident profile. Two buckle closures define the upper, offering a considered balance between formality and ease.",in stock,new,3500 SEK,https://www.morjas.com/product/the-double-monkstrap-brown-calf,https://morjas.centracdn.net/client/dynamic/originals/45_218f005268-the-double-monkstrap-brown-calf-kopia-original.jpg,"https://morjas.centracdn.net/client/dynamic/originals/45_05e4031d89-the-double-monkstrap-brown-calf-wear-original.jpg,https://morjas.centracdn.net/client/dynamic/originals/45_284f10b309-the-double-monkstrap-brown-calf-1-original.jpg,https://morjas.centracdn.net/client/dynamic/originals/45_454d5cb844-the-double-monkstrap-brown-calf-2-original.jpg,https://morjas.centracdn.net/client/dynamic/originals/45_52963f436c-the-double-monkstrap-brown-calf-4-original.jpg,https://morjas.centracdn.net/client/dynamic/originals/45_a625ae3184-the-double-monkstrap-brown-calf-3-original.jpg,https://morjas.centracdn.net/client/dynamic/originals/45_eed1868486-morjas-the-double-monkstrap-brown-calf-7-original.jpg",MORJAS,Apparel & Accessories > Shoes,Double Monkstraps,p45,male,adult,Brown,Plain Leather,108021002
p49-v1567-s,MORJAS The Single Monkstrap - Black Calf,"The Single Monkstrap is handcrafted in Spain and set on a double leather sole, giving it a distinctive presence. The single buckle closure brings a clean, modern line to the upper, while its balanced proportions work across formal and relaxed wardrobes throughout the year.",in stock,new,3700 SEK,https://www.morjas.com/product/the-single-monkstrap-black-calf,https://morjas.centracdn.net/client/dynamic/originals/49_e9000506db-morjas-the-single-monkstrap-black-calf-v01-kopia-original.jpg,"https://morjas.centracdn.net/client/dynamic/originals/49_471af820be-morjas-the-single-monkstrap-black-calf-wear1-original.jpg,https://morjas.centracdn.net/client/dynamic/originals/49_9a3bb6c6cd-morjas-the-single-monkstrap-black-calf-2-original.jpg,https://morjas.centracdn.net/client/dynamic/originals/49_9fd911f38f-morjas-the-single-monkstrap-black-calf-3-original.jpg,https://morjas.centracdn.net/client/dynamic/originals/49_ed514b9209-morjas-the-single-monkstrap-black-calf-6-original.jpg,https://morjas.centracdn.net/client/dynamic/originals/49_a5927ec3ad-morjas-the-single-monkstrap-black-calf-4-original.jpg",MORJAS,Apparel & Accessories > Shoes,Single Monkstraps,p49,male,adult,Black,Plain Leather,107001000
p46-v1573-s,MORJAS The Double Monkstrap - Burgundy Calf,"The Double Monkstrap is handcrafted in Spain and set on a double leather sole for a grounded, confident profile. Two buckle closures define the upper, offering a considered balance between formality and ease.",in stock,new,3500 SEK,https://www.morjas.com/product/the-double-monkstrap-burgundy-calf,https://morjas.centracdn.net/client/dynamic/originals/46_9d568c6d2c-the-double-monkstrap-burgundy-calf-kopia-original.jpg,"https://morjas.centracdn.net/client/dynamic/originals/46_44822f0ddc-the-double-monkstrap-burgundy-calf-1-original.jpg,https://morjas.centracdn.net/client/dynamic/originals/46_d66067580d-the-double-monkstrap-burgundy-calf-4-original.jpg,https://morjas.centracdn.net/client/dynamic/originals/46_c4cd92a0ec-the-double-monkstrap-burgundy-calf-2-original.jpg,https://morjas.centracdn.net/client/dynamic/originals/46_bd3f6c48bc-the-double-monkstrap-burgundy-calf-3-original.jpg,https://morjas.centracdn.net/client/dynamic/originals/46_e9983fd5d8-morjas-the-double-monkstrap-burgundy-calf-7-original.jpg",MORJAS,Apparel & Accessories > Shoes,Double Monkstraps,p46,male,adult,Burgundy,Plain Leather,108011001
p7787-v9569-s,MORJAS The Single Monkstrap - Brown Suede,"The Single Monkstrap is handcrafted in Spain and set on a double leather sole, giving it a distinctive presence. The single buckle closure brings a clean, modern line to the upper, while its balanced proportions work across formal and relaxed wardrobes throughout the year.",in stock,new,3700 SEK,https://www.morjas.com/product/the-single-monkstrap-brown-suede,https://morjas.centracdn.net/client/dynamic/originals/7787_41078bd795-the-single-monkstrap-brown-suede-1-original.jpg,"https://morjas.centracdn.net/client/dynamic/originals/7787_8fe347ac0b-the-single-monkstrap-brown-suede-wear1-original.jpg,https://morjas.centracdn.net/client/dynamic/originals/7787_8c8e443df8-the-single-monkstrap-brown-suede-2-original.jpg,https://morjas.centracdn.net/client/dynamic/originals/7787_cbbb85efed-the-single-monkstrap-brown-suede-3-original.jpg,https://morjas.centracdn.net/client/dynamic/originals/7787_290041f946-the-single-monkstrap-brown-suede-5-original.jpg,https://morjas.centracdn.net/client/dynamic/originals/7787_a10b54a3ef-the-single-monkstrap-brown-suede-wear-original.jpg,https://morjas.centracdn.net/client/dynamic/originals/7787_c3e0a28d37-the-single-monkstrap-brown-suede-4-original.jpg",MORJAS,Apparel & Accessories > Shoes,Single Monkstraps,p7787,male,adult,Brown,Suede,107051003
p47-v1575-s,MORJAS The Double Monkstrap - Brown Suede,"The Double Monkstrap is handcrafted in Spain and set on a double leather sole for a grounded, confident profile. Two buckle closures define the upper, offering a considered balance between formality and ease.",in stock,new,3500 SEK,https://www.morjas.com/product/the-double-monkstrap-brown-suede,https://morjas.centracdn.net/client/dynamic/originals/47_a93139c356-the-double-monkstrap-brown-suede-kopia-original.jpg,"https://morjas.centracdn.net/client/dynamic/originals/47_c0125d6fa9-morjas-the-double-monkstrap-brown-suede-wear-1-original.jpg,https://morjas.centracdn.net/client/dynamic/originals/47_4b317970f9-the-double-monkstrap-brown-suede-1-original.jpg,https://morjas.centracdn.net/client/dynamic/originals/47_8043fa8246-the-double-monkstrap-brown-suede-4-original.jpg,https://morjas.centracdn.net/client/dynamic/originals/47_11fdff598c-the-double-monkstrap-brown-suede-2-original.jpg,https://morjas.centracdn.net/client/dynamic/originals/47_71fca8e096-the-double-monkstrap-brown-suede-3-original.jpg",MORJAS,Apparel & Accessories > Shoes,Double Monkstraps,p47,male,adult,Brown,Suede,108031003
p54-v1562-s,MORJAS The Chelsea Boot - Black Calf,"The Chelsea Boot is made with a wholecut upper, defined by its smooth, continuous shape and sharp silhouette. Set on a Goodyear welted studded rubber sole with an elegant 3 cm heel.",in stock,new,4000 SEK,https://www.morjas.com/product/the-chelsea-black-calf,https://morjas.centracdn.net/client/dynamic/originals/54_e8a7fe12fb-morjas-the-chelsea-black-calf-original.jpg,"https://morjas.centracdn.net/client/dynamic/originals/54_1e1c13eb2d-morjas-the-chelsea-black-calf-wear-3-original.jpg,https://morjas.centracdn.net/client/dynamic/originals/54_2c0ec76c88-morjas-the-chelsea-black-calf-2-original.jpg,https://morjas.centracdn.net/client/dynamic/originals/54_8867b6f5c9-morjas-the-chelsea-black-calf-3-original.jpg,https://morjas.centracdn.net/client/dynamic/originals/54_6db975b199-morjas-the-chelsea-black-calf-1-original.jpg",MORJAS,Apparel & Accessories > Shoes,Chelsea Boots,p54,male,adult,Black,Plain Leather,106001000
p57-v1565-s,MORJAS The Chelsea Boot - Brown Suede,"The Chelsea Boot is made with a wholecut upper, defined by its smooth, continuous shape and sharp silhouette. Set on a Goodyear welted studded rubber sole with an elegant 3 cm heel.",in stock,new,4000 SEK,https://www.morjas.com/product/the-chelsea-brown-suede,https://morjas.centracdn.net/client/dynamic/originals/57_3243bf22fc-morjas-the-chelsea-brown-suede-original.jpg,"https://morjas.centracdn.net/client/dynamic/originals/57_82a81b7318-morjas-the-chelsea-brown-suede-wear-3-original.jpg,https://morjas.centracdn.net/client/dynamic/originals/57_28cb6fd792-morjas-the-chelsea-brown-suede-2-original.jpg,https://morjas.centracdn.net/client/dynamic/originals/57_dc5f7e276b-morjas-the-chelsea-brown-suede-3-original.jpg,https://morjas.centracdn.net/client/dynamic/originals/57_471ad9018f-morjas-the-chelsea-brown-suede-1-original.jpg",MORJAS,Apparel & Accessories > Shoes,Chelsea Boots,p57,male,adult,Brown,Suede,106031003
p3426-v5108-s,MORJAS The Chelsea Boot - Black Suede,"The Chelsea Boot is made with a wholecut upper, defined by its smooth, continuous shape and sharp silhouette. Set on a Goodyear welted studded rubber sole with an elegant 3 cm heel.",in stock,new,4000 SEK,https://www.morjas.com/product/the-chelsea-black-suede,https://morjas.centracdn.net/client/dynamic/originals/3426_653e68bf5e-morjas-the-chelsea-black-suede-original.jpg,"https://morjas.centracdn.net/client/dynamic/originals/3426_768b2c0830-morjas-the-chelsea-black-suede-wear-original.jpg,https://morjas.centracdn.net/client/dynamic/originals/3426_3c6fbcefab-morjas-the-chelsea-black-suede-1-original.jpg,https://morjas.centracdn.net/client/dynamic/originals/3426_235a5e3b68-morjas-the-chelsea-black-suede-2-original.jpg,https://morjas.centracdn.net/client/dynamic/originals/3426_49c48fa683-morjas-the-chelsea-black-suede-3-original.jpg,https://morjas.centracdn.net/client/dynamic/originals/3426_978a50fd04-morjas-the-chelsea-black-suede-4-original.jpg",MORJAS,Apparel & Accessories > Shoes,Chelsea Boots,p3426,male,adult,Black,Suede,106071010
p56-v1564-s,MORJAS The Chelsea Boot - Brown Calf,"The Chelsea Boot is made with a wholecut upper, defined by its smooth, continuous shape and sharp silhouette. Set on a Goodyear welted studded rubber sole with an elegant 3 cm heel.",in stock,new,4000 SEK,https://www.morjas.com/product/the-chelsea-brown-calf,https://morjas.centracdn.net/client/dynamic/originals/56_7d24af8371-morjas-the-chelsea-brown-calf-original.jpg,"https://morjas.centracdn.net/client/dynamic/originals/56_33c0e7b992-the-chelsea-boot-in-brown-calf-wear1-original.jpg,https://morjas.centracdn.net/client/dynamic/originals/56_46585137dd-morjas-the-chelsea-brown-calf-2-original.jpg,https://morjas.centracdn.net/client/dynamic/originals/56_991a111f40-morjas-the-chelsea-brown-calf-3-original.jpg,https://morjas.centracdn.net/client/dynamic/originals/56_b5c1e20d7a-morjas-the-chelsea-brown-calf-4-original.jpg,https://morjas.centracdn.net/client/dynamic/originals/56_f68a923a2f-morjas-the-chelsea-brown-calf-1-original.jpg",MORJAS,Apparel & Accessories > Shoes,Chelsea Boots,p56,male,adult,Brown,Plain Leather,106021002
p7757-v9515-s,MORJAS The Unlined Chukka - Brown Suede - Unlined,"Crafted by hand in Spain, The Unlined Chukka is a two-eyelet boot in reversed brown suede, Goodyear welted on a single leather sole with a storm welt. The unlined construction keeps the boot soft and light, with a relaxed character that develops further with wear. A less structured alternative to its lined counterpart, suited to warmer conditions and lighter use.",in stock,new,3900 SEK,https://www.morjas.com/product/the-unlined-chukka-brown-suede,https://morjas.centracdn.net/client/dynamic/originals/7757_2393823bf2-morjas-the-unlined-chukka-brown-suede-1-original.jpg,"https://morjas.centracdn.net/client/dynamic/originals/7757_3163c15e10-morjas-the-unlined-chukka-brown-suede-wear-original.jpg,https://morjas.centracdn.net/client/dynamic/originals/7757_8a1a1b051d-morjas-the-unlined-chukka-brown-suede-3-original.jpg,https://morjas.centracdn.net/client/dynamic/originals/7757_e3b35a3423-morjas-the-unlined-chukka-brown-suede-2-original.jpg,https://morjas.centracdn.net/client/dynamic/originals/7757_0aec23267e-morjas-the-unlined-chukka-brown-suede-4-original.jpg,https://morjas.centracdn.net/client/dynamic/originals/7757_c0dd29dba7-morjas-the-unlined-chukka-brown-suede-5-original.jpg",MORJAS,Apparel & Accessories > Shoes,Chukka Boots,p7757,male,adult,Brown,Suede,129001003
p63-v1561-s,MORJAS The Chukka Boot - Medium Brown Suede,"The Chukka Boot is set on a sturdy rubber sole and finished with a full leather lining. The ankle-cut silhouette offers a sharp, everyday look — well-suited for colder seasons and light enough to wear year-round in milder climates. Handcrafted in Spain.",in stock,new,3700 SEK,https://www.morjas.com/product/the-chukka-medium-brown-suede,https://morjas.centracdn.net/client/dynamic/originals/63_c70e2194da-morjas-the-chukka-medium-brown-suede-1-original.jpg,"https://morjas.centracdn.net/client/dynamic/originals/63_a927bb072b-the-chukka-medium-brown-suede-wear1-original.jpg,https://morjas.centracdn.net/client/dynamic/originals/63_ce61956c3b-morjas-the-chukka-medium-brown-suede-5-original.jpg,https://morjas.centracdn.net/client/dynamic/originals/63_d0dc03f5ba-morjas-the-chukka-medium-brown-suede-4-original.jpg,https://morjas.centracdn.net/client/dynamic/originals/63_df6be60413-morjas-the-chukka-medium-brown-suede-3-original.jpg,https://morjas.centracdn.net/client/dynamic/originals/63_d90eb456c4-morjas-the-chukka-medium-brown-suede-2-original.jpg",MORJAS,Apparel & Accessories > Shoes,Chukka Boots,p63,male,adult,Medium Brown,Suede,105041004
p62-v1560-s,MORJAS The Chukka Boot - Brown Suede,"The Chukka Boot is set on a sturdy rubber sole and finished with a full leather lining. The ankle-cut silhouette offers a sharp, everyday look — well-suited for colder seasons and light enough to wear year-round in milder climates. Handcrafted in Spain.",in stock,new,3700 SEK,https://www.morjas.com/product/the-chukka-brown-suede,https://morjas.centracdn.net/client/dynamic/originals/62_5d39a26d46-morjas-the-chukka-brown-suede-1-original.jpg,"https://morjas.centracdn.net/client/dynamic/originals/62_580e8718ee-morjas-the-chukka-brown-suede-wear-1-original.jpg,https://morjas.centracdn.net/client/dynamic/originals/62_0f068b1ae6-morjas-the-chukka-brown-suede-3-original.jpg,https://morjas.centracdn.net/client/dynamic/originals/62_bfc53128d6-morjas-the-chukka-brown-suede-5-original.jpg,https://morjas.centracdn.net/client/dynamic/originals/62_04e06bc7c6-morjas-the-chukka-brown-suede-2-original.jpg,https://morjas.centracdn.net/client/dynamic/originals/62_a9dc544f03-morjas-the-chukka-brown-suede-4-original.jpg",MORJAS,Apparel & Accessories > Shoes,Chukka Boots,p62,male,adult,Brown,Suede,105031003
p7733-v9488-s,MORJAS The Moc Toe Chukka - Black Grain,"Rooted in the familiar shape of a chukka, The Moc Toe Chukka takes on a sturdier profile for the colder months. Goodyear welted with a storm welt and set on a lug sole, it combines practicality and polish in equal measure. Crafted from grained leather, it features a cushioned insole and three-eyelet lacing for easy comfort. Handcrafted in Spain.",in stock,new,3900 SEK,https://www.morjas.com/product/the-moc-toe-chukka-black-grain,https://morjas.centracdn.net/client/dynamic/originals/7733_20a58acbd3-morjas-the-moc-toe-chukka-black-grain-v01-kopia-original.jpg,"https://morjas.centracdn.net/client/dynamic/originals/7733_7c889c836b-morjas-the-moc-toe-chukka-black-grain-wear-original.jpg,https://morjas.centracdn.net/client/dynamic/originals/7733_1562b43f3b-morjas-the-moc-toe-chukka-black-grain-2-original.jpg,https://morjas.centracdn.net/client/dynamic/originals/7733_13d5011383-morjas-the-moc-toe-chukka-black-grain-3-original.jpg,https://morjas.centracdn.net/client/dynamic/originals/7733_ac8b77e870-morjas-the-moc-toe-chukka-black-grain-4-original.jpg,https://morjas.centracdn.net/client/dynamic/originals/7733_77063fb68a-morjas-the-moc-toe-chukka-black-grain-5-original.jpg",MORJAS,Apparel & Accessories > Shoes,Chukka Boots,p7733,male,adult,Black,Grain Leather,124001005
p7732-v9487-s,MORJAS The Moc Toe Chukka - Brown Grain & Brown Suede,"Rooted in the familiar shape of a chukka, The Moc Toe Chukka takes on a sturdier profile for the colder months. Goodyear welted with a storm welt and set on a lug sole, it combines practicality and polish in equal measure. Crafted from grained leather and suede, it features a cushioned insole and three-eyelet lacing for easy comfort. Handcrafted in Spain.",in stock,new,3900 SEK,https://www.morjas.com/product/the-moc-toe-chukka-brown-suede-brown-grain,https://morjas.centracdn.net/client/dynamic/originals/7732_3dd58a5898-morjas-the-moc-toe-chukka-brown-grain-and-brown-suede-v01-kopia-original.jpg,"https://morjas.centracdn.net/client/dynamic/originals/7732_e323632c5b-morjas-the-moc-toe-chukka-brown-grain-and-brown-suede-wear-original.jpg,https://morjas.centracdn.net/client/dynamic/originals/7732_7a14d79fee-morjas-the-moc-toe-chukka-brown-grain-and-brown-suede-3-original.jpg,https://morjas.centracdn.net/client/dynamic/originals/7732_9beac5bc5c-morjas-the-moc-toe-chukka-brown-grain-and-brown-suede-2-original.jpg,https://morjas.centracdn.net/client/dynamic/originals/7732_bcf709df93-morjas-the-moc-toe-chukka-brown-grain-and-brown-suede-4-original.jpg,https://morjas.centracdn.net/client/dynamic/originals/7732_7fdc90b5bb-morjas-the-moc-toe-chukka-brown-grain-and-brown-suede-5-original.jpg",MORJAS,Apparel & Accessories > Shoes,Chukka Boots,p7732,male,adult,Brown,Grain Leather,124021122
p77-v1594-s,MORJAS The Jumper Boot - Black Grain,"The Jumper Boot is a high-leg derby boot with a straight toe cap, made by hand in Spain. A storm welt and studded rubber sole provide grip and water resistance, while Goodyear welt construction ensures it can be worn and resoled for years to come.",in stock,new,3800 SEK,https://www.morjas.com/product/the-jumper-boot-black-grain,https://morjas.centracdn.net/client/dynamic/originals/77_513cbb1f22-morjas-the-jumper-boot-black-grain-1-new-original.jpg,"https://morjas.centracdn.net/client/dynamic/originals/77_cd92e61da8-morjas-the-jumper-boot-black-grain-wear-original.jpg,https://morjas.centracdn.net/client/dynamic/originals/77_43ed1f40e4-morjas-the-jumper-boot-black-grain-3-new-original.jpg,https://morjas.centracdn.net/client/dynamic/originals/77_0235a63be4-morjas-the-jumper-boot-black-grain-4-new-original.jpg,https://morjas.centracdn.net/client/dynamic/originals/77_a3a3a6418f-morjas-the-jumper-boot-black-grain-2-new-original.jpg,https://morjas.centracdn.net/client/dynamic/originals/77_dbdd4e8b12-morjas-the-jumper-boot-black-grain-5-original.jpg",MORJAS,Apparel & Accessories > Shoes,Jumper Boots,p77,male,adult,Black,Grain Leather,115001005
p78-v1595-s,MORJAS The Jumper Boot - Brown Suede,"The Jumper Boot is a high-leg derby boot with a straight toe cap, made by hand in Spain. A storm welt and studded rubber sole provide grip and water resistance, while Goodyear welt construction ensures it can be worn and resoled for years to come.",in stock,new,3800 SEK,https://www.morjas.com/product/the-jumper-boot-brown-suede,https://morjas.centracdn.net/client/dynamic/originals/78_fe1e523112-morjas-the-jumper-boot-brown-suede-1-original.jpg,"https://morjas.centracdn.net/client/dynamic/originals/78_e062f70e83-morjas-the-jumper-boot-brown-suede-wear-3-original.jpg,https://morjas.centracdn.net/client/dynamic/originals/78_ce405513d7-morjas-the-jumper-boot-brown-suede-3-original.jpg,https://morjas.centracdn.net/client/dynamic/originals/78_e0ce38d43b-morjas-the-jumper-boot-brown-suede-4-original.jpg,https://morjas.centracdn.net/client/dynamic/originals/78_7ceed64936-morjas-the-jumper-boot-brown-suede-2-original.jpg,https://morjas.centracdn.net/client/dynamic/originals/78_2814fc3c20-the-jumper-boot-brown-grain-4-original.jpg",MORJAS,Apparel & Accessories > Shoes,Jumper Boots,p78,male,adult,Brown,Suede,115011003
p1684-v3212-s,MORJAS The Jumper Boot - Brown Grain,"The Jumper Boot is a high-leg derby boot with a straight toe cap, made by hand in Spain. A storm welt and studded rubber sole provide grip and water resistance, while Goodyear welt construction ensures it can be worn and resoled for years to come.",in stock,new,3800 SEK,https://www.morjas.com/product/the-jumper-boot-brown-grain,https://morjas.centracdn.net/client/dynamic/originals/1684_d87b88603e-the-jumper-boot-brown-grain-1-original.jpg,"https://morjas.centracdn.net/client/dynamic/originals/1684_980ec8dfe9-the-jumper-boot-brown-grain-wear-5-original.jpg,https://morjas.centracdn.net/client/dynamic/originals/1684_22a183b2d7-the-jumper-boot-brown-grain-3-original.jpg,https://morjas.centracdn.net/client/dynamic/originals/1684_50307ba319-the-jumper-boot-brown-grain-5-original.jpg,https://morjas.centracdn.net/client/dynamic/originals/1684_1587088640-the-jumper-boot-brown-grain-4-original.jpg",MORJAS,Apparel & Accessories > Shoes,Jumper Boots,p1684,male,adult,Brown,Grain Leather,115031007
p7726-v9481-s,MORJAS The Jumper Boot - Black Calf,"The Jumper Boot is a high-leg derby boot with a straight toe cap, made by hand in Spain. A storm welt and studded rubber sole provide grip and water resistance, while Goodyear welt construction ensures it can be worn and resoled for years to come.",out of stock,new,3800 SEK,https://www.morjas.com/product/the-jumper-boot-black-calf,https://morjas.centracdn.net/client/dynamic/originals/7726_be85ba1e7f-morjas-the-jumper-boot-black-calf-2-original.jpg,"https://morjas.centracdn.net/client/dynamic/originals/7726_3e4d439c09-morjas-the-jumper-boot-black-calf-wear-original.jpg,https://morjas.centracdn.net/client/dynamic/originals/7726_0843b8ed9f-morjas-the-jumper-boot-black-calf-3-original.jpg,https://morjas.centracdn.net/client/dynamic/originals/7726_373386d3b8-morjas-the-jumper-boot-black-calf-4-original.jpg,https://morjas.centracdn.net/client/dynamic/originals/7726_13536d18eb-morjas-the-jumper-boot-black-calf-5-original.jpg,https://morjas.centracdn.net/client/dynamic/originals/7726_b8ec38ce19-morjas-the-jumper-boot-black-grain-5-original.jpg",MORJAS,Apparel & Accessories > Shoes,Jumper Boots,p7726,male,adult,Black,Plain Leather,115041000
p7745-v9500-s,MORJAS The Hybrid Hiker - Black Leather,"With all-terrain capabilities, water-resistant mudguards, and a low-cut silhouette, The Hybrid Hiker seamlessly combines sturdy durability with contemporary, understated details — making it an ideal companion for any urban exploration.",in stock,new,3800 SEK,https://www.morjas.com/product/the-hybrid-hiker-black-leather,https://morjas.centracdn.net/client/dynamic/originals/7745_cc88efe2b8-morjas-the-hybrid-hiker-black-leather-1-kopia-2-original.jpg,"https://morjas.centracdn.net/client/dynamic/originals/7745_7dd5e1be4b-morjas-the-hybrid-hiker-black-leather-wear-original.jpg,https://morjas.centracdn.net/client/dynamic/originals/7745_72c39b1473-morjas-the-hybrid-hiker-black-leather-4-original.jpg,https://morjas.centracdn.net/client/dynamic/originals/7745_da8f105ba5-morjas-the-hybrid-hiker-black-leather-3-original.jpg,https://morjas.centracdn.net/client/dynamic/originals/7745_323324a891-morjas-the-hybrid-hiker-black-leather-2-original.jpg,https://morjas.centracdn.net/client/dynamic/originals/7745_f419d28632-morjas-the-hybrid-hiker-black-leather-5-original.jpg",MORJAS,Apparel & Accessories > Shoes,Hybrid Hikers,p7745,male,adult,Black,Plain Leather,122031123
p3431-v5113-s,MORJAS The Hybrid Hiker - Brown Nubuck,"With all-terrain capabilities, water-resistant mudguards, and a low-cut silhouette, The Hybrid Hiker seamlessly combines sturdy durability with contemporary, understated details — making it an ideal companion for any urban exploration.",in stock,new,3700 SEK,https://www.morjas.com/product/the-hybrid-hiker-brown-nubuck,https://morjas.centracdn.net/client/dynamic/originals/3431_f67928dee7-morjas-the-hybrid-hiker-brown-nubuck-v01-kopia-original.jpg,"https://morjas.centracdn.net/client/dynamic/originals/3431_13cc97a90e-the-hybrid-hiker-in-brown-nubuck-wear-original.jpg,https://morjas.centracdn.net/client/dynamic/originals/3431_1c0aa79207-morjas-the-hybrid-hiker-brown-nubuck-3-original.jpg,https://morjas.centracdn.net/client/dynamic/originals/3431_a2a02e9e00-morjas-the-hybrid-hiker-brown-nubuck-4-original.jpg,https://morjas.centracdn.net/client/dynamic/originals/3431_7f56428347-morjas-the-hybrid-hiker-brown-nubuck-2-original.jpg,https://morjas.centracdn.net/client/dynamic/originals/3431_9479b57966-morjas-the-hybrid-hiker-brown-nubuck-1-original.jpg",MORJAS,Apparel & Accessories > Shoes,Hybrid Hikers,p3431,male,adult,Brown,Nubuck,122011095
p3432-v5114-s,MORJAS The Hybrid Hiker - Black Grain,"With all-terrain capabilities, water-resistant mudguards, and a low-cut silhouette, The Hybrid Hiker seamlessly combines sturdy durability with contemporary, understated details — making it an ideal companion for any urban exploration.",in stock,new,3700 SEK,https://www.morjas.com/product/the-hybrid-hiker-black-grain,https://morjas.centracdn.net/client/dynamic/originals/3432_f67db0bc88-morjas-the-hybrid-hiker-black-grain_v01-kopia-original.jpg,"https://morjas.centracdn.net/client/dynamic/originals/3432_9dcbfca25b-morjas-the-hybrid-hiker-black-grain-wear-2-original.jpg,https://morjas.centracdn.net/client/dynamic/originals/3432_1f02a7696f-morjas-the-hybrid-hiker-black-grain-3-original.jpg,https://morjas.centracdn.net/client/dynamic/originals/3432_2ada09707f-morjas-the-hybrid-hiker-black-grain-4-original.jpg,https://morjas.centracdn.net/client/dynamic/originals/3432_9286c4a20e-morjas-the-hybrid-hiker-black-grain-2-original.jpg,https://morjas.centracdn.net/client/dynamic/originals/3432_4d8026a3bc-morjas-the-hybrid-hiker-black-grain-1-original.jpg",MORJAS,Apparel & Accessories > Shoes,Hybrid Hikers,p3432,male,adult,Black,Grain Leather,122001005
p7731-v9486-s,MORJAS The Hybrid Hiker - Taupe Suede,"With all-terrain capabilities, water-resistant mudguards, and a low-cut silhouette, The Hybrid Hiker seamlessly combines sturdy durability with contemporary, understated details — making it an ideal companion for any urban exploration.",in stock,new,3700 SEK,https://www.morjas.com/product/the-hybrid-hiker-taupe-suede,https://morjas.centracdn.net/client/dynamic/originals/7731_3d04927f09-morjas-the-hybrid-hiker-taupe-suede-1-kopia-2-original.jpg,"https://morjas.centracdn.net/client/dynamic/originals/7731_fb025d1494-morjas-the-hybrid-hiker-taupe-suede-wear-original.jpg,https://morjas.centracdn.net/client/dynamic/originals/7731_d4ce78d7e3-morjas-the-hybrid-hiker-taupe-suede-2-original.jpg,https://morjas.centracdn.net/client/dynamic/originals/7731_e0f32b3459-morjas-the-hybrid-hiker-taupe-suede-3-original.jpg,https://morjas.centracdn.net/client/dynamic/originals/7731_e70e55b9c2-morjas-the-hybrid-hiker-taupe-suede-4-original.jpg,https://morjas.centracdn.net/client/dynamic/originals/7731_82e1b0a0a2-morjas-the-hybrid-hiker-taupe-suede-5-original.jpg",MORJAS,Apparel & Accessories > Shoes,Hybrid Hikers,p7731,male,adult,Taupe,Suede,122051062
p3430-v5112-s,MORJAS The Hybrid Hiker - Sand Suede,"With all-terrain capabilities, water-resistant mudguards, and a low-cut silhouette, The Hybrid Hiker seamlessly combines sturdy durability with contemporary, understated details — making it an ideal companion for any urban exploration.",in stock,new,3700 SEK,https://www.morjas.com/product/the-hybrid-hiker-sand-suede,https://morjas.centracdn.net/client/dynamic/originals/3430_c92bb3b5c5-morjas-the-hybrid-hiker-sand-suede-v01-kopia-original.jpg,"https://morjas.centracdn.net/client/dynamic/originals/3430_1682b24ab9-the-hybrid-hiker-in-sand-suede-original.jpg,https://morjas.centracdn.net/client/dynamic/originals/3430_7cc4db6e41-morjas-the-hybrid-hiker-sand-suede-3-original.jpg,https://morjas.centracdn.net/client/dynamic/originals/3430_2b412ae5ea-morjas-the-hybrid-hiker-sand-suede-4-original.jpg,https://morjas.centracdn.net/client/dynamic/originals/3430_14e6d05ca1-morjas-the-hybrid-hiker-sand-suede-2-original.jpg,https://morjas.centracdn.net/client/dynamic/originals/3430_78603d194e-morjas-the-hybrid-hiker-sand-suede-1-original.jpg",MORJAS,Apparel & Accessories > Shoes,Hybrid Hikers,p3430,male,adult,Sand,Suede,122021008
p7730-v9485-s,MORJAS The Hybrid Hiker - Black Pony Hair,"With all-terrain capabilities, water-resistant mudguards, and a low-cut silhouette, The Hybrid Hiker seamlessly combines sturdy durability with contemporary, understated details — making it an ideal companion for any urban exploration.",in stock,new,3800 SEK,https://www.morjas.com/product/the-hybrid-hiker-black-pony-hair,https://morjas.centracdn.net/client/dynamic/originals/7730_813cf3dc1f-morjas-the-hybrid-hiker-black-pony-hair-v01-kopia-original.jpg,"https://morjas.centracdn.net/client/dynamic/originals/7730_3bb9a84ad5-morjas-the-hybrid-hiker-black-pony-hair-wear-original.jpg,https://morjas.centracdn.net/client/dynamic/originals/7730_f49887cbf4-morjas-the-hybrid-hiker-black-pony-hair-2-original.jpg,https://morjas.centracdn.net/client/dynamic/originals/7730_3d6299ce6f-morjas-the-hybrid-hiker-black-pony-hair-3-original.jpg,https://morjas.centracdn.net/client/dynamic/originals/7730_8577a20af2-morjas-the-hybrid-hiker-black-pony-hair-4-original.jpg,https://morjas.centracdn.net/client/dynamic/originals/7730_9468f4dfa0-morjas-the-hybrid-hiker-black-pony-hair-5-original.jpg",MORJAS,Apparel & Accessories > Shoes,Hybrid Hikers,p7730,male,adult,Black,Pony Hair,122041118
p1686-v3214-s,MORJAS The Hiking Boot - Brown Grain,"Inspired by life between mountain and city, The Hiking Boot combines rugged function with a refined look. Set on a sturdy rubber sole, it features a storm welt, fold-over tongue, and padded ankle for comfort and protection in all conditions.",in stock,new,4200 SEK,https://www.morjas.com/product/the-hiking-boot-brown-grain,https://morjas.centracdn.net/client/dynamic/originals/1686_55b9bce21c-morjas-the-hiking-boot-brown-grain-1-original.jpg,"https://morjas.centracdn.net/client/dynamic/originals/1686_b5afc0545d-morjas-the-hiking-boot-brown-grain-2-original.jpg,https://morjas.centracdn.net/client/dynamic/originals/1686_648f67f4c6-morjas-the-hiking-boot-brown-grain-4-original.jpg,https://morjas.centracdn.net/client/dynamic/originals/1686_131439c85b-morjas-the-hiking-boot-brown-grain-3-original.jpg,https://morjas.centracdn.net/client/dynamic/originals/1686_1719b3b2d3-morjas-the-hiking-boot-brown-grain-different-lacing-original.jpg,https://morjas.centracdn.net/client/dynamic/originals/1686_51d2025b31-morjas-the-hiking-boot-brown-grain-sole-original.jpg",MORJAS,Apparel & Accessories > Shoes,Hiking Boots,p1686,male,adult,Brown,Grain Leather,117021007
p813-v2330-s,MORJAS The Hiking Boot - Black Grain,"Inspired by life between mountain and city, The Hiking Boot combines rugged function with a refined look. Set on a sturdy rubber sole, it features a storm welt, fold-over tongue, and padded ankle for comfort and protection in all conditions.",in stock,new,4200 SEK,https://www.morjas.com/product/the-hiking-boot-black-grain,https://morjas.centracdn.net/client/dynamic/originals/813_4eb78cada9-morjas-the-hiking-boot-black-grain-v01-kopia-original.jpg,"https://morjas.centracdn.net/client/dynamic/originals/813_e8fb654650-morjas-the-hiking-boot-black-grain-wear-5-original.jpg,https://morjas.centracdn.net/client/dynamic/originals/813_c6429f27a0-morjas-the-hiking-boot-black-grain-6-original.jpg,https://morjas.centracdn.net/client/dynamic/originals/813_8897d7859e-morjas-the-hiking-boot-black-grain-3-original.jpg,https://morjas.centracdn.net/client/dynamic/originals/813_4de177e49f-morjas-the-hiking-boot-black-grain-2-original.jpg,https://morjas.centracdn.net/client/dynamic/originals/813_1bae6c3935-morjas-the-hiking-boot-black-grain-sole-original.jpg",MORJAS,Apparel & Accessories > Shoes,Hiking Boots,p813,male,adult,Black,Grain Leather,117001005
p3433-v5115-s,MORJAS The Hiking Boot - Brown Suede - Mudguard,"This version of The Hiking Boot features a suede upper with a coated leather mudguard running around the lower edge, added for increased resistance to moisture and abrasion. The storm welt construction and lug sole provide structure and durability, while cushioned padding, a fold-over tongue, and a shearling-lined insole add insulation and comfort in colder conditions. Made by hand in Spain.",in stock,new,4200 SEK,https://www.morjas.com/product/the-hiking-boot-mudguard-edition,https://morjas.centracdn.net/client/dynamic/originals/3433_29630f9b32-morjas-the-hiking-boot-mudguard-hiker-brown-suede-v01-kopia-original.jpg,"https://morjas.centracdn.net/client/dynamic/originals/3433_9e766ae7c2-morjas-the-hiking-boot-mudguard-hiker-brown-suede-wear-original.jpg,https://morjas.centracdn.net/client/dynamic/originals/3433_a690911712-morjas-the-hiking-boot-mudguard-hiker-brown-suede-3-original.jpg,https://morjas.centracdn.net/client/dynamic/originals/3433_82185232d5-morjas-the-hiking-boot-mudguard-hiker-brown-suede-2-original.jpg,https://morjas.centracdn.net/client/dynamic/originals/3433_3f34b8a36b-morjas-the-hiking-boot-mudguard-hiker-brown-suede-4-original.jpg,https://morjas.centracdn.net/client/dynamic/originals/3433_688fd0abe0-morjas-the-hiking-boot-mudguard-edition-brown-suede-1-original.jpg",MORJAS,Apparel & Accessories > Shoes,Hiking Boots,p3433,male,adult,Brown,Suede,117031125
p7729-v9484-s,MORJAS The Hiking Boot - Black Suede - Mudguard,"This version of The Hiking Boot features a suede upper with a coated leather mudguard running around the lower edge, added for increased resistance to moisture and abrasion. The storm welt construction and lug sole provide structure and durability, while cushioned padding, a fold-over tongue, and a shearling-lined insole add insulation and comfort in colder conditions. Made by hand in Spain.",in stock,new,4200 SEK,https://www.morjas.com/product/the-hiking-boot-black-suede-mudguard,https://morjas.centracdn.net/client/dynamic/originals/7729_7203d9e130-morjas-the-hiking-boot-mudguard-hiker-black-suede-1-original.jpg,"https://morjas.centracdn.net/client/dynamic/originals/7729_6f269c3653-morjas-the-hiking-boot-mudguard-hiker-black-suede-wear1-original.jpg,https://morjas.centracdn.net/client/dynamic/originals/7729_c5ea246888-morjas-the-hiking-boot-mudguard-hiker-black-suede-6-original.jpg,https://morjas.centracdn.net/client/dynamic/originals/7729_d23924eea0-morjas-the-hiking-boot-mudguard-hiker-black-suede-2-original.jpg,https://morjas.centracdn.net/client/dynamic/originals/7729_96765cd1c6-morjas-the-hiking-boot-mudguard-hiker-black-suede-3-original.jpg,https://morjas.centracdn.net/client/dynamic/originals/7729_c55bd3f4bc-morjas-the-hiking-boot-mudguard-hiker-black-suede-4-original.jpg,https://morjas.centracdn.net/client/dynamic/originals/7729_8f5b6a2966-morjas-the-hiking-boot-mudguard-hiker-black-suede-5-original.jpg",MORJAS,Apparel & Accessories > Shoes,Hiking Boots,p7729,male,adult,Black,Suede,117041126
p1689-v3217-s,MORJAS The Alpine Boot - Black Suede,"The Alpine Boot is handcrafted in Spain with a storm welt and a sturdy lug sole for grip in all conditions. Fully lined in shearling and made from supple suede, it is designed for warmth and comfort in cold weather. A front zip closure adds practicality, making it easy to wear from city streets to winter escapes.",in stock,new,4500 SEK,https://www.morjas.com/product/the-alpine-boot-black-suede,https://morjas.centracdn.net/client/dynamic/originals/1689_f23c8ec9f0-morjas-the-alpine-boot-black-suede-1-original.jpg,"https://morjas.centracdn.net/client/dynamic/originals/1689_a482d0ad68-morjas-the-alpine-boot-black-suede-7-original.jpg,https://morjas.centracdn.net/client/dynamic/originals/1689_e52b5a292e-the-alpine-boot-in-black-suede-wear3-original.jpg,https://morjas.centracdn.net/client/dynamic/originals/1689_e1764933ae-morjas-the-alpine-boot-black-suede-3-original.jpg,https://morjas.centracdn.net/client/dynamic/originals/1689_5049952a2b-morjas-the-alpine-boot-black-suede-5-original.jpg,https://morjas.centracdn.net/client/dynamic/originals/1689_578832cc36-morjas-the-alpine-boot-black-suede-2-original.jpg,https://morjas.centracdn.net/client/dynamic/originals/1689_512fdbd890-morjas-the-alpine-boot-black-suede-6-original.jpg",MORJAS,Apparel & Accessories > Shoes,Alpine Boots,p1689,male,adult,Black,Suede,121001010
p1690-v3218-s,MORJAS The Alpine Boot - Brown Suede,"The Alpine Boot is handcrafted in Spain with a storm welt and a sturdy lug sole for grip in all conditions. Fully lined in shearling and made from supple suede, it is designed for warmth and comfort in cold weather. A front zip closure adds practicality, making it easy to wear from city streets to winter escapes.",in stock,new,4500 SEK,https://www.morjas.com/product/the-alpine-boot-brown-suede,https://morjas.centracdn.net/client/dynamic/originals/1690_0e3c379665-morjas-the-alpine-boot-brown-suede-1-original.jpg,"https://morjas.centracdn.net/client/dynamic/originals/1690_072582b3cf-morjas-the-alpine-boot-brown-suede-wear5-original.jpg,https://morjas.centracdn.net/client/dynamic/originals/1690_fa04bf4740-morjas-the-alpine-boot-brown-suede-3-2-original.jpg,https://morjas.centracdn.net/client/dynamic/originals/1690_65c2cd5a28-morjas-the-alpine-boot-brown-suede-5-3-original.jpg,https://morjas.centracdn.net/client/dynamic/originals/1690_c9e563d215-morjas-the-alpine-boot-brown-suede-2-2-original.jpg,https://morjas.centracdn.net/client/dynamic/originals/1690_6b2e72ca8b-morjas-the-alpine-boot-brown-suede-6-original.jpg",MORJAS,Apparel & Accessories > Shoes,Alpine Boots,p1690,male,adult,Brown,Suede,121011003
p7728-v9483-s,MORJAS The Alpine Boot - Black Grain,"The Alpine Boot is handcrafted in Spain with a storm welt and a sturdy lug sole for grip in all conditions. Fully lined in shearling and made from grained leather, it is designed for warmth and comfort in cold weather. A front zip closure adds practicality, making it easy to wear from city streets to winter escapes.",in stock,new,4500 SEK,https://www.morjas.com/product/the-alpine-boot-black-grain,https://morjas.centracdn.net/client/dynamic/originals/7728_8575e1c0a4-morjas-the-alpine-boot-black-grain-1-kopia-original.jpg,"https://morjas.centracdn.net/client/dynamic/originals/7728_dbecb7b8af-morjas-the-alpine-boot-black-grain-wear-original.jpg,https://morjas.centracdn.net/client/dynamic/originals/7728_4880a7669e-morjas-the-alpine-boot-black-grain-2-original.jpg,https://morjas.centracdn.net/client/dynamic/originals/7728_3b0dd20990-morjas-the-alpine-boot-black-grain-3-original.jpg,https://morjas.centracdn.net/client/dynamic/originals/7728_70ef8eb582-morjas-the-alpine-boot-black-grain-5-original.jpg,https://morjas.centracdn.net/client/dynamic/originals/7728_bddf2f0384-morjas-the-alpine-boot-black-grain-4-original.jpg,https://morjas.centracdn.net/client/dynamic/originals/7728_9550d99e94-morjas-the-alpine-boot-black-grain-6-original.jpg",MORJAS,Apparel & Accessories > Shoes,Alpine Boots,p7728,male,adult,Black,Grain Leather,125021005
p7727-v9482-s,MORJAS The Alpine Boot - Brown Grain,"The Alpine Boot is handcrafted in Spain with a storm welt and a sturdy lug sole for grip in all conditions. Fully lined in shearling and made from grained leather, it is designed for warmth and comfort in cold weather. A front zip closure adds practicality, making it easy to wear from city streets to winter escapes.",in stock,new,4500 SEK,https://www.morjas.com/product/the-alpine-boot-brown-grain,https://morjas.centracdn.net/client/dynamic/originals/7727_1ae33a71e0-morjas-the-alpine-boot-brown-grain-1-kopia-original.jpg,"https://morjas.centracdn.net/client/dynamic/originals/7727_00f5043734-morjas-the-alpine-boot-brown-grain-2a-original.jpg,https://morjas.centracdn.net/client/dynamic/originals/7727_ee880fe164-morjas-the-alpine-boot-brown-grain-3a-original.jpg,https://morjas.centracdn.net/client/dynamic/originals/7727_50776621d9-morjas-the-alpine-boot-brown-grain-5a-original.jpg,https://morjas.centracdn.net/client/dynamic/originals/7727_a8ab7980f6-morjas-the-alpine-boot-brown-grain-4a-original.jpg,https://morjas.centracdn.net/client/dynamic/originals/7727_edafee1b5c-morjas-the-alpine-boot-brown-grain-6-original.jpg",MORJAS,Apparel & Accessories > Shoes,Alpine Boots,p7727,male,adult,Brown,Grain Leather,125031007
p7746-v9501-s,MORJAS The Country Boot - Brown Nubuck & Brown Grain,"The Country Boot brings together town and country in one design. Goodyear welted and crafted from nubuck and grain leather, it offers weather-resistant qualities within a modern silhouette. The lug sole grounds the sleek upper, creating a versatile boot suited for changing settings. Handcrafted in Spain.",in stock,new,4500 SEK,https://www.morjas.com/product/the-country-boot-brown-nubuck-and-brown-grain,https://morjas.centracdn.net/client/dynamic/originals/7746_3c0110e444-morjas-the-country-boot-brown-nubuck-and-brown-grain_v01-kopia-original.jpg,"https://morjas.centracdn.net/client/dynamic/originals/7746_231f2fac15-morjas-the-country-boot-brown-nubuck-and-brown-grain-wear_v01-original.jpg,https://morjas.centracdn.net/client/dynamic/originals/7746_da3518a0ae-morjas-the-country-boot-brown-nubuck-and-brown-grain-1_v01-original.jpg,https://morjas.centracdn.net/client/dynamic/originals/7746_6e967594ab-morjas-the-country-boot-brown-nubuck-and-brown-grain-3_v01-original.jpg,https://morjas.centracdn.net/client/dynamic/originals/7746_edd17d0fff-morjas-the-country-boot-brown-nubuck-and-brown-grain-4_v01-original.jpg,https://morjas.centracdn.net/client/dynamic/originals/7746_be462f3eed-morjas-the-country-boot-brown-nubuck-and-brown-grain-5-original.jpg",MORJAS,Apparel & Accessories > Shoes,Country Boots,p7746,male,adult,Brown,Nubuck,125001132
p1687-v3215-s,MORJAS The Monkey Boot - Black Grain,"The Monkey Boot carries an enigmatic heritage, with origins in Czechoslovakia and ties to military footwear. Adopted by British mods in the 1960s, it remains a distinctive lace-up style with eyelets running to the toe cap. Handcrafted in Spain with storm welt construction and a studded rubber sole, it is built for durability and character.",in stock,new,3800 SEK,https://www.morjas.com/product/the-monkey-boot-black-grain,https://morjas.centracdn.net/client/dynamic/originals/1687_50830dc533-morjas-the-monkey-boot-black-calf-1-original.jpg,"https://morjas.centracdn.net/client/dynamic/originals/1687_a1eea0bd1d-the-monkey-boot-in-black-grain-wear-original.jpg,https://morjas.centracdn.net/client/dynamic/originals/1687_aa9d5fdd96-morjas-the-monkey-boot-black-calf-4-original.jpg,https://morjas.centracdn.net/client/dynamic/originals/1687_9f0e298dde-morjas-the-monkey-boot-black-calf-5-original.jpg,https://morjas.centracdn.net/client/dynamic/originals/1687_e3bf70397d-morjas-the-monkey-boot-black-calf-3-original.jpg,https://morjas.centracdn.net/client/dynamic/originals/1687_adabc36711-morjas-the-monkey-boot-black-calf-2-original.jpg",MORJAS,Apparel & Accessories > Shoes,Monkey Boots,p1687,male,adult,Black,Grain Leather,120001005
p7337-v9092-s,MORJAS The Belt - Black Suede,"A 30mm belt in black calf suede with a softly rounded brass buckle in matte gold. The warm hardware lifts the dark suede, giving the belt a distinctive edge without losing its versatility. Handmade in Spain.",in stock,new,1300 SEK,https://www.morjas.com/product/the-belt-black-suede,https://morjas.centracdn.net/client/dynamic/originals/7337_a6219ef9df-morjas-the-belt-black-suede-30-mm-1-kopia-original.jpg,"https://morjas.centracdn.net/client/dynamic/originals/7337_df765798d6-morjas-the-belt-black-suede-30-mm-wear-original.jpg,https://morjas.centracdn.net/client/dynamic/originals/7337_05c6c8b720-morjas-the-belt-black-suede-30-mm-2-original.jpg,https://morjas.centracdn.net/client/dynamic/originals/7337_6236c849e5-morjas-the-belt-black-suede-30-mm-4-original.jpg,https://morjas.centracdn.net/client/dynamic/originals/7337_04f622d526-morjas-the-belt-black-suede-30-mm-3-original.jpg",MORJAS,Apparel & Accessories > Clothing Accessories > Belts,Belts 30mm,p7337,male,adult,Black,Suede,501271010
p7338-v9093-s,MORJAS The Belt - Brown Pony Hair,"Crafted from calf leather with a brown pony hair finish, this 25 mm belt features a gold-coloured brass buckle and pairs easily with a range of looks.",in stock,new,1400 SEK,https://www.morjas.com/product/the-belt-brown-pony-hair,https://morjas.centracdn.net/client/dynamic/originals/7338_9369845bc6-morjas-the-belt-brown-ponyhair-1-kopia-original.jpg,"https://morjas.centracdn.net/client/dynamic/originals/7338_b17dc3e28e-the-belt-brown-ponyhair-wear3-original.jpg,https://morjas.centracdn.net/client/dynamic/originals/7338_1fd4e8ade3-morjas-the-belt-brown-ponyhair-3-original.jpg,https://morjas.centracdn.net/client/dynamic/originals/7338_4ec5d842f3-morjas-the-belt-brown-ponyhair-2-original.jpg,https://morjas.centracdn.net/client/dynamic/originals/7338_2292dfe242-morjas-the-belt-brown-ponyhair-4-original.jpg,https://morjas.centracdn.net/client/dynamic/originals/7338_ea055ced64-the-belt-brown-ponyhair-wear-original.jpg,https://morjas.centracdn.net/client/dynamic/originals/7338_74ea63c85d-morjas-the-belt-brown-ponyhair-5-original.jpg",MORJAS,Apparel & Accessories > Clothing Accessories > Belts,Belts 25mm,p7338,male,adult,Brown,Pony Hair,501291119
p7339-v9094-s,MORJAS The Belt - Black Pony Hair,"Crafted from calf leather with a black pony hair finish, this 25 mm belt features a silver-coloured brass buckle and pairs easily with a range of looks.",in stock,new,1400 SEK,https://www.morjas.com/product/the-belt-black-pony-hair,https://morjas.centracdn.net/client/dynamic/originals/7339_b426d42a25-morjas-the-belt-black-ponyhair-1-kopia-original.jpg,"https://morjas.centracdn.net/client/dynamic/originals/7339_c21c6b2e2b-the-belt-black-ponyhair-wear-original.jpg,https://morjas.centracdn.net/client/dynamic/originals/7339_98f1005c23-morjas-the-belt-black-ponyhair-3-original.jpg,https://morjas.centracdn.net/client/dynamic/originals/7339_34f02d0739-morjas-the-belt-black-ponyhair-2-original.jpg,https://morjas.centracdn.net/client/dynamic/originals/7339_f33b0d0be2-morjas-the-belt-black-ponyhair-4-original.jpg,https://morjas.centracdn.net/client/dynamic/originals/7339_526b4b1cbf-morjas-the-belt-black-ponyhair-5-original.jpg",MORJAS,Apparel & Accessories > Clothing Accessories > Belts,Belts 25mm,p7339,male,adult,Black,Pony Hair,501281118
p2460-v4072-s,MORJAS The Belt - Gold Buckle - Sand Suede,"A 30mm belt in calf suede with a soft, sandy tone and a softly rounded brass buckle in gold. A light, warm pairing that works naturally with neutral and earth-toned wardrobes. Handmade in Spain.",in stock,new,1300 SEK,https://www.morjas.com/product/the-belt-sand-suede,https://morjas.centracdn.net/client/dynamic/originals/2460_0ebf1055c7-morjas-the-belt-sand-suede-30-mm-kopia-original.jpg,"https://morjas.centracdn.net/client/dynamic/originals/2460_570d8e1f86-morjas-the-belt-sand-suede-30-mm-wear3-original.jpg,https://morjas.centracdn.net/client/dynamic/originals/2460_ada305a052-morjas-the-belt-sand-suede-30-mm-2a-original.jpg,https://morjas.centracdn.net/client/dynamic/originals/2460_172902c98b-morjas-the-belt-sand-suede-30-mm-3-original.jpg,https://morjas.centracdn.net/client/dynamic/originals/2460_9063ee80fc-morjas-the-belt-sand-suede-30-mm-6-original.jpg",MORJAS,Apparel & Accessories > Clothing Accessories > Belts,Belts 30mm,p2460,male,adult,Sand,Suede,501221008
p2461-v4073-s,MORJAS The Belt - Gold Buckle - Taupe Suede,"A 30mm belt in calf suede in a muted taupe tone and a softly rounded brass buckle in gold. The warmth of the hardware complements the neutral suede, lending a quiet versatility to the belt. Handmade in Spain.",in stock,new,1300 SEK,https://www.morjas.com/product/the-belt-taupe-suede,https://morjas.centracdn.net/client/dynamic/originals/2461_de72095dc0-morjas-the-belt-taupe-suede-30-mm-2-kopia-original.jpg,"https://morjas.centracdn.net/client/dynamic/originals/2461_5dbb24d7c5-the-belt-in-taupe-suede-wear2-original.jpg,https://morjas.centracdn.net/client/dynamic/originals/2461_6cabd4d090-morjas-the-belt-taupe-suede-30-mm-5-original.jpg,https://morjas.centracdn.net/client/dynamic/originals/2461_922f85bde5-morjas-the-belt-taupe-suede-30-mm-3-original.jpg,https://morjas.centracdn.net/client/dynamic/originals/2461_062e1c4454-morjas-the-belt-taupe-suede-30-mm-wear-original.jpg,https://morjas.centracdn.net/client/dynamic/originals/2461_14b61aa941-morjas-the-belt-taupe-suede-30-mm-4-original.jpg",MORJAS,Apparel & Accessories > Clothing Accessories > Belts,Belts 30mm,p2461,male,adult,Taupe,Suede,501211062
p7763-v9531-s,MORJAS The Belt - Gold Buckle - Black Suede Wide Braided,"A 30mm belt braided by hand from calf suede in a wider, more open weave with a softly rounded brass buckle in vintage gold. Lined to maintain structure and shape, the softer texture of the suede gives the braid a distinctive, relaxed feel. Handmade in Spain.",in stock,new,1300 SEK,https://www.morjas.com/product/the-belt-black-suede-wide-braided,https://morjas.centracdn.net/client/dynamic/originals/7763_e2201541c8-morjas-the-belt-black-suede-wide-braided-1-2-kopia-original.jpg,"https://morjas.centracdn.net/client/dynamic/originals/7763_a8977f51de-morjas-the-belt-black-suede-wide-braided-wear-original.jpg,https://morjas.centracdn.net/client/dynamic/originals/7763_a19d122bc8-morjas-the-belt-black-suede-wide-braided-3-2-original.jpg,https://morjas.centracdn.net/client/dynamic/originals/7763_cd967eea64-morjas-the-belt-black-suede-wide-braided-2-original.jpg,https://morjas.centracdn.net/client/dynamic/originals/7763_80849efd65-morjas-the-belt-black-suede-wide-braided-5-2-original.jpg,https://morjas.centracdn.net/client/dynamic/originals/7763_08138604f9-morjas-the-belt-black-suede-wide-braided-6-2-original.jpg",MORJAS,Apparel & Accessories > Clothing Accessories > Belts,Belts 30mm,p7763,male,adult,Black,,501301138
p7764-v9532-s,MORJAS The Belt - Brown Suede Wide Braided,"A 30mm belt braided by hand from calf suede in a wider, more open weave with a softly rounded brass buckle in vintage gold. Lined to maintain structure and shape, the warm brown suede gives the braid a soft, relaxed character. Handmade in Spain.",in stock,new,1300 SEK,https://www.morjas.com/product/the-belt-brown-suede-wide-braided,https://morjas.centracdn.net/client/dynamic/originals/7764_ac95e75596-morjas-the-belt-brown-suede-wide-braided-1-2-kopia-original.jpg,"https://morjas.centracdn.net/client/dynamic/originals/7764_8a4929ae1e-morjas-the-belt-brown-suede-wide-braided-wear-1-original.jpg,https://morjas.centracdn.net/client/dynamic/originals/7764_8caa3fc53f-morjas-the-belt-brown-suede-wide-braided-3-2-original.jpg,https://morjas.centracdn.net/client/dynamic/originals/7764_b136ad5037-morjas-the-belt-brown-suede-wide-braided-2-2-original.jpg,https://morjas.centracdn.net/client/dynamic/originals/7764_196d84b147-morjas-the-belt-brown-suede-wide-braided-5-2-original.jpg,https://morjas.centracdn.net/client/dynamic/originals/7764_a4a71df8d9-morjas-the-belt-brown-suede-wide-braided-6-2-original.jpg",MORJAS,Apparel & Accessories > Clothing Accessories > Belts,Belts 30mm,p7764,male,adult,Brown,,501311139
p664-v2181-s,MORJAS The Belt - Matte Gold Buckle - Black Grain,"A 30mm belt in full-grain grained leather with a softly rounded brass buckle in matte gold. The texture of the grain gives the belt a contemporary feel, while the warm hardware adds a quiet highlight. Handmade in Spain.",in stock,new,1300 SEK,https://www.morjas.com/product/the-belt-black-grain,https://morjas.centracdn.net/client/dynamic/originals/664_7d93442ae1-morjas-the-belt-black-grain-30-mm-1-kopia-original.jpg,"https://morjas.centracdn.net/client/dynamic/originals/664_bffa3bf9a0-morjas-the-belt-black-grain-30-mm-wear3-original.jpg,https://morjas.centracdn.net/client/dynamic/originals/664_db6ca53b79-morjas-the-belt-black-grain-30-mm-2-original.jpg,https://morjas.centracdn.net/client/dynamic/originals/664_e7ed8bf03c-morjas-the-belt-black-grain-30-mm-3-original.jpg,https://morjas.centracdn.net/client/dynamic/originals/664_3ee44dbe69-morjas-the-belt-black-grain-30-mm-4-original.jpg,https://morjas.centracdn.net/client/dynamic/originals/664_dec813e0ad-morjas-the-belt-black-grain-30-mm-wear2-original.jpg",MORJAS,Apparel & Accessories > Clothing Accessories > Belts,Belts 30mm,p664,male,adult,Black,Grain Leather,501051005
p665-v2182-s,MORJAS The Belt - Matte Gold Buckle - Brown Grain,"A 30mm belt in full-grain grained leather with a softly rounded brass buckle in matte gold. The natural texture of the grain complements the warm brown tone, giving the belt a grounded, versatile character. Handmade in Spain.",in stock,new,1300 SEK,https://www.morjas.com/product/the-belt-brown-grain,https://morjas.centracdn.net/client/dynamic/originals/665_4903c95ce7-morjas-the-belt-brown-grain-30-mm-1-kopia-original.jpg,"https://morjas.centracdn.net/client/dynamic/originals/665_a7be29ecc7-morjas-the-belt-brown-grain-30-mm-wear3-original.jpg,https://morjas.centracdn.net/client/dynamic/originals/665_5490ba6728-morjas-the-belt-brown-grain-30-mm-2-original.jpg,https://morjas.centracdn.net/client/dynamic/originals/665_5f6e39acd6-morjas-the-belt-brown-grain-30-mm-4-original.jpg,https://morjas.centracdn.net/client/dynamic/originals/665_00bccda7d8-morjas-the-belt-brown-grain-5-original.jpg,https://morjas.centracdn.net/client/dynamic/originals/665_375f962b68-morjas-the-belt-brown-grain-30-mm-3-original.jpg",MORJAS,Apparel & Accessories > Clothing Accessories > Belts,Belts 30mm,p665,male,adult,Brown,Grain Leather,501061007
p760-v2277-s,MORJAS The Belt - Matte Gold Buckle - Brown Suede,"A 30mm belt in calf suede with a deep brown tone and a softly rounded brass buckle in matte gold. The warmth of the hardware draws out the depth of the suede, creating a grounded, versatile belt. Handmade in Spain.",in stock,new,1300 SEK,https://www.morjas.com/product/the-belt-brown-suede-1,https://morjas.centracdn.net/client/dynamic/originals/760_748e77256e-morjas-the-belt-brown-suede-30-mm-1-kopia-original.jpg,"https://morjas.centracdn.net/client/dynamic/originals/760_18d63146b0-morjas-the-belt-brown-suede-30-mm-wear1-original.jpg,https://morjas.centracdn.net/client/dynamic/originals/760_895b05b49d-morjas-the-belt-brown-suede-30-mm-2-original.jpg,https://morjas.centracdn.net/client/dynamic/originals/760_7eba124f14-morjas-the-belt-brown-suede-30-mm-3-original.jpg",MORJAS,Apparel & Accessories > Clothing Accessories > Belts,Belts 30mm,p760,male,adult,Brown,Suede,501141003
p761-v2278-s,MORJAS The Belt - Matte Gold Buckle - Medium Brown Suede,"A 30mm belt in calf suede with a rich, medium brown tone and a softly rounded brass buckle in matte gold. A natural combination that moves easily between casual and more considered outfits. Handmade in Spain.",in stock,new,1300 SEK,https://www.morjas.com/product/the-belt-medium-brown-suede-1,https://morjas.centracdn.net/client/dynamic/originals/761_86eb7ac498-morjas-the-belt-medium-brown-suede-30-mm-1-kopiera-kopia-original.jpg,"https://morjas.centracdn.net/client/dynamic/originals/761_8ddbd2b887-morjas-the-belt-medium-brown-suede-30-mm-wear-original.jpg,https://morjas.centracdn.net/client/dynamic/originals/761_91dad2d704-morjas-the-belt-medium-brown-suede-30-mm-2-original.jpg,https://morjas.centracdn.net/client/dynamic/originals/761_b6dcf2870b-morjas-the-belt-medium-brown-suede-30-mm-4-original.jpg,https://morjas.centracdn.net/client/dynamic/originals/761_246e6046d7-morjas-the-belt-medium-brown-suede-30-mm-3-original.jpg,https://morjas.centracdn.net/client/dynamic/originals/761_08e70470bc-morjas-the-belt-medium-brown-suede-30-mm-5-original.jpg",MORJAS,Apparel & Accessories > Clothing Accessories > Belts,Belts 30mm,p761,male,adult,Medium Brown,Suede,501151004
p762-v2279-s,MORJAS The Belt - Matte Gold Buckle - Black Braided,"A 30mm belt braided by hand from vegetable-tanned Vachetta leather with a softly rounded brass buckle in vintage gold. The unlined leather develops a rich patina with wear, gaining character over time. Handmade in Spain.",in stock,new,1300 SEK,https://www.morjas.com/product/the-belt-black-braided,https://morjas.centracdn.net/client/dynamic/originals/762_4169a248b9-morjas-the-belt-black-braided-1-original.jpg,"https://morjas.centracdn.net/client/dynamic/originals/762_e6a3855871-morjas-the-belt-black-braided-wear-original.jpg,https://morjas.centracdn.net/client/dynamic/originals/762_1af58fbcc2-morjas-the-belt-black-braided-2-original.jpg,https://morjas.centracdn.net/client/dynamic/originals/762_b56e133bf7-morjas-the-belt-black-braided-3-original.jpg,https://morjas.centracdn.net/client/dynamic/originals/762_494e367c38-morjas-the-belt-black-braided-4-original.jpg,https://morjas.centracdn.net/client/dynamic/originals/762_34bd691538-morjas-the-belt-black-braided-5-original.jpg",MORJAS,Apparel & Accessories > Clothing Accessories > Belts,Belts 30mm,p762,male,adult,Black,Braided Leather,501091020
p763-v2280-s,MORJAS The Belt - Matte Gold Buckle - Brown Braided,A 30mm belt braided by hand from vegetable-tanned Vachetta leather with a softly rounded brass buckle in vintage gold. The warm brown tone deepens over time as the unlined leather develops a natural patina. Handmade in Spain.,in stock,new,1300 SEK,https://www.morjas.com/product/the-belt-brown-braided,https://morjas.centracdn.net/client/dynamic/originals/763_7285b85e40-the-belt-brown-braided-1-original.jpg,"https://morjas.centracdn.net/client/dynamic/originals/763_72fbe11767-the-belt-brown-braided-3-original.jpg,https://morjas.centracdn.net/client/dynamic/originals/763_ff4da6bcdd-the-belt-brown-braided-2-original.jpg,https://morjas.centracdn.net/client/dynamic/originals/763_57ad4ee0d5-the-belt-brown-braided-3-original.jpg,https://morjas.centracdn.net/client/dynamic/originals/763_7e4d22edbd-the-belt-brown-braided-4-original.jpg,https://morjas.centracdn.net/client/dynamic/originals/763_40e7091f19-the-belt-brown-braided-5-original.jpg",MORJAS,Apparel & Accessories > Clothing Accessories > Belts,Belts 30mm,p763,male,adult,Brown,Braided Leather,501101021
p3126-v4807-s,MORJAS The Belt - Matte Gold Buckle - Black Wide Braided,"A 30mm belt braided by hand from vegetable-tanned Vachetta leather in a wider, more open weave with a softly rounded brass buckle in vintage gold. The looser pattern gives the belt a relaxed feel, while the unlined leather develops a rich patina with use. Handmade in Spain.",in stock,new,1300 SEK,https://www.morjas.com/product/the-belt-black-wide-braided,https://morjas.centracdn.net/client/dynamic/originals/3126_c25b58dcaf-morjas-the-belt-black-wide-braided-original.jpg,"https://morjas.centracdn.net/client/dynamic/originals/3126_797be90e7b-morjas-the-belt-black-wide-braided-wear6-original.jpg,https://morjas.centracdn.net/client/dynamic/originals/3126_00d86d7f7d-morjas-the-belt-black-wide-braided-1-original.jpg,https://morjas.centracdn.net/client/dynamic/originals/3126_9740dc628e-morjas-the-belt-black-wide-braided-3-original.jpg",MORJAS,Apparel & Accessories > Clothing Accessories > Belts,Belts 30mm,p3126,male,adult,Black,Braided Leather,501231083
p3127-v4808-s,MORJAS The Belt - Matte Gold Buckle - Brown Wide Braided,"A 30mm belt braided by hand from vegetable-tanned Vachetta leather in a wider, more open weave with a softly rounded brass buckle in vintage gold. The warm brown tone and relaxed pattern give the belt an easy character that develops further with wear. Handmade in Spain.",in stock,new,1300 SEK,https://www.morjas.com/product/the-belt-brown-wide-braided,https://morjas.centracdn.net/client/dynamic/originals/3127_8a44df3f27-morjas-the-belt-brown-wide-braided-original.jpg,"https://morjas.centracdn.net/client/dynamic/originals/3127_9ad4357de9-morjas-the-belt-black-wide-braided-wear8-original.jpg,https://morjas.centracdn.net/client/dynamic/originals/3127_ba85a37f57-morjas-the-belt-brown-wide-braided-1-original.jpg,https://morjas.centracdn.net/client/dynamic/originals/3127_e3efa0263e-morjas-the-belt-brown-wide-braided-3-original.jpg",MORJAS,Apparel & Accessories > Clothing Accessories > Belts,Belts 30mm,p3127,male,adult,Brown,Braided Leather,501241084
p3418-v5100-s,MORJAS The Belt - Matte Gold Buckle - Black Calf,A 30mm belt in full-grain calf leather with a smooth finish and a softly rounded brass buckle in matte gold. The contrast between the dark leather and warm hardware gives the belt a quiet presence that works across formal and casual wardrobes. Handmade in Spain.,in stock,new,1300 SEK,https://www.morjas.com/product/the-belt-black-calf-matte-gold-buckle,https://morjas.centracdn.net/client/dynamic/originals/3418_d30c152c42-morjas-the-belt-black-calf-gold-buckle-kopia-original.jpg,"https://morjas.centracdn.net/client/dynamic/originals/3418_d34157ecb6-morjas-the-belt-black-calf-gold-buckle-wear-original.jpg,https://morjas.centracdn.net/client/dynamic/originals/3418_174772d469-morjas-the-belt-black-calf-gold-buckle-1-original.jpg,https://morjas.centracdn.net/client/dynamic/originals/3418_45566c4e22-morjas-the-belt-black-calf-gold-buckle-4-original.jpg,https://morjas.centracdn.net/client/dynamic/originals/3418_48086acddd-morjas-the-belt-black-calf-gold-buckle-3-original.jpg,https://morjas.centracdn.net/client/dynamic/originals/3418_c4f23e1b53-morjas-the-belt-black-calf-gold-buckle-2-original.jpg",MORJAS,Apparel & Accessories > Clothing Accessories > Belts,Belts 30mm,p3418,male,adult,Black,Plain Leather,501251000
p666-v2183-s,MORJAS The Belt - Silver Buckle - Black Embossed,"A 30mm belt in full-grain calf leather with a croco-embossed finish and a softly rounded brass buckle in silver. The texture adds depth to the dark leather, while the silver hardware keeps it clean and versatile. Handmade in Spain.",in stock,new,1300 SEK,https://www.morjas.com/product/the-belt-black-embossed,https://morjas.centracdn.net/client/dynamic/originals/666_8d082fe766-morjas-the-belt-black-embossed-1-kopia-original.jpg,"https://morjas.centracdn.net/client/dynamic/originals/666_6fb7fc4646-the-belt-in-black-embossed-wear1-original.jpg,https://morjas.centracdn.net/client/dynamic/originals/666_7cf27dd406-morjas-the-belt-black-embossed-2-original.jpg,https://morjas.centracdn.net/client/dynamic/originals/666_d9e639d170-morjas-the-belt-black-embossed-5-original.jpg,https://morjas.centracdn.net/client/dynamic/originals/666_eebb539d64-morjas-the-belt-black-embossed-3-original.jpg,https://morjas.centracdn.net/client/dynamic/originals/666_01b2a33a73-morjas-the-belt-black-embossed-4-original.jpg",MORJAS,Apparel & Accessories > Clothing Accessories > Belts,Belts 30mm,p666,male,adult,Black,Embossed Leather,501071018
p757-v2274-s,MORJAS The Belt - Silver Buckle - Black Calf,"A 30mm belt in full-grain calf leather with a smooth finish and a softly rounded brass buckle in silver. A tonal pairing that keeps things understated, sitting easily with both tailored and relaxed outfits. Handmade in Spain.",in stock,new,1300 SEK,https://www.morjas.com/product/the-belt-black-calf-1,https://morjas.centracdn.net/client/dynamic/originals/757_25a6cff09d-morjas-the-belt-black-calf-30-mm-1-kopiera-kopia-original.jpg,"https://morjas.centracdn.net/client/dynamic/originals/757_58b485a4da-the-belt-in-black-calf-original.jpg,https://morjas.centracdn.net/client/dynamic/originals/757_0aba51f891-morjas-the-belt-black-calf-30-mm-2-original.jpg,https://morjas.centracdn.net/client/dynamic/originals/757_b5858a3550-morjas-the-belt-black-calf-30-mm-3-original.jpg,https://morjas.centracdn.net/client/dynamic/originals/757_c73a2db990-morjas-the-belt-black-calf-30-mm-4-original.jpg,https://morjas.centracdn.net/client/dynamic/originals/757_68134f026b-morjas-the-belt-black-calf-30-mm-5-original.jpg",MORJAS,Apparel & Accessories > Clothing Accessories > Belts,Belts 30mm,p757,male,adult,Black,Plain Leather,501111000
p758-v2275-s,MORJAS The Belt - Silver Buckle - Burgundy Calf,A 30mm belt in full-grain calf leather in a deep burgundy tone with a softly rounded brass buckle in silver. A sharper contrast that keeps the look composed and pairs well with both dark and neutral tones. Handmade in Spain.,in stock,new,1300 SEK,https://www.morjas.com/product/the-belt-burgundy-calf-1,https://morjas.centracdn.net/client/dynamic/originals/758_7eca67511d-morjas-the-belt-burgundy-calf-30-mm-1-kopia-original.jpg,"https://morjas.centracdn.net/client/dynamic/originals/758_440257ad98-morjas-the-belt-burgundy-calf-30-mm-wear-2-original.jpg,https://morjas.centracdn.net/client/dynamic/originals/758_e01bca3e1e-morjas-the-belt-burgundy-calf-30-mm-2-original.jpg,https://morjas.centracdn.net/client/dynamic/originals/758_af20da57b5-morjas-the-belt-burgundy-calf-30-mm-5-original.jpg,https://morjas.centracdn.net/client/dynamic/originals/758_06c73e244a-morjas-the-belt-burgundy-calf-30-mm-3-original.jpg,https://morjas.centracdn.net/client/dynamic/originals/758_9ffe5c285c-morjas-the-belt-burgundy-calf-30-mm-4-original.jpg",MORJAS,Apparel & Accessories > Clothing Accessories > Belts,Belts 30mm,p758,male,adult,Burgundy,Plain Leather,501121001
p759-v2276-s,MORJAS The Belt - Silver Buckle - Brown Calf,"A 30mm belt in full-grain calf leather with a smooth, warm finish and a softly rounded brass buckle in silver. The cooler hardware against the brown leather adds a clean, versatile contrast suited to a range of outfits. Handmade in Spain.",in stock,new,1300 SEK,https://www.morjas.com/product/the-belt-brown-calf-1,https://morjas.centracdn.net/client/dynamic/originals/759_00934a51e8-morjas-the-belt-brown-calf-30-mm-1-2-kopia-original.jpg,"https://morjas.centracdn.net/client/dynamic/originals/759_d83bbe5290-morjas-the-belt-brown-calf-30-mm-2-2-original.jpg,https://morjas.centracdn.net/client/dynamic/originals/759_3e8a436711-morjas-the-belt-brown-calf-30-mm-3-2-original.jpg,https://morjas.centracdn.net/client/dynamic/originals/759_069611b513-morjas-the-belt-brown-calf-30-mm-4-2-original.jpg,https://morjas.centracdn.net/client/dynamic/originals/759_966ec13e28-morjas-the-belt-brown-calf-30-mm-5-original.jpg",MORJAS,Apparel & Accessories > Clothing Accessories > Belts,Belts 30mm,p759,male,adult,Brown,Plain Leather,501131002
p3419-v5101-s,MORJAS The Belt - Silver Buckle - Black Grain,"A 30mm belt in full-grain grained leather with a softly rounded brass buckle in silver. The textured surface paired with cooler hardware keeps the look clean and modern, sitting easily across formal and casual wardrobes. Handmade in Spain.",in stock,new,1300 SEK,https://www.morjas.com/product/the-belt-black-grain-silver-buckle,https://morjas.centracdn.net/client/dynamic/originals/3419_9598ea3ec8-morjas-the-belt-black-grain-silver-buckle-kopia-original.jpg,"https://morjas.centracdn.net/client/dynamic/originals/3419_f3d348d5cf-morjas-the-belt-black-grain-silver-buckle-wear2-original.jpg,https://morjas.centracdn.net/client/dynamic/originals/3419_c261b58924-morjas-the-belt-black-grain-silver-buckle-1-original.jpg,https://morjas.centracdn.net/client/dynamic/originals/3419_d12403bdff-morjas-the-belt-black-grain-silver-buckle-3-original.jpg,https://morjas.centracdn.net/client/dynamic/originals/3419_d9b8752e07-morjas-the-belt-black-grain-silver-buckle-4-original.jpg,https://morjas.centracdn.net/client/dynamic/originals/3419_6fe1d167bd-morjas-the-belt-black-grain-silver-buckle-2-original.jpg",MORJAS,Apparel & Accessories > Clothing Accessories > Belts,Belts 30mm,p3419,male,adult,Black,Grain Leather,501261005
p7765-v9533-s,MORJAS The Belt - Mull Nubuck,The Belt in Mull Nubuck is made by hand in Spain from soft nubuck leather and lined with vegetable-tanned leather. 25mm width. Finished with a rounded solid brass buckle in silver.,in stock,new,1300 SEK,https://www.morjas.com/product/the-belt-mull-nubuck-silver-buckle,https://morjas.centracdn.net/client/dynamic/originals/7765_48732d8387-morjas-the-belt-mull-nubuck-1-2-kopia-original.jpg,"https://morjas.centracdn.net/client/dynamic/originals/7765_e492a0ec96-morjas-the-belt-mull-nubuck-wear-original.jpg,https://morjas.centracdn.net/client/dynamic/originals/7765_340f7eb2e3-morjas-the-belt-mull-nubuck-2-2-original.jpg,https://morjas.centracdn.net/client/dynamic/originals/7765_a040e50bc8-morjas-the-belt-mull-nubuck-4-2-original.jpg,https://morjas.centracdn.net/client/dynamic/originals/7765_34d8a93b23-morjas-the-belt-mull-nubuck-3-2-original.jpg,https://morjas.centracdn.net/client/dynamic/originals/7765_6189f3ccbc-morjas-the-belt-mull-nubuck-5-2-original.jpg",MORJAS,Apparel & Accessories > Clothing Accessories > Belts,Belts 25mm,p7765,male,adult,Mull,Nubuck,501321134
p7813-v9595-s,MORJAS The Belt - Matte Gold Buckle - Black Embossed,"A 30mm belt in full-grain calf leather with a croco-embossed finish and a softly rounded brass buckle in matte gold. The texture of the leather gives the belt presence, while the warm hardware keeps the look grounded. Handmade in Spain.",in stock,new,1300 SEK,https://www.morjas.com/product/the-belt-matte-gold-buckle-black-embossed,https://morjas.centracdn.net/client/dynamic/originals/7813_8c39496e0f-the-belt-black-embossed-gold-buckle-kopia-original.jpg,"https://morjas.centracdn.net/client/dynamic/originals/7813_0ec75bddca-the-belt-black-embossed-gold-buckle-wear-original.jpg,https://morjas.centracdn.net/client/dynamic/originals/7813_38b01705d5-the-belt-black-embossed-gold-buckle-1-original.jpg,https://morjas.centracdn.net/client/dynamic/originals/7813_eedadfa338-the-belt-black-embossed-gold-buckle-4-original.jpg,https://morjas.centracdn.net/client/dynamic/originals/7813_708bcf8f58-the-belt-black-embossed-gold-buckle-2-original.jpg,https://morjas.centracdn.net/client/dynamic/originals/7813_6fae0ec460-the-belt-black-embossed-gold-buckle-3-original.jpg",MORJAS,Apparel & Accessories > Clothing Accessories > Belts,Belts 30mm,p7813,male,adult,Black,Embossed Leather,501401018
p7807-v9589-s,MORJAS The Belt - Matte Gold Buckle - Brown Calf,"A 30mm belt in full-grain calf leather with a smooth, warm finish and a softly rounded brass buckle in matte gold. A natural pairing that moves comfortably between formal and casual wardrobes. Handmade in Spain.",in stock,new,1300 SEK,https://www.morjas.com/product/the-belt-matte-gold-buckle-brown-calf,https://morjas.centracdn.net/client/dynamic/originals/7807_9a6d028519-the-belt-brown-calf-gold-buckle-kopia-original.jpg,"https://morjas.centracdn.net/client/dynamic/originals/7807_7b73359ad9-the-belt-brown-calf-gold-buckle-wear-original.jpg,https://morjas.centracdn.net/client/dynamic/originals/7807_fb88862418-the-belt-brown-calf-gold-buckle-1-original.jpg,https://morjas.centracdn.net/client/dynamic/originals/7807_ce11dc76ca-the-belt-brown-calf-gold-buckle-2-original.jpg,https://morjas.centracdn.net/client/dynamic/originals/7807_d102e87a2f-the-belt-brown-calf-gold-buckle-3-original.jpg,https://morjas.centracdn.net/client/dynamic/originals/7807_fcbfc23258-the-belt-brown-calf-gold-buckle-4-original.jpg",MORJAS,Apparel & Accessories > Clothing Accessories > Belts,Belts 30mm,p7807,male,adult,Brown,Plain Leather,501341002
p7806-v9588-s,MORJAS The Belt - Matte Gold Buckle - Burgundy Calf,"A 30mm belt in full-grain calf leather in a deep burgundy tone with a softly rounded brass buckle in matte gold. The warmth of the hardware draws out the richness of the leather, lending character without volume. Handmade in Spain.",in stock,new,1300 SEK,https://www.morjas.com/product/the-belt-matte-gold-buckle-burgundy-calf,https://morjas.centracdn.net/client/dynamic/originals/7806_e269dc2b03-the-belt-burgundy-calf-gold-buckle-kopia-original.jpg,"https://morjas.centracdn.net/client/dynamic/originals/7806_dc49e2ba73-the-belt-burgundy-calf-gold-buckle-wear-original.jpg,https://morjas.centracdn.net/client/dynamic/originals/7806_164a79d4c3-the-belt-burgundy-calf-gold-buckle-1-original.jpg,https://morjas.centracdn.net/client/dynamic/originals/7806_8628d1a2ef-the-belt-burgundy-calf-gold-buckle-2-original.jpg,https://morjas.centracdn.net/client/dynamic/originals/7806_0ef4866eb1-the-belt-burgundy-calf-gold-buckle-3-original.jpg,https://morjas.centracdn.net/client/dynamic/originals/7806_2ea6aa555a-the-belt-burgundy-calf-gold-buckle-4-original.jpg",MORJAS,Apparel & Accessories > Clothing Accessories > Belts,Belts 30mm,p7806,male,adult,Burgundy,Plain Leather,501331001
p7808-v9590-s,MORJAS The Belt - Silver Buckle - Black Suede,"A 30mm belt in black calf suede with a softly rounded brass buckle in silver. A tonal pairing that reads quietly, fitting easily into both formal and everyday wardrobes. Handmade in Spain.",in stock,new,1300 SEK,https://www.morjas.com/product/the-belt-silver-buckle-black-suede,https://morjas.centracdn.net/client/dynamic/originals/7808_9e675a7520-the-belt-black-suede-silver-buckle-kopia-original.jpg,"https://morjas.centracdn.net/client/dynamic/originals/7808_3ee089fdf7-the-belt-black-suede-silver-buckle-1-original.jpg,https://morjas.centracdn.net/client/dynamic/originals/7808_f2d7b4e166-the-belt-black-suede-silver-buckle-2-original.jpg,https://morjas.centracdn.net/client/dynamic/originals/7808_9da2bc00b9-the-belt-black-suede-silver-buckle-3-original.jpg,https://morjas.centracdn.net/client/dynamic/originals/7808_76dc39502c-the-belt-black-suede-silver-buckle-5-original.jpg",MORJAS,Apparel & Accessories > Clothing Accessories > Belts,Belts 30mm,p7808,male,adult,Black,Suede,501351010
p7809-v9591-s,MORJAS The Belt - Silver Buckle - Brown Suede,"A 30mm belt in calf suede with a deep brown tone and a softly rounded brass buckle in silver. A sharper contrast that gives the belt a clean character, suited to both relaxed and tailored looks. Handmade in Spain.",in stock,new,1300 SEK,https://www.morjas.com/product/the-belt-silver-buckle-brown-suede,https://morjas.centracdn.net/client/dynamic/originals/7809_0a447e074e-the-belt-brown-suede-silver-buckle-kopia-original.jpg,"https://morjas.centracdn.net/client/dynamic/originals/7809_60a9771866-the-belt-brown-suede-silver-buckle-wear-original.jpg,https://morjas.centracdn.net/client/dynamic/originals/7809_87f7c3a202-the-belt-brown-suede-silver-buckle-1-original.jpg,https://morjas.centracdn.net/client/dynamic/originals/7809_e951547d9c-the-belt-brown-suede-silver-buckle-2-original.jpg,https://morjas.centracdn.net/client/dynamic/originals/7809_5e07582248-the-belt-brown-suede-silver-buckle-3-original.jpg,https://morjas.centracdn.net/client/dynamic/originals/7809_5d37db251c-the-belt-brown-suede-silver-buckle-4-original.jpg",MORJAS,Apparel & Accessories > Clothing Accessories > Belts,Belts 30mm,p7809,male,adult,Brown,Suede,501361003
p7810-v9592-s,MORJAS The Belt - Silver Buckle - Medium Brown Suede,"A 30mm belt in calf suede with a rich, medium brown tone and a softly rounded brass buckle in silver. The cooler hardware sets a clean contrast against the warm suede, adding quiet versatility. Handmade in Spain.",in stock,new,1300 SEK,https://www.morjas.com/product/the-belt-silver-buckle-medium-brown-suede,https://morjas.centracdn.net/client/dynamic/originals/7810_fcc68a2969-the-belt-medium-brown-suede-silver-buckle-kopia-original.jpg,"https://morjas.centracdn.net/client/dynamic/originals/7810_92cb3da3a3-the-belt-medium-brown-suede-silver-buckle-wear-original.jpg,https://morjas.centracdn.net/client/dynamic/originals/7810_132401973e-the-belt-medium-brown-suede-silver-buckle-1-original.jpg,https://morjas.centracdn.net/client/dynamic/originals/7810_1bec78149d-the-belt-medium-brown-suede-silver-buckle-2-original.jpg,https://morjas.centracdn.net/client/dynamic/originals/7810_288036c5e9-the-belt-medium-brown-suede-silver-buckle-3-original.jpg,https://morjas.centracdn.net/client/dynamic/originals/7810_a551364e8c-the-belt-medium-brown-suede-silver-buckle-4-original.jpg",MORJAS,Apparel & Accessories > Clothing Accessories > Belts,Belts 30mm,p7810,male,adult,Medium Brown,Suede,501371004
p7811-v9593-s,MORJAS The Belt - Silver Buckle - Sand Suede,"A 30mm belt in calf suede with a soft, sandy tone and a softly rounded brass buckle in silver. The cooler hardware against the warm suede creates a clean, easy contrast suited to both casual and dressed-up outfits. Handmade in Spain.",in stock,new,1300 SEK,https://www.morjas.com/product/the-belt-silver-buckle-sand-suede,https://morjas.centracdn.net/client/dynamic/originals/7811_d181ba7a3f-the-belt-sand-suede-silver-buckle-kopia-original.jpg,"https://morjas.centracdn.net/client/dynamic/originals/7811_bba6805805-the-belt-sand-suede-silver-buckle-1-original.jpg,https://morjas.centracdn.net/client/dynamic/originals/7811_55da8541b7-the-belt-sand-suede-silver-buckle-wear-original.jpg,https://morjas.centracdn.net/client/dynamic/originals/7811_481e1de8cd-the-belt-sand-suede-silver-buckle-2-original.jpg,https://morjas.centracdn.net/client/dynamic/originals/7811_66d1fbf2b9-the-belt-sand-suede-silver-buckle-3-original.jpg,https://morjas.centracdn.net/client/dynamic/originals/7811_fba1a9615c-the-belt-sand-suede-silver-buckle-4-original.jpg",MORJAS,Apparel & Accessories > Clothing Accessories > Belts,Belts 30mm,p7811,male,adult,Sand,Suede,501381008
p7812-v9594-s,MORJAS The Belt - Silver Buckle - Taupe Suede,"A 30mm belt in calf suede in a muted taupe tone and a softly rounded brass buckle in silver. A tonal, understated pairing that sits comfortably with a wide range of colours and fabrics. Handmade in Spain.",in stock,new,1300 SEK,https://www.morjas.com/product/the-belt-silver-buckle-taupe-suede,https://morjas.centracdn.net/client/dynamic/originals/7812_b2fd6a9ae9-the-belt-taupe-suede-silver-buckle-kopia-original.jpg,"https://morjas.centracdn.net/client/dynamic/originals/7812_aecc290f29-the-belt-taupe-suede-silver-buckle-1-original.jpg,https://morjas.centracdn.net/client/dynamic/originals/7812_dec86f32fe-the-belt-taupe-suede-silver-buckle-3-original.jpg,https://morjas.centracdn.net/client/dynamic/originals/7812_348362fd45-the-belt-taupe-suede-silver-buckle-5-original.jpg,https://morjas.centracdn.net/client/dynamic/originals/7812_1103ce809c-the-belt-taupe-suede-silver-buckle-2-original.jpg,https://morjas.centracdn.net/client/dynamic/originals/7812_c068103db4-the-belt-taupe-suede-silver-buckle-4-original.jpg",MORJAS,Apparel & Accessories > Clothing Accessories > Belts,Belts 30mm,p7812,male,adult,Taupe,Suede,501391062
p7814-v9596-s,MORJAS The Belt - Silver Buckle - Brown Grain,"A 30mm belt in full-grain grained leather with a softly rounded brass buckle in silver. The cooler hardware against the warm, textured leather creates a balanced contrast that works across a range of outfits. Handmade in Spain.",in stock,new,1300 SEK,https://www.morjas.com/product/the-belt-silver-buckle-brown-grain,https://morjas.centracdn.net/client/dynamic/originals/7814_8a0479f7ea-morjas-the-belt-brown-grain-30-mm-silver-buckle-2-kopia-original.jpg,"https://morjas.centracdn.net/client/dynamic/originals/7814_5b584c9c8e-morjas-the-belt-brown-grain-30-mm-silver-buckle-wear-1-original.jpg,https://morjas.centracdn.net/client/dynamic/originals/7814_d81b63ea21-morjas-the-belt-brown-grain-30-mm-silver-buckle-3-original.jpg,https://morjas.centracdn.net/client/dynamic/originals/7814_1c08ae196f-morjas-the-belt-brown-grain-30-mm-silver-buckle-4-original.jpg,https://morjas.centracdn.net/client/dynamic/originals/7814_be1b895b9f-morjas-the-belt-brown-grain-30-mm-silver-buckle-1-original.jpg,https://morjas.centracdn.net/client/dynamic/originals/7814_f0c3e7defc-morjas-the-belt-brown-grain-5-original.jpg",MORJAS,Apparel & Accessories > Clothing Accessories > Belts,Belts 30mm,p7814,male,adult,Brown,Grain Leather,501411007
p7759-v9527-s,MORJAS The Card Holder - Truffle Grey Embossed,"A slim card holder for daily use, with six card slots and a single compartment for cash and bills. It is made from embossed calf leather in Truffle Grey, finished with hand-painted edges for a clean outline. The format is pared back and flat, designed to carry the essentials while sitting discreetly in a jacket or trouser pocket. Crafted by hand in Spain and finished with a debossed MORJAS logo in gold foil.",in stock,new,1100 SEK,https://www.morjas.com/product/the-card-holder-truffle-grey-embossed,https://morjas.centracdn.net/client/dynamic/originals/7759_9639e43bdc-the-cardholder-truffle-grey-embossed-1-kopia-original.jpg,"https://morjas.centracdn.net/client/dynamic/originals/7759_fdb8182e02-the-cardholder-truffle-grey-embossed-4-original.jpg,https://morjas.centracdn.net/client/dynamic/originals/7759_8b44b95c04-the-cardholder-truffle-grey-embossed-2-original.jpg,https://morjas.centracdn.net/client/dynamic/originals/7759_5444d8ccda-the-cardholder-truffle-grey-embossed-3-original.jpg",MORJAS,"Apparel & Accessories > Handbags, Wallets & Cases",Card Holder,p7759,male,adult,Black,Grain Leather,508161135
p7760-v9528-s,MORJAS The Foldable Card Holder - Truffle Grey Embossed,"A slim, foldable card wallet for daily use, with six card slots, two hidden compartments, and a single compartment for cash and bills. It is made from embossed calf leather in Truffle Grey, finished with hand-painted edges for a clean, durable outline. The format remains compact to sit flat in a jacket or trouser pocket while accommodating added internal storage. Crafted by hand in Spain and finished with a debossed MORJAS logo in gold foil.",in stock,new,1300 SEK,https://www.morjas.com/product/the-foldable-card-holder-truffle-grey-embossed,https://morjas.centracdn.net/client/dynamic/originals/7760_e3c6618e87-the-foldable-cardholder-truffle-grey-embossed-kopia-original.jpg,"https://morjas.centracdn.net/client/dynamic/originals/7760_b1ddb47969-the-foldable-cardholder-truffle-grey-embossed-1-original.jpg,https://morjas.centracdn.net/client/dynamic/originals/7760_e640ae6422-the-foldable-cardholder-truffle-grey-embossed-3-original.jpg,https://morjas.centracdn.net/client/dynamic/originals/7760_b49668aef3-the-foldable-cardholder-truffle-grey-embossed-2-original.jpg",MORJAS,"Apparel & Accessories > Handbags, Wallets & Cases",Card Holder,p7760,male,adult,Black,Grain Leather,508141135
p7761-v9529-s,MORJAS The Luggage Tag - Truffle Grey Embossed,"A leather luggage tag designed for clear identification while travelling. It is made from embossed calf leather with hand-painted edges, offering a defined outline that holds its shape in use. The tag comes with a pre-printed paper insert for contact details and is sized to attach cleanly to luggage without excess movement. Crafted by hand in Spain and finished with a debossed MORJAS logo in gold foil.",in stock,new,800 SEK,https://www.morjas.com/product/the-luggage-tag-truffle-grey-embossed,https://morjas.centracdn.net/client/dynamic/originals/7761_5180c1ea63-morjas-the-luggage-tag-truffle-grey-embossed-kopia-original.jpg,https://morjas.centracdn.net/client/dynamic/originals/7761_727ca4f5f5-morjas-the-luggage-tag-truffle-grey-embossed-2-original.jpg,MORJAS,"Apparel & Accessories > Handbags, Wallets & Cases",Card Holder,p7761,male,adult,Black,Grain Leather,508121135
p7762-v9530-s,MORJAS The Passport Holder - Truffle Grey Embossed,"A passport holder designed to keep travel documents organised and protected. It holds a passport securely and includes an interior pocket for boarding passes, cards, or notes used in transit. Made from embossed calf leather in Truffle Grey, the construction provides a firmer structure while remaining slim in format. It sits easily in hand luggage or a jacket pocket. Crafted by hand in Ubrique, Spain.",in stock,new,1300 SEK,https://www.morjas.com/product/the-passport-holder-truffle-grey-embossed,https://morjas.centracdn.net/client/dynamic/originals/7762_e8fa21e223-the-passport-holder-truffle-grey-embossed-kopia-original.jpg,"https://morjas.centracdn.net/client/dynamic/originals/7762_c86852e4b4-the-passport-holder-truffle-grey-embossed-3-original.jpg,https://morjas.centracdn.net/client/dynamic/originals/7762_5c700aeca7-the-passport-holder-truffle-grey-embossed-1-original.jpg,https://morjas.centracdn.net/client/dynamic/originals/7762_3a99751bd8-the-passport-holder-truffle-grey-embossed-4-original.jpg,https://morjas.centracdn.net/client/dynamic/originals/7762_0221aa94de-the-passport-holder-truffle-grey-embossed-2-original.jpg,https://morjas.centracdn.net/client/dynamic/originals/7762_89bb138056-the-passport-holder-truffle-grey-embossed-5-original.jpg",MORJAS,"Apparel & Accessories > Handbags, Wallets & Cases",Card Holder,p7762,male,adult,Black,Grain Leather,508111135
p2449-v4061-s,MORJAS The Sleeve - Black Grain,"Ensure the best protection for your laptop with The Sleeve. Made by hand with soft, grained leather and finished with fine stitching details. The Sleeve comes with two smaller pockets inside, handy for storing cables, your phone or other small gadgets, and is crafted with an expandable construction to ensure that all essentials fit. The grained leather makes for an everyday companion that gets better the more you use it.    The Sleeve is made by hand in Ubrique, Spain.    Fits up to 14"" laptops.  Height: 24.5 cm  Width: 34 cm  Depth: 1.5 cm",in stock,new,2000 SEK,https://www.morjas.com/product/the-sleeve-black-grain,https://morjas.centracdn.net/client/dynamic/originals/2449_fdbbe51b06-the-sleeve-black-grain-original.jpg,"https://morjas.centracdn.net/client/dynamic/originals/2449_e37a681d3f-the-sleeve-black-grain2-original.jpg,https://morjas.centracdn.net/client/dynamic/originals/2449_3269c0be77-the-sleeve-black-grain4-original.jpg,https://morjas.centracdn.net/client/dynamic/originals/2449_c9ebb55eaf-the-sleeve-black-grain3-original.jpg,https://morjas.centracdn.net/client/dynamic/originals/2449_b445bc62da-the-sleeve-black-grain1-original.jpg",MORJAS,"Apparel & Accessories > Handbags, Wallets & Cases",Sleeve,p2449,male,adult,Black,Grain Leather,508101005
p1697-v3225-s,MORJAS The Toiletry Bag - Black Grain,"A singular and timeless version of the modern travellers' best friend - The Toiletry Bag. Its practical design ensures there is no spillage from the contents within. One ample space defines the bag's interior, making room for anything you might need. Additionally, one slip pocket on the inside ensures that smaller, loose items won't disappear between the perfume, skin care, and anything else you might store in the bag. The Toiletry Bag features a nylon-lined interior, making it an easy-to-care-after must for anyone who's often on the go. The soft, grained leather ages gracefully and will, after loving usage, develop a beautiful patina.     The Toiletry Bag is handmade in Ubrique, Spain.",in stock,new,2500 SEK,https://www.morjas.com/product/the-toiletry-bag-black-grain,https://morjas.centracdn.net/client/dynamic/originals/1697_f48e609641-the-toiletry-bag-black-grain-original.jpg,"https://morjas.centracdn.net/client/dynamic/originals/1697_230eb5d73d-the-toiletry-bag-in-black-grain-original.jpg,https://morjas.centracdn.net/client/dynamic/originals/1697_2fa3d49a74-the-toiletry-bag-black-grain2-original.jpg,https://morjas.centracdn.net/client/dynamic/originals/1697_bd6e26e1cf-the-toiletry-bag-black-grain-4-original.jpg,https://morjas.centracdn.net/client/dynamic/originals/1697_f36e041fa9-the-toiletry-bag-black-grain3-original.jpg",MORJAS,Luggage & Bags > Cosmetic & Toiletry Bags,Toiletry Bag,p1697,male,adult,Black,Grain Leather,508061005
p1693-v3221-s,MORJAS The Wallet - Black Grain,"Developed to house all the essentials, The Wallet in black grain features a sleek, understated folded design with two full-width compartments for notes and six card slots. The supple, grained leather adds a smooth touch that guarantees it will age gracefully, developing a beautiful patina as it joins you in your everyday life.     The Wallet is handmade in Ubrique, Spain.",out of stock,new,1300 SEK,https://www.morjas.com/product/the-wallet-black-grain,https://morjas.centracdn.net/client/dynamic/originals/1693_17aac42fc7-the-wallet-black-grain-original.jpg,"https://morjas.centracdn.net/client/dynamic/originals/1693_7e406343c8-the-wallet-black-grain-1-original.jpg,https://morjas.centracdn.net/client/dynamic/originals/1693_7feb64ec53-the-wallet-black-grain-5-original.jpg,https://morjas.centracdn.net/client/dynamic/originals/1693_5fbebf7988-the-wallet-black-grain-2a-original.jpg,https://morjas.centracdn.net/client/dynamic/originals/1693_f28df74468-the-wallet-black-grain-4-original.jpg",MORJAS,"Apparel & Accessories > Handbags, Wallets & Cases",Wallet,p1693,male,adult,Black,Grain Leather,508021005
p1694-v3222-s,MORJAS The Wallet - Brown Grain,"Developed to house all the essentials, The Wallet in brown grain features a sleek, understated folded design with two full-width compartments for notes and six card slots. The supple, grained leather adds a smooth touch that guarantees it will age gracefully, developing a beautiful patina as it joins you in your everyday life.     The Wallet is handmade in Ubrique, Spain.",out of stock,new,1300 SEK,https://www.morjas.com/product/the-wallet-brown-grain,https://morjas.centracdn.net/client/dynamic/originals/1694_5bc74dde65-the-wallet-brown-grain-original.jpg,"https://morjas.centracdn.net/client/dynamic/originals/1694_d254014aa5-the-wallet-brown-grain-3-original.jpg,https://morjas.centracdn.net/client/dynamic/originals/1694_abd4eda9c8-the-wallet-brown-grain-5-original.jpg,https://morjas.centracdn.net/client/dynamic/originals/1694_b989296f84-the-wallet-brown-grain-2-original.jpg,https://morjas.centracdn.net/client/dynamic/originals/1694_1ce5b374a4-the-wallet-brown-grain-4-original.jpg",MORJAS,"Apparel & Accessories > Handbags, Wallets & Cases",Wallet,p1694,male,adult,Brown,Grain Leather,508031007
p3121-v4802-s,MORJAS The Silk Sock - Knee High - Black - Knee High,Experience true indulgence with The Silk Sock. A must-have for black-tie events where tuxedos and cocktail dresses mingle in abundance. The sheer look of The Silk Sock creates an understated yet elegant look that matches perfectly with the glossy feel of a silk lapel and satin stripes alongside the tuxedo trousers. The thin construction and use of Chinese Mulberry silk make for ultimate comfort as you slip your feet into a pair of Opera Pumps or Patent Oxfords.,in stock,new,450 SEK,https://www.morjas.com/product/the-silk-sock-black-knee-high,https://morjas.centracdn.net/client/dynamic/originals/3121_005232a18e-morjas-the-silk-sock-black-original.jpg,"https://morjas.centracdn.net/client/dynamic/originals/3121_7d6f5199ce-morjas-the-silk-sock-black-2-original.jpg,https://morjas.centracdn.net/client/dynamic/originals/3121_1b21e93683-morjas-the-silk-sock-black-1-original.jpg",MORJAS,Apparel & Accessories > Clothing > Underwear & Socks > Socks,Knee-High,p3121,male,adult,Black,Silk,502151030
p1471-v2988-s,MORJAS The Sock - Knee High - Black Ribbed - Knee High,"Knitted from 100% mercerized cotton, The Sock — Knee High offers a silky texture with a rich, vibrant finish. A seamless toe construction ensures all-day comfort, while the ribbed design adds a refined, athletic touch that complements any ensemble.",in stock,new,200 SEK,https://www.morjas.com/product/the-sock-black-ribbed-knee-high,https://morjas.centracdn.net/client/dynamic/originals/1471_f23e175252-morjas-the-sock-knee-high-black-ribbed-2-original.jpg,"https://morjas.centracdn.net/client/dynamic/originals/1471_c86174d96e-morjas-the-sock-knee-high-black-ribbed-3-original.jpg,https://morjas.centracdn.net/client/dynamic/originals/1471_4e9aa5bfd3-morjas-the-sock-knee-high-black-ribbed-4-original.jpg",MORJAS,Apparel & Accessories > Clothing > Underwear & Socks > Socks,Knee-High,p1471,male,adult,Black,Cotton,502021015
p1472-v2989-s,MORJAS The Sock - Knee High - Navy Ribbed - Knee High,"Knitted from 100% mercerized cotton, The Sock — Knee High offers a silky texture with a rich, vibrant finish. A seamless toe construction ensures all-day comfort, while the ribbed design adds a refined, athletic touch that complements any ensemble.",in stock,new,200 SEK,https://www.morjas.com/product/the-sock-navy-ribbed-knee-high,https://morjas.centracdn.net/client/dynamic/originals/1472_9b5a1865cc-morjas-the-sock-knee-high-navy-ribbed-2-original.jpg,"https://morjas.centracdn.net/client/dynamic/originals/1472_946dee5672-morjas-the-sock-knee-high-navy-ribbed-3-original.jpg,https://morjas.centracdn.net/client/dynamic/originals/1472_737c891ad8-morjas-the-sock-knee-high-navy-ribbed-4-original.jpg",MORJAS,Apparel & Accessories > Clothing > Underwear & Socks > Socks,Knee-High,p1472,male,adult,Navy,Cotton,502031016
p1473-v2990-s,MORJAS The Sock - Knee High - Brown Ribbed - Knee High,"Knitted from 100% mercerized cotton, The Sock — Knee High offers a silky texture with a rich, vibrant finish. A seamless toe construction ensures all-day comfort, while the ribbed design adds a refined, athletic touch that complements any ensemble.",in stock,new,200 SEK,https://www.morjas.com/product/the-sock-brown-ribbed-knee-high,https://morjas.centracdn.net/client/dynamic/originals/1473_62225232d9-morjas-the-sock-knee-high-black-ribbed-1a-kopia-original.jpg,"https://morjas.centracdn.net/client/dynamic/originals/1473_fc7bc49795-morjas-the-sock-knee-high-brown-ribbed-3-original.jpg,https://morjas.centracdn.net/client/dynamic/originals/1473_e23eea56c6-morjas-the-sock-knee-high-brown-ribbed-4-original.jpg",MORJAS,Apparel & Accessories > Clothing > Underwear & Socks > Socks,Knee-High,p1473,male,adult,Brown,Cotton,502041048
p1474-v2991-s,MORJAS The Sock - Knee High - Dark Grey Ribbed - Knee High,"Knitted from 100% mercerized cotton, The Sock — Knee High offers a silky texture with a rich, vibrant finish. A seamless toe construction ensures all-day comfort, while the ribbed design adds a refined, athletic touch that complements any ensemble.",in stock,new,200 SEK,https://www.morjas.com/product/the-sock-dark-grey-ribbed-ribbed-knee-high,https://morjas.centracdn.net/client/dynamic/originals/1474_16307f64e7-morjas-the-sock-knee-high-dark-grey-ribbed-1a-kopia-original.jpg,"https://morjas.centracdn.net/client/dynamic/originals/1474_3805e6b982-morjas-the-sock-knee-high-dark-grey-ribbed-2-original.jpg,https://morjas.centracdn.net/client/dynamic/originals/1474_327cb7d799-morjas-the-sock-knee-high-dark-grey-ribbed-3-original.jpg",MORJAS,Apparel & Accessories > Clothing > Underwear & Socks > Socks,Knee-High,p1474,male,adult,Dark Grey,Cotton,502051049
p1475-v2992-s,MORJAS The Sock - Knee High - Mid Grey Ribbed - Knee High,"Knitted from 100% mercerized cotton, The Sock — Knee High offers a silky texture with a rich, vibrant finish. A seamless toe construction ensures all-day comfort, while the ribbed design adds a refined, athletic touch that complements any ensemble.",in stock,new,200 SEK,https://www.morjas.com/product/the-sock-mid-grey-ribbed-knee-high,https://morjas.centracdn.net/client/dynamic/originals/1475_148e32f34b-morjas-the-sock-knee-high-mid-grey-ribbed-1a-kopia-original.jpg,"https://morjas.centracdn.net/client/dynamic/originals/1475_5ff1639901-morjas-the-sock-knee-high-mid-grey-ribbed-3-original.jpg,https://morjas.centracdn.net/client/dynamic/originals/1475_0ed636e647-morjas-the-sock-knee-high-mid-grey-ribbed-2-original.jpg",MORJAS,Apparel & Accessories > Clothing > Underwear & Socks > Socks,Knee-High,p1475,male,adult,Mid Grey,Cotton,502061050
p1621-v3138-s,MORJAS The Sock - Knee High - Sand Ribbed - Knee High,"Knitted from 100% mercerized cotton, The Sock — Knee High offers a silky texture with a rich, vibrant finish. A seamless toe construction ensures all-day comfort, while the ribbed design adds a refined, athletic touch that complements any ensemble.",in stock,new,200 SEK,https://www.morjas.com/product/the-sock-sand-ribbed-knee-high,https://morjas.centracdn.net/client/dynamic/originals/1621_7f4bf0720b-morjas-the-sock-knee-high-sand-ribbed-1a-kopia-original.jpg,"https://morjas.centracdn.net/client/dynamic/originals/1621_2995e1e808-morjas-the-sock-knee-high-sand-ribbed-2-original.jpg,https://morjas.centracdn.net/client/dynamic/originals/1621_3959926f84-morjas-the-sock-knee-high-sand-ribbed-3-original.jpg",MORJAS,Apparel & Accessories > Clothing > Underwear & Socks > Socks,Knee-High,p1621,male,adult,Sand,Cotton,502071053
p3694-v5449-s,MORJAS The Sock - Knee High - Light Blue Ribbed - Knee High,"Knitted from 100% mercerized cotton, The Sock — Knee High offers a silky texture with a rich, vibrant finish. A seamless toe construction ensures all-day comfort, while the ribbed design adds a refined, athletic touch that complements any ensemble.",in stock,new,200 SEK,https://www.morjas.com/product/the-sock-knee-high-light-blue-ribbed,https://morjas.centracdn.net/client/dynamic/originals/3694_c9f77fc67b-the-sock-light-blue-ribbed-pdp-2a-original.jpg,"https://morjas.centracdn.net/client/dynamic/originals/3694_453ee939de-the-sock-light-blue-ribbed-pdp-3jpg-2a-original.jpg,https://morjas.centracdn.net/client/dynamic/originals/3694_f011298554-the-sock-light-blue-ribbed-pdp-1-2a-original.jpg",MORJAS,Apparel & Accessories > Clothing > Underwear & Socks > Socks,Knee-High,p3694,male,adult,Blue,Cotton,502161113
p76-v1593-s,MORJAS The Sock - Mid Calf - Navy Ribbed - Mid Calf,"The Sock Mid Calf is knitted from mercerized cotton with polyamide, delivering a silky, elegant finish that stays comfortable on your calf all day. Its seamless toe construction ensures a smooth fit, while the ribbed design pairs effortlessly with everything from sneakers to Oxfords.",in stock,new,200 SEK,https://www.morjas.com/product/the-sock-navy-ribbed-mid-calf,https://morjas.centracdn.net/client/dynamic/originals/76_464ef7c024-morjas-the-sock-mid-calf-navy-ribbed-1-original.jpg,"https://morjas.centracdn.net/client/dynamic/originals/76_3bb5847837-morjas-the-sock-knee-high-navy-ribbed-2-original.jpg,https://morjas.centracdn.net/client/dynamic/originals/76_c9e735cb92-morjas-the-sock-knee-high-navy-ribbed-4-original.jpg",MORJAS,Apparel & Accessories > Clothing > Underwear & Socks > Socks,Mid-Calf,p76,male,adult,Navy,Cotton,502011016
p1700-v3228-s,MORJAS The Sock - Mid Calf - Dark Grey Ribbed - Mid Calf,"The Sock Mid Calf is knitted from mercerized cotton with polyamide, delivering a silky, elegant finish that stays comfortable on your calf all day. Its seamless toe construction ensures a smooth fit, while the ribbed design pairs effortlessly with everything from sneakers to Oxfords.",in stock,new,200 SEK,https://www.morjas.com/product/the-sock-dark-grey-ribbed-mid-calf,https://morjas.centracdn.net/client/dynamic/originals/1700_8048fba5c5-morjas-the-sock-knee-high-dark-grey-ribbed-1-kopia-original.jpg,"https://morjas.centracdn.net/client/dynamic/originals/1700_2071db1536-morjas-the-sock-knee-high-dark-grey-ribbed-2-original.jpg,https://morjas.centracdn.net/client/dynamic/originals/1700_487c7f6348-morjas-the-sock-knee-high-dark-grey-ribbed-3-original.jpg",MORJAS,Apparel & Accessories > Clothing > Underwear & Socks > Socks,Mid-Calf,p1700,male,adult,Dark Grey,Cotton,502081049
p1701-v3229-s,MORJAS The Sock - Mid Calf - Mid Grey Ribbed - Mid Calf,"The Sock Mid Calf is knitted from mercerized cotton with polyamide, delivering a silky, elegant finish that stays comfortable on your calf all day. Its seamless toe construction ensures a smooth fit, while the ribbed design pairs effortlessly with everything from sneakers to Oxfords.",in stock,new,200 SEK,https://www.morjas.com/product/the-sock-mid-grey-ribbed-mid-calf,https://morjas.centracdn.net/client/dynamic/originals/1701_adecbe9bec-morjas-the-sock-knee-high-mid-grey-ribbed-1-kopia-original.jpg,"https://morjas.centracdn.net/client/dynamic/originals/1701_c7abeb964b-morjas-the-sock-knee-high-mid-grey-ribbed-3-original.jpg,https://morjas.centracdn.net/client/dynamic/originals/1701_a8359cad7e-morjas-the-sock-knee-high-mid-grey-ribbed-2-original.jpg",MORJAS,Apparel & Accessories > Clothing > Underwear & Socks > Socks,Mid-Calf,p1701,male,adult,Mid Grey,Cotton,502091050
p75-v1592-s,MORJAS The Sock - Mid Calf - Black Ribbed - Mid Calf,"The Sock Mid Calf is knitted from mercerized cotton with polyamide, delivering a silky, elegant finish that stays comfortable on your calf all day. Its seamless toe construction ensures a smooth fit, while the ribbed design pairs effortlessly with everything from sneakers to Oxfords.",in stock,new,200 SEK,https://www.morjas.com/product/the-sock-black-ribbed-mid-calf,https://morjas.centracdn.net/client/dynamic/originals/75_dbb99a5c11-morjas-the-sock-knee-high-black-ribbed-1-original.jpg,"https://morjas.centracdn.net/client/dynamic/originals/75_78726feb7e-morjas-the-sock-knee-high-black-ribbed-2-original.jpg,https://morjas.centracdn.net/client/dynamic/originals/75_a5cd4ed5e0-morjas-the-sock-knee-high-black-ribbed-4-original.jpg",MORJAS,Apparel & Accessories > Clothing > Underwear & Socks > Socks,Mid-Calf,p75,male,adult,Black,Cotton,502001015
p1702-v3230-s,MORJAS The Sock - Mid calf - Brown Ribbed - Mid Calf,"The Sock Mid Calf is knitted from mercerized cotton with polyamide, delivering a silky, elegant finish that stays comfortable on your calf all day. Its seamless toe construction ensures a smooth fit, while the ribbed design pairs effortlessly with everything from sneakers to Oxfords.",out of stock,new,200 SEK,https://www.morjas.com/product/the-sock-brown-ribbed-mid-calf,https://morjas.centracdn.net/client/dynamic/originals/1702_7f70854537-morjas-the-sock-mid-calf-brown-ribbed-1-kopia-original.jpg,"https://morjas.centracdn.net/client/dynamic/originals/1702_b298a52788-morjas-the-sock-knee-high-brown-ribbed-3-original.jpg,https://morjas.centracdn.net/client/dynamic/originals/1702_c990f459fa-morjas-the-sock-knee-high-brown-ribbed-4-original.jpg",MORJAS,Apparel & Accessories > Clothing > Underwear & Socks > Socks,Mid-Calf,p1702,male,adult,Brown,Cotton,502101048
p1703-v3231-s,MORJAS The Sock - Mid Calf - Sand Ribbed - Mid Calf,"The Sock Mid Calf is knitted from mercerized cotton with polyamide, delivering a silky, elegant finish that stays comfortable on your calf all day. Its seamless toe construction ensures a smooth fit, while the ribbed design pairs effortlessly with everything from sneakers to Oxfords.",in stock,new,200 SEK,https://www.morjas.com/product/the-sock-sand-ribbed-mid-calf,https://morjas.centracdn.net/client/dynamic/originals/1703_aedb41936b-morjas-the-sock-knee-high-sand-ribbed-1-kopia-original.jpg,"https://morjas.centracdn.net/client/dynamic/originals/1703_9125770fd0-morjas-the-sock-knee-high-sand-ribbed-2-original.jpg,https://morjas.centracdn.net/client/dynamic/originals/1703_60a3dd350d-morjas-the-sock-knee-high-sand-ribbed-3-original.jpg",MORJAS,Apparel & Accessories > Clothing > Underwear & Socks > Socks,Mid-Calf,p1703,male,adult,Sand,Cotton,502111053
p3693-v5448-s,MORJAS The Sock - Mid Calf - Off-White Ribbed - Mid Calf,"The Sock Mid Calf is knitted from mercerized cotton with polyamide, delivering a silky, elegant finish that stays comfortable on your calf all day. Its seamless toe construction ensures a smooth fit, while the ribbed design pairs effortlessly with everything from sneakers to Oxfords.",in stock,new,200 SEK,https://www.morjas.com/product/the-sock-mid-calf-off-white-ribbed,https://morjas.centracdn.net/client/dynamic/originals/3693_0d3c0ab22d-the-sock-off-white-ribbed-a-original.jpg,"https://morjas.centracdn.net/client/dynamic/originals/3693_b1d1c5285e-the-sock-off-white-ribbed-3a-original.jpg,https://morjas.centracdn.net/client/dynamic/originals/3693_aad00f3758-the-sock-off-white-ribbed-2a-original.jpg,https://morjas.centracdn.net/client/dynamic/originals/3693_b1a8941eec-the-sock-off-white-ribbed-1a-original.jpg",MORJAS,Apparel & Accessories > Clothing > Underwear & Socks > Socks,Mid-Calf,p3693,male,adult,White,Cotton,502171114
p3115-v4796-s,MORJAS The Wool Sock - Mid Calf - Navy Ribbed - Mid Calf,"The Wool Sock comes in a mid-calf length with a wool, cashmere and polyamide composition, which creates a warm and comfortable feel, while staying up on your leg all day. The cashmere blend of The Wool Sock is remarkably soft to the touch whilst being extremely robust to accompany you on even the longest of wintery walks.",out of stock,new,200 SEK,https://www.morjas.com/product/the-wool-sock-navy-ribbed-mid-calf,https://morjas.centracdn.net/client/dynamic/originals/3115_738fb14ee8-the-wool-sock-mid-calf-navy-ribbed-original.jpg,"https://morjas.centracdn.net/client/dynamic/originals/3115_2abb3eda92-the-wool-sock-mid-calf-navy-ribbed-3-original.jpg,https://morjas.centracdn.net/client/dynamic/originals/3115_ee7941955c-the-wool-sock-mid-calf-navy-ribbed-1-original.jpg,https://morjas.centracdn.net/client/dynamic/originals/3115_abfc977cb5-the-wool-sock-mid-calf-navy-ribbed-2-original.jpg",MORJAS,Apparel & Accessories > Clothing > Underwear & Socks > Socks,Mid-Calf,p3115,male,adult,Navy,Wool,502121016
p3116-v4797-s,MORJAS The Wool Sock - Mid Calf - Brown Ribbed - Mid Calf,"The Wool Sock comes in a mid-calf length with a wool, cashmere and polyamide composition, which creates a warm and comfortable feel, while staying up on your leg all day. The cashmere blend of The Wool Sock is remarkably soft to the touch whilst being extremely robust to accompany you on even the longest of wintery walks.",out of stock,new,200 SEK,https://www.morjas.com/product/the-wool-sock-mid-brown-ribbed-mid-calf,https://morjas.centracdn.net/client/dynamic/originals/3116_354d1a672a-the-wool-sock-mid-calf-mid-brown-ribbed-original.jpg,"https://morjas.centracdn.net/client/dynamic/originals/3116_6c0bd11e9a-the-wool-sock-mid-calf-mid-brown-ribbed-3-original.jpg,https://morjas.centracdn.net/client/dynamic/originals/3116_3fadd0d775-the-wool-sock-mid-calf-mid-brown-ribbed-2-original.jpg,https://morjas.centracdn.net/client/dynamic/originals/3116_11973cbf65-the-wool-sock-mid-calf-mid-brown-ribbed-1-original.jpg",MORJAS,Apparel & Accessories > Clothing > Underwear & Socks > Socks,Mid-Calf,p3116,male,adult,Brown,Wool,502131081
p3117-v4798-s,MORJAS The Wool Sock - Mid Calf - Ecru Ribbed - Mid Calf,"The Wool Sock comes in a mid-calf length with a wool, cashmere and polyamide composition, which creates a warm and comfortable feel, while staying up on your leg all day. The cashmere blend of The Wool Sock is remarkably soft to the touch whilst being extremely robust to accompany you on even the longest of wintery walks.",out of stock,new,200 SEK,https://www.morjas.com/product/the-wool-sock-ecru-ribbed-mid-calf,https://morjas.centracdn.net/client/dynamic/originals/3117_cc310633b8-the-wool-sock-mid-calf-ecru-ribbed-original.jpg,"https://morjas.centracdn.net/client/dynamic/originals/3117_5065604cd9-the-wool-sock-mid-calf-ecru-ribbed-1-original.jpg,https://morjas.centracdn.net/client/dynamic/originals/3117_22278bde83-the-wool-sock-mid-calf-ecru-ribbed-3-original.jpg,https://morjas.centracdn.net/client/dynamic/originals/3117_84a4969d38-the-wool-sock-mid-calf-ecru-ribbed-2-original.jpg",MORJAS,Apparel & Accessories > Clothing > Underwear & Socks > Socks,Mid-Calf,p3117,male,adult,Ecru,Wool,502141082
p3668-v5423-s,MORJAS The Ballet Flat - Rubber Sole - Black Nappa,Designed with a low heel and a sculpted cut that frames the foot for a flattering look and feel. Handcrafted in Spain from supple nappa leather.,in stock,new,3000 SEK,https://www.morjas.com/product/women-the-ballet-flat-black-nappa,https://morjas.centracdn.net/client/dynamic/originals/3668_e501187c7b-the-ballet-flat-black-nappa-copy-original.jpg,"https://morjas.centracdn.net/client/dynamic/originals/3668_3c933db981-the-ballet-flat-black-nappa-wear3-original.jpg,https://morjas.centracdn.net/client/dynamic/originals/3668_a90f1cff9c-the-ballet-flat-black-nappa-2-original.jpg,https://morjas.centracdn.net/client/dynamic/originals/3668_a5b90020b8-the-ballet-flat-black-nappa-3-original.jpg,https://morjas.centracdn.net/client/dynamic/originals/3668_713b500806-the-ballet-flat-black-nappa-wear2-original.jpg,https://morjas.centracdn.net/client/dynamic/originals/3668_8a6c9cbab0-the-ballet-flat-black-nappa-rubber-sole-original.jpg",MORJAS,Apparel & Accessories > Shoes,Ballerinas,p3668,female,adult,Black,Nappa Leather,wom-201001101
p3665-v5420-s,MORJAS The Ballet Flat - Leather Sole - Greige Suede,Designed with a low heel and a sculpted cut that frames the foot for a flattering look and feel. Handcrafted in Spain from soft nappa suede.,in stock,new,3000 SEK,https://www.morjas.com/product/women-the-ballet-flat-greige-suede,https://morjas.centracdn.net/client/dynamic/originals/3665_8060f3186a-the-ballet-flat-greige-suede-copy-original.jpg,"https://morjas.centracdn.net/client/dynamic/originals/3665_3d8f9556dc-the-ballet-flat-greige-suede-wear-original.jpg,https://morjas.centracdn.net/client/dynamic/originals/3665_4df87bc54e-the-ballet-flat-greige-suede-5-original.jpg,https://morjas.centracdn.net/client/dynamic/originals/3665_dafe0160fe-the-ballet-flat-greige-suede-2-original.jpg,https://morjas.centracdn.net/client/dynamic/originals/3665_a6717acf63-the-ballet-flat-greige-suede-3-original.jpg,https://morjas.centracdn.net/client/dynamic/originals/3665_13318baef9-the-ballet-flat-greige-suede4-original.jpg",MORJAS,Apparel & Accessories > Shoes,Ballerinas,p3665,female,adult,Beige,Suede,wom-201031117
p3666-v5421-s,MORJAS The Ballet Flat - Leather Sole - Ivory Nappa,Designed with a low heel and a sculpted cut that frames the foot for a flattering look and feel. Handcrafted in Spain from supple nappa leather.,in stock,new,3000 SEK,https://www.morjas.com/product/women-the-ballet-flat-ivory-nappa,https://morjas.centracdn.net/client/dynamic/originals/3666_78050423e7-the-ballet-flat-ivory-nappa-1-original.jpg,"https://morjas.centracdn.net/client/dynamic/originals/3666_4726d0e4b8-the-ballet-flat-ivory-nappa-wear-original.jpg,https://morjas.centracdn.net/client/dynamic/originals/3666_9a84a9dc86-the-ballet-flat-ivory-nappa-3-original.jpg,https://morjas.centracdn.net/client/dynamic/originals/3666_66e00545c7-the-ballet-flat-ivory-nappa-still-life-original.jpg,https://morjas.centracdn.net/client/dynamic/originals/3666_0baa12c791-the-ballet-flat-ivory-nappa-4-original.jpg,https://morjas.centracdn.net/client/dynamic/originals/3666_43c5a5b130-the-ballet-flat-ivory-nappa-5-original.jpg",MORJAS,Apparel & Accessories > Shoes,Ballerinas,p3666,female,adult,Ivory,Nappa Leather,wom-201021103
p3667-v5422-s,MORJAS The Ballet Flat - Rubber Sole - Brown Nappa,Designed with a low heel and a sculpted cut that frames the foot for a flattering look and feel. Handcrafted in Spain from supple nappa leather.,in stock,new,3000 SEK,https://www.morjas.com/product/women-the-ballet-flat-brown-nappa,https://morjas.centracdn.net/client/dynamic/originals/3667_c00e9b0a30-the-ballet-flat-brown-nappa-copy-original.jpg,"https://morjas.centracdn.net/client/dynamic/originals/3667_c4c5c1079f-the-ballet-flat-brown-nappa-wear1-original.jpg,https://morjas.centracdn.net/client/dynamic/originals/3667_f3f48278af-the-ballet-flat-brown-nappa-2-original.jpg,https://morjas.centracdn.net/client/dynamic/originals/3667_0367672d1c-the-ballet-flat-brown-nappa-3-original.jpg,https://morjas.centracdn.net/client/dynamic/originals/3667_f963d9f2e7-the-ballet-flat-brown-nappa-4-original.jpg,https://morjas.centracdn.net/client/dynamic/originals/3667_34768212bd-the-ballet-flat-brown-nappa-rubber-sole-original.jpg",MORJAS,Apparel & Accessories > Shoes,Ballerinas,p3667,female,adult,Brown,Nappa Leather,wom-201011102
p7716-v9471-s,MORJAS The Ballet Flat - Rubber Sole - Black Suede,Designed with a low heel and a sculpted cut that frames the foot for a flattering look and feel. Handcrafted in Spain from soft nappa suede.,in stock,new,3000 SEK,https://www.morjas.com/product/women-the-ballet-flat-black-suede,https://morjas.centracdn.net/client/dynamic/originals/7716_17079db12c-morjas-the-ballet-flat-black-suede-original.jpg,"https://morjas.centracdn.net/client/dynamic/originals/7716_0191dbce81-the-ballet-flat-black-suede-wear-original.jpg,https://morjas.centracdn.net/client/dynamic/originals/7716_812bf172cf-morjas-the-ballet-flat-black-suede-2-original.jpg,https://morjas.centracdn.net/client/dynamic/originals/7716_1f242b89f4-morjas-the-ballet-flat-black-suede-3-original.jpg,https://morjas.centracdn.net/client/dynamic/originals/7716_6aaf45908e-morjas-the-ballet-flat-black-suede-4-original.jpg,https://morjas.centracdn.net/client/dynamic/originals/7716_e79a7992d1-the-ballet-flat-black-suede-rubber-sole-original.jpg",MORJAS,Apparel & Accessories > Shoes,Ballerinas,p7716,female,adult,Black,Suede,wom-201041010
p7823-v9607-s,MORJAS The Ballet Flat - Leather Sole - Black Suede,Designed with a low heel and a sculpted cut that frames the foot for a flattering look and feel. Handcrafted in Spain from soft nappa suede.,in stock,new,3000 SEK,https://www.morjas.com/product/women-the-ballet-flat-leather-sole-black-suede,https://morjas.centracdn.net/client/dynamic/originals/7716_17079db12c-morjas-the-ballet-flat-black-suede17731-original.jpg,"https://morjas.centracdn.net/client/dynamic/originals/7716_0191dbce81-the-ballet-flat-black-suede-wear17727-original.jpg,https://morjas.centracdn.net/client/dynamic/originals/7716_812bf172cf-morjas-the-ballet-flat-black-suede-217728-original.jpg,https://morjas.centracdn.net/client/dynamic/originals/7716_1f242b89f4-morjas-the-ballet-flat-black-suede-317729-original.jpg,https://morjas.centracdn.net/client/dynamic/originals/7716_6aaf45908e-morjas-the-ballet-flat-black-suede-417730-original.jpg,https://morjas.centracdn.net/client/dynamic/originals/7716_97a4d68c50-the-ballet-flat-black-suede-417732-original.jpg",MORJAS,Apparel & Accessories > Shoes,Ballerinas,p7823,female,adult,Black,Suede,wom-201141010
p7822-v9606-s,MORJAS The Ballet Flat - Leather Sole - Black Nappa,Designed with a low heel and a sculpted cut that frames the foot for a flattering look and feel. Handcrafted in Spain from supple nappa leather.,in stock,new,3000 SEK,https://www.morjas.com/product/women-the-ballet-flat-leather-sole-black-nappa,https://morjas.centracdn.net/client/dynamic/originals/3668_e501187c7b-the-ballet-flat-black-nappa-copy17721-original.jpg,"https://morjas.centracdn.net/client/dynamic/originals/3668_3c933db981-the-ballet-flat-black-nappa-wear317726-original.jpg,https://morjas.centracdn.net/client/dynamic/originals/3668_a90f1cff9c-the-ballet-flat-black-nappa-217718-original.jpg,https://morjas.centracdn.net/client/dynamic/originals/3668_a5b90020b8-the-ballet-flat-black-nappa-317719-original.jpg,https://morjas.centracdn.net/client/dynamic/originals/3668_9559fb80c1-the-ballet-flat-black-nappa-417720-original.jpg,https://morjas.centracdn.net/client/dynamic/originals/3668_713b500806-the-ballet-flat-black-nappa-wear217725-original.jpg",MORJAS,Apparel & Accessories > Shoes,Ballerinas,p7822,female,adult,Black,Nappa Leather,wom-201101101
p7800-v9582-s,MORJAS The Soft Moc - Brown Grain,"A moccasin in brown grained leather with a hand-stitched apron, made by hand in Spain. Unlined for a softer feel and lighter weight. Cushioned footbed for comfort, rubber sole for grip.",in stock,new,3700 SEK,https://www.morjas.com/product/women-the-soft-moc-brown-grain,https://morjas.centracdn.net/client/dynamic/originals/7800_0221fa306b-morjas-the-soft-moc-brown-grain-1-kopia-original.jpg,"https://morjas.centracdn.net/client/dynamic/originals/7800_c3df046b68-morjas-the-soft-moc-brown-grain-wear1-original.jpg,https://morjas.centracdn.net/client/dynamic/originals/7800_1e2edfad8e-morjas-the-soft-moc-brown-grain-4-original.jpg,https://morjas.centracdn.net/client/dynamic/originals/7800_5b5c8c1b3a-morjas-the-soft-moc-brown-grain-3-original.jpg,https://morjas.centracdn.net/client/dynamic/originals/7800_a33528629f-morjas-the-soft-moc-brown-grain-5-original.jpg,https://morjas.centracdn.net/client/dynamic/originals/7800_006d5d260a-morjas-the-soft-moc-brown-grain-2-original.jpg",MORJAS,Apparel & Accessories > Shoes,,p7800,female,adult,Brown,Grain Leather,wom-214011007
p7799-v9581-s,MORJAS The Soft Moc - Black Grain,"A moccasin in black grained leather with a hand-stitched apron, made by hand in Spain. Unlined for a softer feel and lighter weight. Cushioned footbed for comfort, rubber sole for grip.",in stock,new,3700 SEK,https://www.morjas.com/product/women-the-soft-moc-black-grain,https://morjas.centracdn.net/client/dynamic/originals/7799_447d3d7ddd-morjas-the-soft-moc-black-grain-1-kopia-original.jpg,"https://morjas.centracdn.net/client/dynamic/originals/7799_f02e2ac425-the-soft-moc-black-grain-wear1-original.jpg,https://morjas.centracdn.net/client/dynamic/originals/7799_242bb73ee2-morjas-the-soft-moc-black-grain-4-original.jpg,https://morjas.centracdn.net/client/dynamic/originals/7799_0c90c68e68-morjas-the-soft-moc-black-grain-3-original.jpg,https://morjas.centracdn.net/client/dynamic/originals/7799_a09baac189-morjas-the-soft-moc-black-grain-5-original.jpg,https://morjas.centracdn.net/client/dynamic/originals/7799_4351a517f8-morjas-the-soft-moc-black-grain-2-original.jpg",MORJAS,Apparel & Accessories > Shoes,,p7799,female,adult,Black,Grain Leather,wom-214001005
p7801-v9583-s,MORJAS The Soft Moc - Brown Suede,"A moccasin in brown suede with a hand-stitched apron, made by hand in Spain. Unlined for a softer feel and lighter weight. Cushioned footbed for comfort, rubber sole for grip.",in stock,new,3700 SEK,https://www.morjas.com/product/women-the-soft-moc-brown-suede,https://morjas.centracdn.net/client/dynamic/originals/7801_44108bd6af-morjas-the-soft-moc-brown-suede-1-kopia-original.jpg,"https://morjas.centracdn.net/client/dynamic/originals/7801_2f111df224-morjas-womens-lookbook-spring-2026-36-original.jpg,https://morjas.centracdn.net/client/dynamic/originals/7801_799d2bbed0-morjas-the-soft-moc-brown-suede-4-original.jpg,https://morjas.centracdn.net/client/dynamic/originals/7801_9b5afb4a44-morjas-the-soft-moc-brown-suede-3-original.jpg,https://morjas.centracdn.net/client/dynamic/originals/7801_3e19a3a348-morjas-the-soft-moc-brown-suede-5-original.jpg,https://morjas.centracdn.net/client/dynamic/originals/7801_5973cff227-morjas-the-soft-moc-brown-suede-2-original.jpg",MORJAS,Apparel & Accessories > Shoes,,p7801,female,adult,Brown,Suede,wom-214021003
p3672-v5427-s,MORJAS The Penny Loafer - Black Calf,"Designed with a soft profile and slightly raised heel for an elegant silhouette. Handcrafted in Spain using Blake-stitched construction, ensuring comfort, durability, and long-lasting wear.",in stock,new,3500 SEK,https://www.morjas.com/product/women-the-penny-loafer-black-calf,https://morjas.centracdn.net/client/dynamic/originals/3672_40fd24c738-1-kopia-original.jpg,"https://morjas.centracdn.net/client/dynamic/originals/3672_302f75a6be-the-penny-loafer-black-calf-womens-wear4-original.jpg,https://morjas.centracdn.net/client/dynamic/originals/3672_f8662fdcf1-3-original.jpg,https://morjas.centracdn.net/client/dynamic/originals/3672_9d82cd306f-4-original.jpg,https://morjas.centracdn.net/client/dynamic/originals/3672_9662230777-the-penny-loafer-black-calf-womens-wear-2-original.jpg,https://morjas.centracdn.net/client/dynamic/originals/3672_c027575211-2-original.jpg",MORJAS,Apparel & Accessories > Shoes,Penny Loafers,p3672,female,adult,Black,Plain Leather,wom-100001000
p7718-v9473-s,MORJAS The Penny Loafer - Brown Suede,"Designed with a soft profile and slightly raised heel for an elegant silhouette. Handcrafted in Spain using Blake-stitched construction, ensuring comfort, durability, and long-lasting wear.",in stock,new,3500 SEK,https://www.morjas.com/product/women-the-penny-loafer-brown-suede,https://morjas.centracdn.net/client/dynamic/originals/7718_07c065566c-morjas-the-penny-loafer-brown-suede-kopia-original.jpg,"https://morjas.centracdn.net/client/dynamic/originals/7718_294c7e68ee-morjas-the-penny-loafer-brown-suede-wear3-original.jpg,https://morjas.centracdn.net/client/dynamic/originals/7718_618ab2c3bd-morjas-the-penny-loafer-brown-suede-2-original.jpg,https://morjas.centracdn.net/client/dynamic/originals/7718_fd33497551-morjas-the-penny-loafer-brown-suede-3-original.jpg,https://morjas.centracdn.net/client/dynamic/originals/7718_dd26430fac-morjas-the-penny-loafer-brown-suede-1-original.jpg,https://morjas.centracdn.net/client/dynamic/originals/7718_7c6d709a85-morjas-the-penny-loafer-brown-suede-wear2-original.jpg",MORJAS,Apparel & Accessories > Shoes,Penny Loafers,p7718,female,adult,Brown,Suede,wom-100031003
p3673-v5428-s,MORJAS The Penny Loafer - Burgundy Calf,"Designed with a soft profile and slightly raised heel for an elegant silhouette. Handcrafted in Spain using Blake-stitched construction, ensuring comfort, durability, and long-lasting wear.",in stock,new,3500 SEK,https://www.morjas.com/product/women-the-penny-loafer-burgundy-calf,https://morjas.centracdn.net/client/dynamic/originals/3673_3f2b899664-1-kopia-original.jpg,"https://morjas.centracdn.net/client/dynamic/originals/3673_3cda025b16-the-penny-loafer-burgundy-calf-womens-wear-1-original.jpg,https://morjas.centracdn.net/client/dynamic/originals/3673_23c67f0473-2-original.jpg,https://morjas.centracdn.net/client/dynamic/originals/3673_110fea56e6-4-original.jpg,https://morjas.centracdn.net/client/dynamic/originals/3673_14d9e492ff-3-original.jpg,https://morjas.centracdn.net/client/dynamic/originals/3673_051fab35e5-the-penny-loafer-ivory-calf-still-life-original.jpg",MORJAS,Apparel & Accessories > Shoes,Penny Loafers,p3673,female,adult,Burgundy,Plain Leather,wom-100011001
p3674-v5429-s,MORJAS The Penny Loafer - Ivory Calf,"Designed with a soft profile and slightly raised heel for an elegant silhouette. Handcrafted in Spain using Blake-stitched construction, ensuring comfort, durability, and long-lasting wear.",in stock,new,3500 SEK,https://www.morjas.com/product/women-the-penny-loafer-ivory-calf,https://morjas.centracdn.net/client/dynamic/originals/3674_b1cff7d39c-1-kopia-original.jpg,"https://morjas.centracdn.net/client/dynamic/originals/3674_cd994f3f8b-2-original.jpg,https://morjas.centracdn.net/client/dynamic/originals/3674_6debd90aab-the-penny-loafer-ivory-calf-wear-original.jpg,https://morjas.centracdn.net/client/dynamic/originals/3674_e2c2e5a4a9-3-original.jpg,https://morjas.centracdn.net/client/dynamic/originals/3674_05cfe476a6-6-original.jpg,https://morjas.centracdn.net/client/dynamic/originals/3674_3f8617158c-4-original.jpg",MORJAS,Apparel & Accessories > Shoes,Penny Loafers,p3674,female,adult,Ivory,Plain Leather,wom-100501100
p7717-v9472-s,MORJAS The Penny Loafer - Black Suede,"Designed with a soft profile and slightly raised heel for an elegant silhouette. Handcrafted in Spain using Blake-stitched construction, ensuring comfort, durability, and long-lasting wear.",in stock,new,3500 SEK,https://www.morjas.com/product/women-the-penny-loafer-black-suede,https://morjas.centracdn.net/client/dynamic/originals/7717_6d9d168bb5-morjas-the-penny-loafer-black-suede-kopia-original.jpg,"https://morjas.centracdn.net/client/dynamic/originals/7717_7788aa9718-morjas-the-penny-loafer-black-suede-wear-original.jpg,https://morjas.centracdn.net/client/dynamic/originals/7717_1fde35d0a3-morjas-the-penny-loafer-black-suede-2-original.jpg,https://morjas.centracdn.net/client/dynamic/originals/7717_b234a34a1a-morjas-the-penny-loafer-black-suede-1-original.jpg,https://morjas.centracdn.net/client/dynamic/originals/7717_4a112f90e0-morjas-the-penny-loafer-black-suede-3-original.jpg",MORJAS,Apparel & Accessories > Shoes,Penny Loafers,p7717,female,adult,Black,Suede,wom-100231010
p3703-v5458-s,MORJAS The Paloma Sandal - Black Nappa,"Designed with a minimal heel and sleek straps that contour the foot for a refined silhouette. The soft, cushioned footbed adds subtle comfort. Handcrafted in Spain from supple nappa leather.",in stock,new,2500 SEK,https://www.morjas.com/product/women-the-paloma-sandal-black-nappa,https://morjas.centracdn.net/client/dynamic/originals/3703_39a779ff5e-the-paloma-sandal-black-nappa-1-original.jpg,"https://morjas.centracdn.net/client/dynamic/originals/3703_8019d999c0-the-paloma-sandal-black-nappa-wear1-original.jpg,https://morjas.centracdn.net/client/dynamic/originals/3703_9cb16c2e80-the-paloma-sandal-black-nappa-2-original.jpg,https://morjas.centracdn.net/client/dynamic/originals/3703_5bd7582a32-the-paloma-sandal-black-nappa-3-original.jpg,https://morjas.centracdn.net/client/dynamic/originals/3703_18ede50343-the-paloma-sandal-black-nappa-4-original.jpg",MORJAS,Apparel & Accessories > Shoes,Sandals,p3703,female,adult,Black,Nappa Leather,wom-203001101
p3702-v5457-s,MORJAS The Paloma Sandal - Tan Nappa,"Designed with a minimal heel and sleek straps that contour the foot for a refined silhouette. The soft, cushioned footbed adds subtle comfort. Handcrafted in Spain from supple nappa leather.",in stock,new,2500 SEK,https://www.morjas.com/product/women-the-paloma-sandal-tan-nappa,https://morjas.centracdn.net/client/dynamic/originals/3702_a6b4a5f232-the-paloma-sandal-tan-nappa-1-original.jpg,"https://morjas.centracdn.net/client/dynamic/originals/3702_f095ea8595-the-paloma-sandal-tan-nappa-wear-original.jpg,https://morjas.centracdn.net/client/dynamic/originals/3702_1870308bae-the-paloma-sandal-tan-nappa-2-original.jpg,https://morjas.centracdn.net/client/dynamic/originals/3702_d6a3d33a8d-the-paloma-sandal-tan-nappa-still-life-original.jpg,https://morjas.centracdn.net/client/dynamic/originals/3702_8002018fa7-the-paloma-sandal-tan-nappa-3-original.jpg,https://morjas.centracdn.net/client/dynamic/originals/3702_934662b409-the-paloma-sandal-tan-nappa-4-original.jpg",MORJAS,Apparel & Accessories > Shoes,Sandals,p3702,female,adult,Tan,Nappa Leather,wom-203021115
p3704-v5459-s,MORJAS The Paloma Sandal - Brown Nappa,"Designed with a minimal heel and sleek straps that contour the foot for a refined silhouette. The soft, cushioned footbed adds subtle comfort. Handcrafted in Spain from supple nappa leather.",in stock,new,2500 SEK,https://www.morjas.com/product/women-the-paloma-sandal-brown-nappa,https://morjas.centracdn.net/client/dynamic/originals/3704_bfe0792571-the-paloma-sandal-brown-nappa-1-original.jpg,"https://morjas.centracdn.net/client/dynamic/originals/3704_ffc559bcb7-the-paloma-sandal-brown-nappa-wear-original.jpg,https://morjas.centracdn.net/client/dynamic/originals/3704_40dd6ec8cd-the-paloma-sandal-brown-nappa-2-original.jpg,https://morjas.centracdn.net/client/dynamic/originals/3704_e3e4cd1b66-the-paloma-sandal-brown-nappa-3-original.jpg,https://morjas.centracdn.net/client/dynamic/originals/3704_adbcbf1262-the-paloma-sandal-brown-nappa-4-original.jpg,https://morjas.centracdn.net/client/dynamic/originals/3704_5ca2ca34d4-the-paloma-sandal-brown-nappa-5-original.jpg",MORJAS,Apparel & Accessories > Shoes,Sandals,p3704,female,adult,Brown,Nappa Leather,wom-203011102
p7788-v9570-s,MORJAS The Paloma Sandal - Taupe Grain,"Designed with a minimal heel and sleek straps that contour the foot for a refined silhouette. The soft, cushioned footbed adds subtle comfort. Handcrafted in Spain from grained leather.",in stock,new,2500 SEK,https://www.morjas.com/product/women-the-paloma-sandal-taupe-grain,https://morjas.centracdn.net/client/dynamic/originals/7788_2932e4e42c-morjas-the-paloma-sandal-taupe-grain-1-kopia-original.jpg,"https://morjas.centracdn.net/client/dynamic/originals/7788_378a4d09f2-morjas-the-paloma-sandal-taupe-grain-wear-original.jpg,https://morjas.centracdn.net/client/dynamic/originals/7788_18c3644289-morjas-the-paloma-sandal-taupe-grain-3-original.jpg,https://morjas.centracdn.net/client/dynamic/originals/7788_0dc3b0608e-morjas-the-paloma-sandal-taupe-grain-5-original.jpg,https://morjas.centracdn.net/client/dynamic/originals/7788_9c3560ea54-morjas-the-paloma-sandal-taupe-grain-4-original.jpg,https://morjas.centracdn.net/client/dynamic/originals/7788_17cba80425-morjas-the-paloma-sandal-taupe-grain-2-original.jpg",MORJAS,Apparel & Accessories > Shoes,Sandals,p7788,female,adult,Taupe,Grain Leather,wom-203031147
p7722-v9477-s,MORJAS The Ankle Boot - Black Nappa,Cut with a sleek shaft that extends over the ankle and set on a 75 mm block heel for a modern and elegant silhouette. Handcrafted in Spain from supple nappa leather.,in stock,new,4500 SEK,https://www.morjas.com/product/women-the-ankle-boot-black-nappa,https://morjas.centracdn.net/client/dynamic/originals/7722_e6902695ae-morjas-the-ankle-boot-black-nappa-kopia-original.jpg,"https://morjas.centracdn.net/client/dynamic/originals/7722_bf5010df19-morjas-the-ankle-boot-black-nappa-wear-original.jpg,https://morjas.centracdn.net/client/dynamic/originals/7722_ea5b7312a7-morjas-the-ankle-boot-black-nappa-2-original.jpg,https://morjas.centracdn.net/client/dynamic/originals/7722_b85a80a78b-morjas-the-ankle-boot-black-nappa-1-original.jpg,https://morjas.centracdn.net/client/dynamic/originals/7722_e90a8c7fab-morjas-the-ankle-boot-black-nappa-3-original.jpg",MORJAS,Apparel & Accessories > Shoes,Ankle Boots,p7722,female,adult,Black,Nappa Leather,wom-206001101
p7723-v9478-s,MORJAS The Ankle Boot - Brown Nappa,Cut with a sleek shaft that extends over the ankle and set on a 75 mm block heel for a modern and elegant silhouette. Handcrafted in Spain from supple nappa leather.,in stock,new,4500 SEK,https://www.morjas.com/product/women-the-ankle-boot-brown-nappa,https://morjas.centracdn.net/client/dynamic/originals/7723_42ec87eb8f-morjas-the-ankle-boot-brown-nappa-kopia-original.jpg,"https://morjas.centracdn.net/client/dynamic/originals/7723_cc534bb874-morjas-the-ankle-boot-brown-nappa-wear-original.jpg,https://morjas.centracdn.net/client/dynamic/originals/7723_c1ce6c219e-morjas-the-ankle-boot-brown-nappa-3-original.jpg,https://morjas.centracdn.net/client/dynamic/originals/7723_316c614a2a-morjas-the-ankle-boot-brown-nappa-2-original.jpg,https://morjas.centracdn.net/client/dynamic/originals/7723_d8bd3976a2-morjas-the-ankle-boot-brown-nappa-1-original.jpg",MORJAS,Apparel & Accessories > Shoes,Ankle Boots,p7723,female,adult,Brown,Nappa Leather,wom-206011102
p7724-v9479-s,MORJAS The Ankle Boot - Black Suede,Cut with a sleek shaft that extends over the ankle and set on a 75 mm block heel for a modern and elegant silhouette. Handcrafted in Spain from soft goatskin suede.,in stock,new,4500 SEK,https://www.morjas.com/product/women-the-ankle-boot-black-suede,https://morjas.centracdn.net/client/dynamic/originals/7724_c897580521-morjas-the-ankle-boot-black-suede-kopia-original.jpg,"https://morjas.centracdn.net/client/dynamic/originals/7724_2ccbd3c1f2-morjas-the-ankle-boot-black-suede-wear-original.jpg,https://morjas.centracdn.net/client/dynamic/originals/7724_f1e1568328-morjas-the-ankle-boot-black-suede-3-original.jpg,https://morjas.centracdn.net/client/dynamic/originals/7724_11526194ab-morjas-the-ankle-boot-black-suede-2-original.jpg,https://morjas.centracdn.net/client/dynamic/originals/7724_b1c5df347a-morjas-the-ankle-boot-black-suede-1-original.jpg",MORJAS,Apparel & Accessories > Shoes,Ankle Boots,p7724,female,adult,Black,Suede,wom-206021010
p7725-v9480-s,MORJAS The Ankle Boot - Brown Suede,Cut with a sleek shaft that extends over the ankle and set on a 75 mm block heel for a modern and elegant silhouette. Handcrafted in Spain from soft goatskin suede.,in stock,new,4500 SEK,https://www.morjas.com/product/women-the-ankle-boot-brown-suede,https://morjas.centracdn.net/client/dynamic/originals/7725_087ece0ca3-morjas-the-ankle-boot-brown-suede-kopia-original.jpg,"https://morjas.centracdn.net/client/dynamic/originals/7725_ad480a5a6a-morjas-the-ankle-boot-brown-suede-wear-original.jpg,https://morjas.centracdn.net/client/dynamic/originals/7725_1d9310ca36-morjas-the-ankle-boot-brown-suede-2-original.jpg,https://morjas.centracdn.net/client/dynamic/originals/7725_ceaaa9f6db-morjas-the-ankle-boot-brown-suede-3-original.jpg,https://morjas.centracdn.net/client/dynamic/originals/7725_d165b83c1c-morjas-the-ankle-boot-brown-suede-1-original.jpg",MORJAS,Apparel & Accessories > Shoes,Ankle Boots,p7725,female,adult,Brown,Suede,wom-206031003
p7794-v9576-s,MORJAS The Stiletto Boot - Black Nappa,"A pointed heeled boot in black calfskin nappa with a hand-stitched seam along the shaft, made by hand in Spain. Set on a 70mm heel with a rubber sole and memory foam insole for comfort.",in stock,new,4300 SEK,https://www.morjas.com/product/women-the-stiletto-boot-black-nappa,https://morjas.centracdn.net/client/dynamic/originals/7794_894f5669ab-morjas-the-stiletto-boot-black-nappa-kopia-original.jpg,"https://morjas.centracdn.net/client/dynamic/originals/7794_5a3aeb24e1-morjas-the-stiletto-boot-black-nappa-wear1-original.jpg,https://morjas.centracdn.net/client/dynamic/originals/7794_b5b5c433ce-morjas-the-stiletto-boot-black-nappa-1-original.jpg,https://morjas.centracdn.net/client/dynamic/originals/7794_16b930a2fa-morjas-the-stiletto-boot-black-nappa-3-original.jpg,https://morjas.centracdn.net/client/dynamic/originals/7794_7747932f91-morjas-the-stiletto-boot-black-nappa-2-original.jpg,https://morjas.centracdn.net/client/dynamic/originals/7794_56ef35789e-morjas-the-stiletto-boot-black-nappa-4-original.jpg,https://morjas.centracdn.net/client/dynamic/originals/7794_a120f93791-morjas-the-stiletto-boot-black-nappa-5-original.jpg,https://morjas.centracdn.net/client/dynamic/originals/7794_21a1b19507-morjas-the-stiletto-boot-black-nappa-wear-original.jpg",MORJAS,Apparel & Accessories > Shoes,,p7794,female,adult,Black,Nappa Leather,wom-213001101
p7795-v9577-s,MORJAS The Stiletto Boot - Truffle Suede,"A pointed heeled boot in truffle suede with a hand-stitched seam along the shaft, made by hand in Spain. Set on a 70mm heel with a rubber sole and memory foam insole for comfort.",in stock,new,4300 SEK,https://www.morjas.com/product/women-the-stiletto-boot-truffle-suede,https://morjas.centracdn.net/client/dynamic/originals/7795_4db0ac29c5-morjas-the-stiletto-boot-truffle-suede-1-kopia-original.jpg,"https://morjas.centracdn.net/client/dynamic/originals/7795_a494475589-morjas-the-stiletto-boot-truffle-suede-wear-original.jpg,https://morjas.centracdn.net/client/dynamic/originals/7795_6b61eff4d7-morjas-the-stiletto-boot-truffle-suede-2-original.jpg,https://morjas.centracdn.net/client/dynamic/originals/7795_9ed2c1b94c-morjas-the-stiletto-boot-truffle-suede-4-original.jpg,https://morjas.centracdn.net/client/dynamic/originals/7795_f53909bbd8-morjas-the-stiletto-boot-truffle-suede-3-original.jpg,https://morjas.centracdn.net/client/dynamic/originals/7795_2a7c88cb9e-morjas-the-stiletto-boot-truffle-suede-5-original.jpg,https://morjas.centracdn.net/client/dynamic/originals/7795_020ed57258-morjas-the-stiletto-boot-truffle-suede-6-original.jpg",MORJAS,Apparel & Accessories > Shoes,,p7795,female,adult,Truffle,Suede,wom-213011151
p3697-v5452-s,MORJAS The Espadrille - Taupe Suede,"Designed with a subtle silhouette and slightly raised jute sole for an effortless warm-weather look. Handcrafted in Spain using traditional techniques that give every pair a natural, individual charm.",in stock,new,1500 SEK,https://www.morjas.com/product/women-the-espadrille-taupe-suede,https://morjas.centracdn.net/client/dynamic/originals/3697_22c4c76e95-the-espadrille-taupe-suede-1-kopia-original.jpg,"https://morjas.centracdn.net/client/dynamic/originals/3697_96c3bddd3f-the-espadrille-taupe-suede-wear-original.jpg,https://morjas.centracdn.net/client/dynamic/originals/3697_5a151c3535-the-espadrille-taupe-suede-4-original.jpg,https://morjas.centracdn.net/client/dynamic/originals/3697_bd5df67b12-the-espadrille-taupe-suede-3-original.jpg,https://morjas.centracdn.net/client/dynamic/originals/3697_13a662099b-the-espadrille-taupe-suede-2-original.jpg",MORJAS,Apparel & Accessories > Shoes,Espadrilles,p3697,female,adult,Taupe,Suede,wom-202031062
p3698-v5453-s,MORJAS The Espadrille - Beige Suede,"Designed with a subtle silhouette and slightly raised jute sole for an effortless warm-weather look. Handcrafted in Spain using traditional techniques that give every pair a natural, individual charm.",in stock,new,1500 SEK,https://www.morjas.com/product/women-the-espadrille-beige-suede,https://morjas.centracdn.net/client/dynamic/originals/3698_863d7c79e0-the-espadrille-beige-suede-1-kopia-original.jpg,"https://morjas.centracdn.net/client/dynamic/originals/3698_f204f3be39-the-espadrille-beige-suede-wear-original.jpg,https://morjas.centracdn.net/client/dynamic/originals/3698_0abf4834b9-the-espadrille-beige-suede-5-original.jpg,https://morjas.centracdn.net/client/dynamic/originals/3698_f931605185-the-espadrille-beige-suede-2-original.jpg,https://morjas.centracdn.net/client/dynamic/originals/3698_8714d74647-the-espadrille-beige-suede-3-original.jpg",MORJAS,Apparel & Accessories > Shoes,Espadrilles,p3698,female,adult,Beige,Suede,wom-202001086
p3699-v5454-s,MORJAS The Espadrille - Black Suede,"Designed with a subtle silhouette and slightly raised jute sole for an effortless warm-weather look. Handcrafted in Spain using traditional techniques that give every pair a natural, individual charm.",in stock,new,1500 SEK,https://www.morjas.com/product/women-the-espadrille-black-suede,https://morjas.centracdn.net/client/dynamic/originals/3699_5cdbd87e2f-the-espadrille-black-suede-1-kopia-original.jpg,"https://morjas.centracdn.net/client/dynamic/originals/3699_fb9257f151-the-espadrille-black-suede-wear-original.jpg,https://morjas.centracdn.net/client/dynamic/originals/3699_8026bf308f-the-espadrille-black-suede-5-original.jpg,https://morjas.centracdn.net/client/dynamic/originals/3699_f030be6767-the-espadrille-black-suede-4-original.jpg,https://morjas.centracdn.net/client/dynamic/originals/3699_6635376e6f-the-espadrille-black-suede-3-original.jpg,https://morjas.centracdn.net/client/dynamic/originals/3699_60f70076a4-the-espadrille-black-suede-2-original.jpg",MORJAS,Apparel & Accessories > Shoes,Espadrilles,p3699,female,adult,Black,Suede,wom-202011010
p7790-v9572-s,MORJAS The Boat Shoe - Brown Suede,"Unlined for a softer feel and lighter weight. Brown calfskin suede with moccasin construction, made by hand in Italy. Set on a rubber sole for grip.",in stock,new,3000 SEK,https://www.morjas.com/product/women-the-boat-shoe-brown-suede,https://morjas.centracdn.net/client/dynamic/originals/7790_eed0c8ef04-morjas-the-boat-shoe-brown-suede-1-original.jpg,"https://morjas.centracdn.net/client/dynamic/originals/7790_288a49d71a-morjas-the-boat-shoe-brown-suede-wear1-original.jpg,https://morjas.centracdn.net/client/dynamic/originals/7790_1ea9e2714a-morjas-the-boat-shoe-brown-suede-5-original.jpg,https://morjas.centracdn.net/client/dynamic/originals/7790_d674779b3a-morjas-the-boat-shoe-brown-suede-4-original.jpg,https://morjas.centracdn.net/client/dynamic/originals/7790_ea60b17a72-morjas-the-boat-shoe-brown-suede-3-original.jpg,https://morjas.centracdn.net/client/dynamic/originals/7790_97edf54170-morjas-the-boat-shoe-brown-suede-2-original.jpg",MORJAS,Apparel & Accessories > Shoes,Boat Shoe,p7790,female,adult,Brown,Suede,wom-204031003
p7789-v9571-s,MORJAS The Boat Shoe - Black Grain,"Unlined for a softer feel and lighter weight. Black grained leather with moccasin construction, made by hand in Italy. Set on a rubber sole for grip.",in stock,new,3000 SEK,https://www.morjas.com/product/women-the-boat-shoe-black-grain,https://morjas.centracdn.net/client/dynamic/originals/7789_f71bfedda3-morjas-the-boat-shoe-black-grain-1-kopia-original.jpg,"https://morjas.centracdn.net/client/dynamic/originals/7789_6f231716b1-morjas-the-boat-shoe-black-grain-wear-original.jpg,https://morjas.centracdn.net/client/dynamic/originals/7789_9efb2932b4-morjas-the-boat-shoe-black-grain-5-original.jpg,https://morjas.centracdn.net/client/dynamic/originals/7789_e4e8b7b768-morjas-the-boat-shoe-black-grain-4-original.jpg,https://morjas.centracdn.net/client/dynamic/originals/7789_ecc73d56a7-morjas-the-boat-shoe-black-grain-3-original.jpg,https://morjas.centracdn.net/client/dynamic/originals/7789_53a723eeff-morjas-the-boat-shoe-black-grain-2-original.jpg",MORJAS,Apparel & Accessories > Shoes,Boat Shoe,p7789,female,adult,Black,Grain Leather,wom-204021005
p3701-v5456-s,MORJAS The Boat Shoe - Sand Suede,"Made unlined for a soft, breathable feel with a natural fit. Set on a leather sole with a modest heel. Handcrafted in Italy from buttery suede.  [b]Fits large – we recommend choosing a size down[/b]",in stock,new,3000 SEK,https://www.morjas.com/product/women-the-boat-shoe-sand-suede,https://morjas.centracdn.net/client/dynamic/originals/3701_45301568ad-the-boat-shoe-sand-suede-1-original.jpg,"https://morjas.centracdn.net/client/dynamic/originals/3701_87eb2b59a2-the-boat-shoe-sand-suede-wear1-original.jpg,https://morjas.centracdn.net/client/dynamic/originals/3701_25e4ae4bb4-the-boat-shoe-sand-suede-2-original.jpg,https://morjas.centracdn.net/client/dynamic/originals/3701_910d782c4b-the-boat-shoe-sand-suede-3-original.jpg,https://morjas.centracdn.net/client/dynamic/originals/3701_15035c7f1c-the-boat-shoe-sand-suede-4-original.jpg,https://morjas.centracdn.net/client/dynamic/originals/3701_eebccf212a-the-boat-shoe-sand-suede-5-original.jpg",MORJAS,Apparel & Accessories > Shoes,Boat Shoe,p3701,female,adult,Sand,Suede,wom-204001008
p3700-v5455-s,MORJAS The Boat Shoe - White Grain,"Made unlined for a soft, breathable feel with a natural fit. Set on a leather sole with a modest heel. Handcrafted in Italy from supple full-grain leather.  [b]Fits large – we recommend choosing a size down[/b]",in stock,new,3000 SEK,https://www.morjas.com/product/women-the-boat-shoe-white-grain,https://morjas.centracdn.net/client/dynamic/originals/3700_742d41a7d4-the-boat-shoe-white-grain-1-original.jpg,"https://morjas.centracdn.net/client/dynamic/originals/3700_91cdb7f43d-the-boat-shoe-white-grain-wear-2-original.jpg,https://morjas.centracdn.net/client/dynamic/originals/3700_dc25880a51-the-boat-shoe-white-grain-still-life-original.jpg,https://morjas.centracdn.net/client/dynamic/originals/3700_f9167f9018-the-boat-shoe-white-grain-3-original.jpg,https://morjas.centracdn.net/client/dynamic/originals/3700_36d59aef5d-the-boat-shoe-white-grain-wear-campaign-original.jpg,https://morjas.centracdn.net/client/dynamic/originals/3700_5a66f659d6-the-boat-shoe-white-grain-4-original.jpg",MORJAS,Apparel & Accessories > Shoes,Boat Shoe,p3700,female,adult,White,Grain Leather,wom-204011111
p7820-v9602-s,MORJAS The Flat Slingback - Black Embossed,"Designed with a softly squared toe and a low heel, held in place by an adjustable slingback strap and a silver buckle. A cushioned insole and soft nappa lining make it effortless from morning into evening. Handcrafted in Spain from croc-embossed calf leather.",in stock,new,3200 SEK,https://www.morjas.com/product/women-the-flat-slingback-black-embossed,https://morjas.centracdn.net/client/dynamic/originals/7820_46c92f099f-morjas-the-flat-slingback-black-croco-1-kopia-original.jpg,"https://morjas.centracdn.net/client/dynamic/originals/7820_d4f7ad5239-morjas-the-flat-slingback-black-croco-wear-1-original.jpg,https://morjas.centracdn.net/client/dynamic/originals/7820_3944e91356-morjas-the-flat-slingback-black-croco-5-original.jpg,https://morjas.centracdn.net/client/dynamic/originals/7820_2d305a7de7-morjas-the-flat-slingback-black-croco-2-original.jpg,https://morjas.centracdn.net/client/dynamic/originals/7820_e21974a8ca-morjas-the-flat-slingback-black-croco-4-original.jpg,https://morjas.centracdn.net/client/dynamic/originals/7820_3981188257-morjas-the-flat-slingback-black-croco-3-original.jpg",MORJAS,Apparel & Accessories > Shoes,,p7820,female,adult,Black,Embossed Leather,wom-217001019
p7791-v9573-s,MORJAS The Slingback - Ivory Nappa,"An elegant pointed-toe heel designed for all-day wear. The slim 6.5 cm heel offers a comfortable, refined lift, while the open back and delicate strap highlight its chic silhouette. Handcrafted in Spain from supple nappa leather.",in stock,new,4000 SEK,https://www.morjas.com/product/women-the-slingback-ivory-nappa,https://morjas.centracdn.net/client/dynamic/originals/7791_4cf638de49-morjas-the-slingback-ivory-nappa-1a-kopia-original.jpg,"https://morjas.centracdn.net/client/dynamic/originals/7791_bc636d4e05-morjas-the-slingback-ivory-nappa-wear-original.jpg,https://morjas.centracdn.net/client/dynamic/originals/7791_fe6ff3b599-morjas-the-slingback-ivory-nappa-2-original.jpg,https://morjas.centracdn.net/client/dynamic/originals/7791_75cd8e4395-morjas-the-slingback-ivory-nappa-5-original.jpg,https://morjas.centracdn.net/client/dynamic/originals/7791_7850224ec9-morjas-the-slingback-ivory-nappa-4-original.jpg,https://morjas.centracdn.net/client/dynamic/originals/7791_7df1a4fb94-morjas-womens-lookbook-spring-2026-22-original.jpg",MORJAS,Apparel & Accessories > Shoes,Slingbacks,p7791,female,adult,Ivory,Nappa Leather,wom-200031103
p3671-v5426-s,MORJAS The Slingback - Black Nappa,"An elegant pointed-toe heel designed for all-day wear. The slim 6.5 cm heel offers a comfortable, refined lift, while the open back and delicate strap highlight its chic silhouette. Handcrafted in Spain from supple nappa leather.",in stock,new,4000 SEK,https://www.morjas.com/product/women-the-slingback-black-nappa,https://morjas.centracdn.net/client/dynamic/originals/3671_64ad0bace0-the-slingback-black-nappa-original.jpg,"https://morjas.centracdn.net/client/dynamic/originals/3671_02b5c24d84-the-slingback-black-nappa-wear1-original.jpg,https://morjas.centracdn.net/client/dynamic/originals/3671_32fb9327a7-the-slingback-black-nappa-3-original.jpg,https://morjas.centracdn.net/client/dynamic/originals/3671_c477c77c18-the-slingback-black-nappa-still-life-original.jpg,https://morjas.centracdn.net/client/dynamic/originals/3671_c46e924eec-the-slingback-black-nappa-5-original.jpg,https://morjas.centracdn.net/client/dynamic/originals/3671_7b1b03569c-the-slingback-black-nappa-4-original.jpg",MORJAS,Apparel & Accessories > Shoes,Slingbacks,p3671,female,adult,Black,Nappa Leather,wom-200001101
p3669-v5424-s,MORJAS The Slingback - Taupe Suede,"An elegant pointed-toe heel designed for all-day wear. The slim 6.5 cm heel offers a comfortable, refined lift, while the open back and delicate strap highlight its chic silhouette. Handcrafted in Spain from soft nappa suede.",in stock,new,4000 SEK,https://www.morjas.com/product/women-the-slingback-taupe-suede,https://morjas.centracdn.net/client/dynamic/originals/3669_d22070aa6b-the-slingback-taupe-suede-2-original.jpg,"https://morjas.centracdn.net/client/dynamic/originals/3669_11b3d1a4fe-the-slingback-taupe-suede-wear3-original.jpg,https://morjas.centracdn.net/client/dynamic/originals/3669_56adcbe9bb-the-slingback-taupe-suede-5-original.jpg,https://morjas.centracdn.net/client/dynamic/originals/3669_c63d6f2851-the-slingback-taupe-suede-3-original.jpg,https://morjas.centracdn.net/client/dynamic/originals/3669_d8e59c4ca2-the-slingback-taupe-suede-4-original.jpg,https://morjas.centracdn.net/client/dynamic/originals/3669_ebf2917a69-the-slingback-taupe-suede-wear2-original.jpg",MORJAS,Apparel & Accessories > Shoes,Slingbacks,p3669,female,adult,Taupe,Suede,wom-200011062
p7749-v9507-s,MORJAS The City Boot - Black Calf,A pull-on boot shaped with an ankle-height shaft and finished with pull tabs on each side. Handcrafted in Spain from smooth calf leather with a full leather lining and cushioned insole for comfort.,in stock,new,4300 SEK,https://www.morjas.com/product/women-the-city-boot-black-calf,https://morjas.centracdn.net/client/dynamic/originals/7749_c1f2c80b5f-morjas-the-city-boot-black-calf-kopia-original.jpg,"https://morjas.centracdn.net/client/dynamic/originals/7749_0507c0228b-morjas-the-city-boot-black-calf-wear1-original.jpg,https://morjas.centracdn.net/client/dynamic/originals/7749_690acdc830-morjas-the-city-boot-black-calf-6jpg-original.jpg,https://morjas.centracdn.net/client/dynamic/originals/7749_45ad9d9e56-morjas-the-city-boot-black-calf-2-original.jpg,https://morjas.centracdn.net/client/dynamic/originals/7749_5022b791c3-morjas-the-city-boot-black-calf-1-original.jpg,https://morjas.centracdn.net/client/dynamic/originals/7749_efb9b8ce95-morjas-the-city-boot-black-calf-4jpg-original.jpg",MORJAS,Apparel & Accessories > Shoes,City Boots,p7749,female,adult,Black,Plain Leather,wom-207001000
p7750-v9508-s,MORJAS The City Boot - Brown Calf,A pull-on boot shaped with an ankle-height shaft and finished with pull tabs on each side. Handcrafted in Spain from smooth calf leather with a full leather lining and cushioned insole for comfort.,in stock,new,4300 SEK,https://www.morjas.com/product/women-the-city-boot-brown-calf,https://morjas.centracdn.net/client/dynamic/originals/7750_f03fdf69ee-morjas-the-city-boot-brown-calf-kopia-original.jpg,"https://morjas.centracdn.net/client/dynamic/originals/7750_0e719aead1-morjas-the-city-boot-brown-calf-wear-original.jpg,https://morjas.centracdn.net/client/dynamic/originals/7750_3575fdbc79-morjas-the-city-boot-brown-calf-1-original.jpg,https://morjas.centracdn.net/client/dynamic/originals/7750_8a8b34186c-morjas-the-city-boot-brown-calf-2-original.jpg,https://morjas.centracdn.net/client/dynamic/originals/7750_a153c2592f-morjas-the-city-boot-brown-calf-3-original.jpg,https://morjas.centracdn.net/client/dynamic/originals/7750_e1d4b47205-morjas-the-city-boot-brown-calf-4-original.jpg",MORJAS,Apparel & Accessories > Shoes,City Boots,p7750,female,adult,Brown,Plain Leather,wom-207011002
p7793-v9575-s,MORJAS The d'Orsay Pump - Brown Nappa,"A d'Orsay pump in brown lamb nappa with a hand-stitched pleated toe, made by hand in Spain. Adjustable ankle strap with silver buckle, set on a 75mm heel. Lined in lamb nappa with a leather sole and cushioned footbed for comfort.",in stock,new,4200 SEK,https://www.morjas.com/product/women-the-dorsay-pump-brown-nappa,https://morjas.centracdn.net/client/dynamic/originals/7793_9ae7c2a50a-morjas-the-dorsay-pump-brown-nappa-kopia-original.jpg,"https://morjas.centracdn.net/client/dynamic/originals/7793_09f8f63d07-morjas-womens-lookbook-spring-2026-14-original.jpg,https://morjas.centracdn.net/client/dynamic/originals/7793_cb387441ef-morjas-the-dorsay-pump-brown-nappa-1-original.jpg,https://morjas.centracdn.net/client/dynamic/originals/7793_05862b7395-morjas-the-dorsay-pump-brown-nappa-3-original.jpg,https://morjas.centracdn.net/client/dynamic/originals/7793_4adcd33013-morjas-the-dorsay-pump-brown-nappa-4-original.jpg,https://morjas.centracdn.net/client/dynamic/originals/7793_28e99d4ff8-morjas-the-dorsay-pump-brown-nappa-2-original.jpg",MORJAS,Apparel & Accessories > Shoes,Pumps,p7793,female,adult,Brown,Nappa Leather,wom-212011102
p7792-v9574-s,MORJAS The d'Orsay Pump - Black Nappa,"A d'Orsay pump in black lamb nappa with a hand-stitched pleated toe, made by hand in Spain. Adjustable ankle strap with silver buckle, set on a 75mm heel. Lined in lamb nappa with a leather sole and cushioned footbed for comfort.",in stock,new,4200 SEK,https://www.morjas.com/product/women-the-dorsay-pump-black-nappa,https://morjas.centracdn.net/client/dynamic/originals/7792_978ea54a50-morjas-the-dorsay-pump-black-nappa-kopia-original.jpg,"https://morjas.centracdn.net/client/dynamic/originals/7792_caec3aefa7-morjas-the-dorsay-pump-black-nappa-wear2-original.jpg,https://morjas.centracdn.net/client/dynamic/originals/7792_c21c9b65bf-morjas-the-dorsay-pump-black-nappa-1-original.jpg,https://morjas.centracdn.net/client/dynamic/originals/7792_cdce16fc3c-morjas-the-dorsay-pump-black-nappa-3-original.jpg,https://morjas.centracdn.net/client/dynamic/originals/7792_9ab12fee99-morjas-the-dorsay-pump-black-nappa-wear1-original.jpg,https://morjas.centracdn.net/client/dynamic/originals/7792_7bb104a8a4-morjas-the-dorsay-pump-black-nappa-4-original.jpg,https://morjas.centracdn.net/client/dynamic/originals/7792_0f5a61708b-morjas-the-dorsay-pump-black-nappa-2-original.jpg",MORJAS,Apparel & Accessories > Shoes,Pumps,p7792,female,adult,Black,Nappa Leather,wom-212001101
p7748-v9506-s,MORJAS The Riding Boot - Black Calf,"A tall, sculpted silhouette rooted in equestrian tradition. Cut with a shaft that reaches just below the knee and set on a leather sole with a discreet rubber insert for grip. Handcrafted in Spain from supple calf leather and lined in smooth lamb nappa for a soft, close fit.",in stock,new,6800 SEK,https://www.morjas.com/product/women-the-riding-boot-black-calf,https://morjas.centracdn.net/client/dynamic/originals/7748_e8f79112b9-morjas-the-riding-boot-black-calf-original.jpg,"https://morjas.centracdn.net/client/dynamic/originals/7748_6745d66978-morjas-the-riding-boot-black-calf-wear-original.jpg,https://morjas.centracdn.net/client/dynamic/originals/7748_4f68265f77-morjas-the-riding-boot-black-calf-4-original.jpg,https://morjas.centracdn.net/client/dynamic/originals/7748_799a15a01f-morjas-the-riding-boot-black-calf-2-original.jpg,https://morjas.centracdn.net/client/dynamic/originals/7748_78e5cab94e-morjas-the-riding-boot-black-calf-1-original.jpg,https://morjas.centracdn.net/client/dynamic/originals/7748_d5d969cb86-morjas-the-riding-boot-black-calf-3-original.jpg,https://morjas.centracdn.net/client/dynamic/originals/7748_88e4e25795-morjas-the-riding-boot-black-calf-6-original.jpg,https://morjas.centracdn.net/client/dynamic/originals/7748_0795b6afa6-morjas-the-riding-boot-black-calf-5-original.jpg",MORJAS,Apparel & Accessories > Shoes,Riding Boots,p7748,female,adult,Black,Plain Leather,wom-211001000
p7818-v9600-s,MORJAS The Sandalette - Brown Nappa,"Designed with fine crossing straps and a sculpted 65 mm heel that frames the foot. An adjustable ankle strap and polished silver buckle finish the look, while the cushioned footbed provides added comfort. Handcrafted in Spain from supple lambskin nappa.",in stock,new,3300 SEK,https://www.morjas.com/product/women-the-sandalette-brown-nappa,https://morjas.centracdn.net/client/dynamic/originals/7818_6152b68178-morjas-the-sandalette-brown-nappa-1-kopia-original.jpg,"https://morjas.centracdn.net/client/dynamic/originals/7818_151791ae2f-morjas-the-sandalette-brown-nappa-wear-original.jpg,https://morjas.centracdn.net/client/dynamic/originals/7818_69f132ebc6-morjas-the-sandalette-brown-nappa-5-original.jpg,https://morjas.centracdn.net/client/dynamic/originals/7818_82962d859c-morjas-the-sandalette-brown-nappa-3-original.jpg,https://morjas.centracdn.net/client/dynamic/originals/7818_99297088d5-morjas-the-sandalette-brown-nappa-4-original.jpg,https://morjas.centracdn.net/client/dynamic/originals/7818_6d4619d2b7-morjas-the-sandalette-brown-nappa-2-original.jpg",MORJAS,Apparel & Accessories > Shoes,Sandals,p7818,female,adult,Brown,Nappa Leather,wom-216011102
p7819-v9601-s,MORJAS The Sandalette - Black Nappa,"Designed with fine crossing straps and a sculpted 65 mm heel that frames the foot. An adjustable ankle strap and polished silver buckle finish the look, while the cushioned footbed provides added comfort. Handcrafted in Spain from supple lambskin nappa.",in stock,new,3300 SEK,https://www.morjas.com/product/women-the-sandalette-black-nappa,https://morjas.centracdn.net/client/dynamic/originals/7819_9278804cbb-morjas-the-sandalette-black-nappa-1-kopia-original.jpg,"https://morjas.centracdn.net/client/dynamic/originals/7819_45598131fa-morjas-the-sandalette-black-nappa-wear-original.jpg,https://morjas.centracdn.net/client/dynamic/originals/7819_c01a41173c-morjas-the-sandalette-black-nappa-5-original.jpg,https://morjas.centracdn.net/client/dynamic/originals/7819_b4ebac0698-morjas-the-sandalette-black-nappa-3-original.jpg,https://morjas.centracdn.net/client/dynamic/originals/7819_deb1848d42-morjas-the-sandalette-black-nappa-4-original.jpg,https://morjas.centracdn.net/client/dynamic/originals/7819_3f783f460d-morjas-the-sandalette-black-nappa-2-original.jpg",MORJAS,Apparel & Accessories > Shoes,Sandals,p7819,female,adult,Black,Nappa Leather,wom-216001101
p7817-v9599-s,MORJAS The Sandalette - Ivory Nappa,"Designed with fine crossing straps and a sculpted 65 mm heel that frames the foot. An adjustable ankle strap and polished silver buckle finish the look, while the cushioned footbed provides added comfort. Handcrafted in Spain from supple lambskin nappa.",in stock,new,3300 SEK,https://www.morjas.com/product/women-the-sandalette-ivory-nappa,https://morjas.centracdn.net/client/dynamic/originals/7817_b468d04d98-morjas-the-sandalette-ivory-nappa-1-kopia-original.jpg,"https://morjas.centracdn.net/client/dynamic/originals/7817_bddb39a060-morjas-the-sandalette-ivory-nappa-wear-original.jpg,https://morjas.centracdn.net/client/dynamic/originals/7817_98dd9ac8ac-morjas-the-sandalette-ivory-nappa-5-original.jpg,https://morjas.centracdn.net/client/dynamic/originals/7817_b57b03ee74-morjas-the-sandalette-ivory-nappa-3-original.jpg,https://morjas.centracdn.net/client/dynamic/originals/7817_5a49ebb51b-morjas-the-sandalette-ivory-nappa-4-original.jpg,https://morjas.centracdn.net/client/dynamic/originals/7817_5ecc792832-morjas-the-sandalette-ivory-nappa-2-original.jpg",MORJAS,Apparel & Accessories > Shoes,Sandals,p7817,female,adult,Ivory,Nappa Leather,wom-216021103
p7816-v9598-s,MORJAS The Verona Sandal - Black Nappa,"Designed with a wide leather band and a toe strap that frame the foot for a pared-back silhouette. The soft, cushioned footbed adds subtle comfort. Finished with a hand-stitched edge and handcrafted in Spain.",in stock,new,2700 SEK,https://www.morjas.com/product/women-the-verona-sandal-black-nappa,https://morjas.centracdn.net/client/dynamic/originals/7816_198497d0e7-morjas-the-verona-sandal-black-nappa-1-copy-original.jpg,"https://morjas.centracdn.net/client/dynamic/originals/7816_ba6938c509-morjas-the-verona-sandal-black-nappa-wear1-original.jpg,https://morjas.centracdn.net/client/dynamic/originals/7816_aeb3621500-morjas-the-verona-sandal-black-nappa-2-original.jpg,https://morjas.centracdn.net/client/dynamic/originals/7816_5b478aefba-morjas-the-verona-sandal-black-nappa-3-original.jpg,https://morjas.centracdn.net/client/dynamic/originals/7816_1b4ea6d283-morjas-the-verona-sandal-black-nappa-4-original.jpg,https://morjas.centracdn.net/client/dynamic/originals/7816_7701c64175-morjas-the-verona-sandal-black-nappa-5-original.jpg",MORJAS,Apparel & Accessories > Shoes,Sandals,p7816,female,adult,Black,Nappa Leather,wom-215001101
p7815-v9597-s,MORJAS The Verona Sandal - Brown Suede,"Designed with a wide leather band and a toe strap that frame the foot for a pared-back silhouette. The soft, cushioned footbed adds subtle comfort. Finished with a hand-stitched edge and handcrafted in Spain.",in stock,new,2700 SEK,https://www.morjas.com/product/women-the-verona-sandal-brown-suede,https://morjas.centracdn.net/client/dynamic/originals/7815_f86fbd0c34-morjas-the-verona-sandal-brown-suede-1-kopia-original.jpg,"https://morjas.centracdn.net/client/dynamic/originals/7815_62e29e3455-morjas-the-verona-sandal-brown-suede-wear-original.jpg,https://morjas.centracdn.net/client/dynamic/originals/7815_fac339d6da-morjas-the-verona-sandal-brown-suede-2-original.jpg,https://morjas.centracdn.net/client/dynamic/originals/7815_f9645c81cf-morjas-the-verona-sandal-brown-suede-3-original.jpg,https://morjas.centracdn.net/client/dynamic/originals/7815_bdf3add68f-morjas-the-verona-sandal-brown-suede-5-original.jpg,https://morjas.centracdn.net/client/dynamic/originals/7815_a5ae6bada4-morjas-the-verona-sandal-brown-suede-4-original.jpg",MORJAS,Apparel & Accessories > Shoes,Sandals,p7815,female,adult,Brown,Suede,wom-215011003
p7721-v9476-s,MORJAS The Pump - Black Nappa,"A pointed-toe, closed-heel pump with an elegant, sculpted silhouette. Set on a 75 mm stiletto for a sleek finish. Handcrafted in Spain from supple nappa leather.",in stock,new,3800 SEK,https://www.morjas.com/product/women-the-pump-black-nappa,https://morjas.centracdn.net/client/dynamic/originals/7721_069d65a80c-morjas-the-pump-black-nappa-4-kopia-original.jpg,"https://morjas.centracdn.net/client/dynamic/originals/7721_091aa43df9-morjas-the-pump-black-nappa-wear-original.jpg,https://morjas.centracdn.net/client/dynamic/originals/7721_cfebad3fc2-morjas-the-pump-black-nappa-original.jpg,https://morjas.centracdn.net/client/dynamic/originals/7721_6bb8e9e771-morjas-the-pump-black-nappa-1-original.jpg,https://morjas.centracdn.net/client/dynamic/originals/7721_2ef10cf3eb-morjas-the-pump-black-nappa-3-original.jpg",MORJAS,Apparel & Accessories > Shoes,Pumps,p7721,female,adult,Black,Nappa Leather,wom-208001101
p7719-v9474-s,MORJAS The Pump - Brown Suede,"A pointed-toe, closed-heel pump with an elegant, sculpted silhouette. Set on a 75 mm stiletto for a sleek finish. Handcrafted in Spain from soft goatskin suede.",in stock,new,3800 SEK,https://www.morjas.com/product/women-the-pump-brown-suede,https://morjas.centracdn.net/client/dynamic/originals/7719_baf67b4166-morjas-the-pump-brown-suede-kopia-original.jpg,"https://morjas.centracdn.net/client/dynamic/originals/7719_dcc638f6d0-morjas-the-pump-brown-suede-wear-original.jpg,https://morjas.centracdn.net/client/dynamic/originals/7719_4f6867d19f-morjas-the-pump-brown-suede-3-original.jpg,https://morjas.centracdn.net/client/dynamic/originals/7719_85460a24bc-morjas-the-pump-brown-suede-1-original.jpg,https://morjas.centracdn.net/client/dynamic/originals/7719_4616138121-morjas-the-pump-brown-suede-2-original.jpg",MORJAS,Apparel & Accessories > Shoes,Pumps,p7719,female,adult,Brown,Suede,wom-208021003
p7720-v9475-s,MORJAS The Pump - Caramel Nappa,"A pointed-toe, closed-heel pump with an elegant, sculpted silhouette. Set on a 75 mm stiletto for a sleek finish. Handcrafted in Spain from supple nappa leather.",in stock,new,3800 SEK,https://www.morjas.com/product/women-the-pump-caramel-nappa,https://morjas.centracdn.net/client/dynamic/originals/7720_f5d9c649b9-morjas-the-pump-caramel-nappa-kopia-original.jpg,"https://morjas.centracdn.net/client/dynamic/originals/7720_ea2ec252d2-morjas-the-pump-caramel-nappa-wear-original.jpg,https://morjas.centracdn.net/client/dynamic/originals/7720_df93179022-morjas-the-pump-caramel-nappa-2-original.jpg,https://morjas.centracdn.net/client/dynamic/originals/7720_2ac8d3d4f8-morjas-the-pump-caramel-nappa-1-original.jpg,https://morjas.centracdn.net/client/dynamic/originals/7720_3e5a085108-morjas-the-pump-caramel-nappa-3-original.jpg",MORJAS,Apparel & Accessories > Shoes,Pumps,p7720,female,adult,Brown,Nappa Leather,wom-208011121
p7752-v9510-s,MORJAS The Sock - Black sock,"A finely knitted, medium-length sock with a smooth finish. Designed to add a subtle, playful touch in brown, black, or white. Made in Portugal from a soft, mercerized cotton mix with a seamless construction for lasting comfort.",in stock,new,200 SEK,https://www.morjas.com/product/women-the-sock-black,https://morjas.centracdn.net/client/dynamic/originals/7752_1baa7f3313-morjas-womens-the-sock-black-kopia-original.jpg,"https://morjas.centracdn.net/client/dynamic/originals/7752_05c2e8b281-morjas-womens-the-sock-black-2-original.jpg,https://morjas.centracdn.net/client/dynamic/originals/7752_6ed35401a5-morjas-womens-the-sock-black-1-original.jpg",MORJAS,Apparel & Accessories > Clothing > Underwear & Socks > Socks,,p7752,female,adult,Black,Cotton,wom-209001030
p3954-v5709-s,MORJAS The Sock - Off-white sock,"A finely knitted, medium-length sock with a smooth finish. Designed to add a subtle, playful touch in brown, black, or white. Made in Portugal from a soft, mercerized cotton mix with a seamless construction for lasting comfort.",in stock,new,200 SEK,https://www.morjas.com/product/women-the-sock-off-white,https://morjas.centracdn.net/client/dynamic/originals/3954_e30b1f0c3e-morjas-womens-the-sock-off-white-kopia-original.jpg,"https://morjas.centracdn.net/client/dynamic/originals/3954_6b43bd1e83-morjas-womens-the-sock-off-white-2-original.jpg,https://morjas.centracdn.net/client/dynamic/originals/3954_7335854732-morjas-womens-the-sock-off-white-1-original.jpg",MORJAS,Apparel & Accessories > Clothing > Underwear & Socks > Socks,,p3954,female,adult,White,Cotton,wom-209021112
p7751-v9509-s,MORJAS The Sock - Brown Sock,"A finely knitted, medium-length sock with a smooth finish. Designed to add a subtle, playful touch in brown, black, or white. Made in Portugal from a soft, mercerized cotton mix with a seamless construction for lasting comfort.",in stock,new,200 SEK,https://www.morjas.com/product/women-the-sock-brown,https://morjas.centracdn.net/client/dynamic/originals/7751_51852de710-morjas-womens-the-sock-brown-kopia-original.jpg,"https://morjas.centracdn.net/client/dynamic/originals/7751_cc6e7447c0-morjas-womens-the-sock-brown-2-original.jpg,https://morjas.centracdn.net/client/dynamic/originals/7751_4adf4b044f-morjas-womens-the-sock-brown-1-original.jpg",MORJAS,Apparel & Accessories > Clothing > Underwear & Socks > Socks,,p7751,female,adult,Brown,Cotton,wom-209011107
p7740-v9495-s,MORJAS The Belt 20mm - Black Nappa,"A thin, subtle belt designed for understated definition. Handcrafted in Spain from nappa leather with a solid brass buckle in a silver finish.",in stock,new,1300 SEK,https://www.morjas.com/product/women-the-belt-black-nappa-20-mm,https://morjas.centracdn.net/client/dynamic/originals/7740_5134af40c0-morjas-the-belt-black-nappa-20mm-kopia-original.jpg,"https://morjas.centracdn.net/client/dynamic/originals/7740_239ec62e66-morjas-the-belt-black-nappa-20mm-wear2-original.jpg,https://morjas.centracdn.net/client/dynamic/originals/7740_79d5231397-morjas-the-belt-black-nappa-20mm-1-original.jpg,https://morjas.centracdn.net/client/dynamic/originals/7740_a31efca4e7-morjas-the-belt-black-nappa-20mm-3-original.jpg,https://morjas.centracdn.net/client/dynamic/originals/7740_d8d4a72406-morjas-the-belt-black-nappa-20mm-2-original.jpg,https://morjas.centracdn.net/client/dynamic/originals/7740_5b8967c87f-morjas-the-belt-black-nappa-20mm-wear-original.jpg",MORJAS,Apparel & Accessories > Clothing Accessories > Belts,Belts 20mm,p7740,female,adult,Black,Nappa Leather,wom-205001127
p7798-v9580-s,MORJAS The Belt 20mm - Tan Grain,"A thin, subtle belt designed for understated definition. Handcrafted in Spain from grained leather with a solid brass buckle in a silver finish.",in stock,new,1300 SEK,https://www.morjas.com/product/women-the-belt-tan-grain-20-mm,https://morjas.centracdn.net/client/dynamic/originals/7798_cfee1677cd-morjas-the-belt-20mm-tan-grain-1-kopia-original.jpg,"https://morjas.centracdn.net/client/dynamic/originals/7798_91cb191536-morjas-the-belt-20mm-tan-grain-wear-original.jpg,https://morjas.centracdn.net/client/dynamic/originals/7798_b1d0440fb6-morjas-the-belt-20mm-tan-grain-4-original.jpg,https://morjas.centracdn.net/client/dynamic/originals/7798_6d094fcb63-morjas-womens-lookbook-spring-2026-34-original.jpg,https://morjas.centracdn.net/client/dynamic/originals/7798_288d4c6eba-morjas-the-belt-20mm-tan-grain-3-original.jpg,https://morjas.centracdn.net/client/dynamic/originals/7798_3a24a2a314-morjas-the-belt-20mm-tan-grain-2-original.jpg",MORJAS,Apparel & Accessories > Clothing Accessories > Belts,Belts 20mm,p7798,female,adult,Tan,Grain Leather,wom-205071150
p7797-v9579-s,MORJAS The Belt 20mm - Ivory Nappa,"A thin, subtle belt designed for understated definition. Handcrafted in Spain from nappa leather with a solid brass buckle in a silver finish.",in stock,new,1300 SEK,https://www.morjas.com/product/women-the-belt-ivory-nappa-20-mm,https://morjas.centracdn.net/client/dynamic/originals/7797_2b3a79603d-morjas-the-belt-20mm-ivory-nappa-1-kopia-original.jpg,"https://morjas.centracdn.net/client/dynamic/originals/7797_37bfa814f1-the-belt-ivory-nappa-20mm-original.jpg,https://morjas.centracdn.net/client/dynamic/originals/7797_abbd51c6db-morjas-the-belt-20mm-ivory-nappa-5-original.jpg,https://morjas.centracdn.net/client/dynamic/originals/7797_c9359bb359-morjas-the-belt-20mm-ivory-nappa-3-original.jpg,https://morjas.centracdn.net/client/dynamic/originals/7797_fe445b6f0f-morjas-the-belt-20mm-ivory-nappa-4-original.jpg,https://morjas.centracdn.net/client/dynamic/originals/7797_5d24080f91-morjas-the-belt-20mm-ivory-nappa-2-original.jpg",MORJAS,Apparel & Accessories > Clothing Accessories > Belts,Belts 20mm,p7797,female,adult,Ivory,Nappa Leather,wom-205061149
p7742-v9497-s,MORJAS The Belt 40mm - Black Nappa,A versatile belt that works in trousers or cinched over layers. Handcrafted in Spain from nappa leather with a solid brass buckle in a silver finish.,in stock,new,1500 SEK,https://www.morjas.com/product/women-the-belt-black-nappa-40-mm,https://morjas.centracdn.net/client/dynamic/originals/7742_38d1014122-morjas-the-belt-black-nappa-40mm-kopia-original.jpg,"https://morjas.centracdn.net/client/dynamic/originals/7742_6023a8ebbe-morjas-the-belt-black-nappa-40mm-wear1-original.jpg,https://morjas.centracdn.net/client/dynamic/originals/7742_6d4eded92d-morjas-the-belt-black-nappa-40mm-1-original.jpg,https://morjas.centracdn.net/client/dynamic/originals/7742_327f848e47-morjas-the-belt-black-nappa-40mm-4-original.jpg,https://morjas.centracdn.net/client/dynamic/originals/7742_6711f98f4f-morjas-the-belt-black-nappa-40mm-2-original.jpg,https://morjas.centracdn.net/client/dynamic/originals/7742_83d2c93aec-morjas-the-belt-black-nappa-40mm-3-original.jpg",MORJAS,Apparel & Accessories > Clothing Accessories > Belts,Belts 40mm,p7742,female,adult,Black,Nappa Leather,wom-205021128
p7741-v9496-s,MORJAS The Belt 40mm - Brown Nappa,A versatile belt that works in trousers or cinched over layers. Handcrafted in Spain from nappa leather with a solid brass buckle in a silver finish.,in stock,new,1500 SEK,https://www.morjas.com/product/women-the-belt-brown-nappa-40-mm,https://morjas.centracdn.net/client/dynamic/originals/7741_6fce442e19-morjas-the-belt-brown-nappa-40mm-kopia-original.jpg,"https://morjas.centracdn.net/client/dynamic/originals/7741_27979c4ca8-morjas-the-belt-brown-nappa-40mm-wear-1-original.jpg,https://morjas.centracdn.net/client/dynamic/originals/7741_785723de8e-morjas-the-belt-brown-nappa-40mm-1-original.jpg,https://morjas.centracdn.net/client/dynamic/originals/7741_5b375c44e3-morjas-the-belt-brown-nappa-40mm-3-original.jpg,https://morjas.centracdn.net/client/dynamic/originals/7741_96ae32eaed-morjas-the-belt-brown-nappa-40mm-4-original.jpg,https://morjas.centracdn.net/client/dynamic/originals/7741_984245dfa8-morjas-the-belt-brown-nappa-40mm-2-original.jpg",MORJAS,Apparel & Accessories > Clothing Accessories > Belts,Belts 40mm,p7741,female,adult,Brown,Nappa Leather,wom-205031129
p7743-v9498-s,MORJAS The Belt 50mm - Black Suede,"A statement belt designed to accent coats, trousers, or dresses. Handcrafted in Spain from suede with a solid brass buckle in a silver finish.",in stock,new,1500 SEK,https://www.morjas.com/product/women-the-belt-black-suede-50-mm,https://morjas.centracdn.net/client/dynamic/originals/7743_53363955c1-morjas-the-belt-black-suede-50mm-original.jpg,"https://morjas.centracdn.net/client/dynamic/originals/7743_0bb2de07cd-morjas-the-belt-black-suede-50mm-wear2-original.jpg,https://morjas.centracdn.net/client/dynamic/originals/7743_56a6871fa7-morjas-the-belt-black-suede-50mm-1-original.jpg,https://morjas.centracdn.net/client/dynamic/originals/7743_00d663339a-morjas-the-belt-black-suede-50mm-3-original.jpg,https://morjas.centracdn.net/client/dynamic/originals/7743_92d09a7374-morjas-the-belt-black-suede-50mm-2-original.jpg,https://morjas.centracdn.net/client/dynamic/originals/7743_e6e542f8f5-morjas-the-belt-black-suede-50mm-4-original.jpg",MORJAS,Apparel & Accessories > Clothing Accessories > Belts,Belts 50mm,p7743,female,adult,Black,Suede,wom-205041130
p7744-v9499-s,MORJAS The Belt 50mm - Brown Suede,"A statement belt designed to accent coats, trousers, or dresses. Handcrafted in Spain from suede with a solid brass buckle in a silver finish.",in stock,new,1500 SEK,https://www.morjas.com/product/women-the-belt-brown-suede-50-mm,https://morjas.centracdn.net/client/dynamic/originals/7744_022d396af2-morjas-the-belt-brown-suede-50mm-kopia-original.jpg,"https://morjas.centracdn.net/client/dynamic/originals/7744_a8ff36aa28-morjas-the-belt-brown-suede-50mm-wear2-original.jpg,https://morjas.centracdn.net/client/dynamic/originals/7744_31465beb5a-morjas-the-belt-brown-suede-50mm-1-original.jpg,https://morjas.centracdn.net/client/dynamic/originals/7744_a334a0ffd1-morjas-the-belt-brown-suede-50mm-2-original.jpg,https://morjas.centracdn.net/client/dynamic/originals/7744_348b0d1e0f-morjas-the-belt-brown-suede-50mm-3-original.jpg,https://morjas.centracdn.net/client/dynamic/originals/7744_73097d3c71-morjas-the-belt-brown-suede-50mm-4-original.jpg",MORJAS,Apparel & Accessories > Clothing Accessories > Belts,Belts 50mm,p7744,female,adult,Brown,Suede,wom-205051131
p7796-v9578-s,MORJAS The Ballet Flat - Rubber Sole - Ruby Nappa,Designed with a low heel and a sculpted cut that frames the foot for a flattering look and feel. Handcrafted in Spain from supple nappa leather.,in stock,new,3000 SEK,https://www.morjas.com/product/women-the-ballet-flat-ruby-nappa,https://morjas.centracdn.net/client/dynamic/originals/7796_8d1c2c16fd-morjas-the-ballet-flat-ruby-nappa-1-kopia-original.jpg,"https://morjas.centracdn.net/client/dynamic/originals/7796_54f432aa08-morjas-the-ballet-flat-ruby-nappa-wear-1-original.jpg,https://morjas.centracdn.net/client/dynamic/originals/7796_dffa8fd278-morjas-the-ballet-flat-ruby-nappa-2-original.jpg,https://morjas.centracdn.net/client/dynamic/originals/7796_7dc88247e8-morjas-the-ballet-flat-ruby-nappa-4-original.jpg,https://morjas.centracdn.net/client/dynamic/originals/7796_5e5941d82a-morjas-the-ballet-flat-ruby-nappa-5-original.jpg,https://morjas.centracdn.net/client/dynamic/originals/7796_cb1b31ade9-morjas-the-ballet-flat-ruby-nappa-3-original.jpg",MORJAS,Apparel & Accessories > Shoes,Ballerinas,p7796,female,adult,Ruby,Nappa Leather,wom-201051148
p7821-v9605-s,MORJAS The Ballet Flat - Leather Sole - Brown Nappa,Designed with a low heel and a sculpted cut that frames the foot for a flattering look and feel. Handcrafted in Spain from supple nappa leather.,in stock,new,3000 SEK,https://www.morjas.com/product/women-the-ballet-flat-leather-sole-brown-nappa,https://morjas.centracdn.net/client/dynamic/originals/3667_c00e9b0a30-the-ballet-flat-brown-nappa-copy17714-original.jpg,"https://morjas.centracdn.net/client/dynamic/originals/3667_c4c5c1079f-the-ballet-flat-brown-nappa-wear117716-original.jpg,https://morjas.centracdn.net/client/dynamic/originals/3667_f3f48278af-the-ballet-flat-brown-nappa-217711-original.jpg,https://morjas.centracdn.net/client/dynamic/originals/3667_0367672d1c-the-ballet-flat-brown-nappa-317712-original.jpg,https://morjas.centracdn.net/client/dynamic/originals/3667_f963d9f2e7-the-ballet-flat-brown-nappa-417717-original.jpg,https://morjas.centracdn.net/client/dynamic/originals/3667_5ade6d0e79-the-ballet-flat-brown-nappa-517713-original.jpg",MORJAS,Apparel & Accessories > Shoes,Ballerinas,p7821,female,adult,Brown,Nappa Leather,wom-201111102
p3670-v5425-s,MORJAS The Slingback - Dove Blue Suede,"An elegant pointed-toe heel designed for all-day wear. The slim 6.5 cm heel offers a comfortable, refined lift, while the open back and delicate strap highlight its chic silhouette. Handcrafted in Spain from soft nappa suede.",in stock,new,4000 SEK,https://www.morjas.com/product/women-the-slingback-dove-blue-suede,https://morjas.centracdn.net/client/dynamic/originals/3670_5694bb6064-the-slingback-dove-blue-suede-original.jpg,"https://morjas.centracdn.net/client/dynamic/originals/3670_1a09c8996a-the-slingback-dove-blue-suede-wear-original.jpg,https://morjas.centracdn.net/client/dynamic/originals/3670_c5af09f96f-the-slingback-dove-blue-suede-6-original.jpg,https://morjas.centracdn.net/client/dynamic/originals/3670_1f43a53fc2-the-slingback-dove-blue-suede-5-original.jpg,https://morjas.centracdn.net/client/dynamic/originals/3670_9d7b9041b1-the-slingback-dove-blue-suede-3-original.jpg,https://morjas.centracdn.net/client/dynamic/originals/3670_7f7b0d23b6-the-slingback-dove-blue-suede-4-original.jpg",MORJAS,Apparel & Accessories > Shoes,Slingbacks,p3670,female,adult,Blue,Suede,wom-200021099
p7753-v9511-s,MORJAS The Chalet Boot - Brown Pony Hair,Shaped with a moc-toe construction and set on a sturdy rubber sole for confident footing. Handcrafted in Spain from hair-on calf leather and lined in genuine shearling for natural warmth and comfort.,in stock,new,5200 SEK,https://www.morjas.com/product/women-the-chalet-boot-brown-pony-hair,https://morjas.centracdn.net/client/dynamic/originals/7753_a02498343c-morjas-the-chalet-boot-brown-pony-hair-kopia-original.jpg,"https://morjas.centracdn.net/client/dynamic/originals/7753_3aac7e211c-morjas-the-chalet-boot-brown-pony-hair-wear-original.jpg,https://morjas.centracdn.net/client/dynamic/originals/7753_d1c0160234-morjas-the-chalet-boot-brown-pony-hair-5-original.jpg,https://morjas.centracdn.net/client/dynamic/originals/7753_b6a4d284f8-morjas-the-chalet-boot-brown-pony-hair-original.jpg,https://morjas.centracdn.net/client/dynamic/originals/7753_a3ce17c8e9-morjas-the-chalet-boot-brown-pony-hair-4-original.jpg,https://morjas.centracdn.net/client/dynamic/originals/7753_621d4d28af-morjas-the-chalet-boot-brown-pony-hair-3-original.jpg",MORJAS,Apparel & Accessories > Shoes,Chalet Boots,p7753,female,adult,Brown,Pony Hair,wom-210021119
p3953-v9504-s,MORJAS The Chalet Boot - Brown Calf,Shaped with a moc-toe construction and set on a sturdy rubber sole for confident footing. Handcrafted in Spain from smooth calf leather and lined in genuine shearling for natural warmth and comfort.,out of stock,new,4900 SEK,https://www.morjas.com/product/women-the-chalet-boot-brown-calf,https://morjas.centracdn.net/client/dynamic/originals/3953_0097a64b29-morjas-the-chalet-boot-brown-calf-original.jpg,"https://morjas.centracdn.net/client/dynamic/originals/3953_c1045d1f57-morjas-the-chalet-boot-brown-calf-2-original.jpg,https://morjas.centracdn.net/client/dynamic/originals/3953_8325c81b2b-morjas-the-chalet-boot-brown-calf-1-original.jpg,https://morjas.centracdn.net/client/dynamic/originals/3953_967cd25a35-morjas-the-chalet-boot-brown-calf-4-original.jpg,https://morjas.centracdn.net/client/dynamic/originals/3953_b40e2b7fdb-morjas-the-chalet-boot-in-three-colours-original.jpg,https://morjas.centracdn.net/client/dynamic/originals/3953_9aa8759e28-morjas-the-chalet-boot-brown-calf-3-original.jpg",MORJAS,Apparel & Accessories > Shoes,Chalet Boots,p3953,female,adult,Brown,Plain Leather,wom-210011002
p3952-v9503-s,MORJAS The Chalet Boot - Black Calf,Shaped with a moc-toe construction and set on a sturdy rubber sole for confident footing. Handcrafted in Spain from smooth calf leather and lined in genuine shearling for natural warmth and comfort.,out of stock,new,4900 SEK,https://www.morjas.com/product/women-the-chalet-boot-black-calf,https://morjas.centracdn.net/client/dynamic/originals/3952_b8436255f9-morjas-the-chalet-boot-black-calf-original.jpg,"https://morjas.centracdn.net/client/dynamic/originals/3952_3277c28acc-morjas-the-chalet-boot-black-calf-wear-original.jpg,https://morjas.centracdn.net/client/dynamic/originals/3952_2196101a27-morjas-the-chalet-boot-black-calf-5-original.jpg,https://morjas.centracdn.net/client/dynamic/originals/3952_d49c7616f0-morjas-the-chalet-boot-black-calf-2-original.jpg,https://morjas.centracdn.net/client/dynamic/originals/3952_67f1cc6148-morjas-the-chalet-boot-black-calf-4-original.jpg,https://morjas.centracdn.net/client/dynamic/originals/3952_385a9a9683-morjas-the-chalet-boot-black-calf-3-original.jpg",MORJAS,Apparel & Accessories > Shoes,Chalet Boots,p3952,female,adult,Black,Plain Leather,wom-210001000
