id,override,price,link,availability
p7825-v9609-s,DE,370 EUR,https://www.morjas.com/product/the-ivy-loafer-rubber-sole-black-suede,in stock
p764-v2281-s,DE,400 EUR,https://www.morjas.com/product/the-penny-loafer-brown-suede-unlined,in stock
p1627-v3144-s,DE,400 EUR,https://www.morjas.com/product/the-penny-loafer-medium-brown-suede-unlined,in stock
p3118-v4799-s,DE,400 EUR,https://www.morjas.com/product/the-penny-loafer-sand-suede-unlined,in stock
p5-v1519-s,DE,350 EUR,https://www.morjas.com/product/the-penny-loafer-black-calf,in stock
p38-v1522-s,DE,350 EUR,https://www.morjas.com/product/the-penny-loafer-brown-suede,in stock
p7-v1521-s,DE,350 EUR,https://www.morjas.com/product/the-penny-loafer-brown-calf,in stock
p2446-v4058-s,DE,350 EUR,https://www.morjas.com/product/the-penny-loafer-leather-sole-black-grain,in stock
p6-v1520-s,DE,350 EUR,https://www.morjas.com/product/the-penny-loafer-burgundy-calf,in stock
p39-v1523-s,DE,350 EUR,https://www.morjas.com/product/the-penny-loafer-medium-brown-suede,in stock
p2447-v4059-s,DE,350 EUR,https://www.morjas.com/product/the-penny-loafer-leather-sole-brown-grain,in stock
p3120-v4801-s,DE,350 EUR,https://www.morjas.com/product/the-penny-loafer-black-suede-leather-sole,in stock
p1637-v3154-s,DE,350 EUR,https://www.morjas.com/product/the-penny-loafer-black-grain-black-suede,in stock
p3152-v4834-s,DE,350 EUR,https://www.morjas.com/product/the-penny-loafer-black-grain-navy-suede,in stock
p786-v2303-s,DE,350 EUR,https://www.morjas.com/product/the-penny-loafer-rubber-sole-black-calf,in stock
p785-v2302-s,DE,350 EUR,https://www.morjas.com/product/the-penny-loafer-rubber-sole-brown-suede,in stock
p2-v1524-s,DE,350 EUR,https://www.morjas.com/product/the-penny-loafer-black-grain,in stock
p1629-v3146-s,DE,350 EUR,https://www.morjas.com/product/the-penny-loafer-rubber-sole-brown-calf,in stock
p1630-v3147-s,DE,350 EUR,https://www.morjas.com/product/the-penny-loafer-rubber-sole-medium-brown-suede,in stock
p4-v1526-s,DE,350 EUR,https://www.morjas.com/product/the-penny-loafer-brown-grain,in stock
p1628-v3145-s,DE,350 EUR,https://www.morjas.com/product/the-penny-loafer-rubber-sole-burgundy-calf,in stock
p3122-v4803-s,DE,370 EUR,https://www.morjas.com/product/the-ivy-loafer-black-calf,in stock
p3124-v4805-s,DE,370 EUR,https://www.morjas.com/product/the-ivy-loafer-brown-suede,in stock
p7336-v9091-s,DE,370 EUR,https://www.morjas.com/product/the-ivy-loafer-black-grain,in stock
p3123-v4804-s,DE,370 EUR,https://www.morjas.com/product/the-ivy-loafer-burgundy-calf,in stock
p7803-v9585-s,DE,370 EUR,https://www.morjas.com/product/the-ivy-loafer-brown-grain,in stock
p7335-v9090-s,DE,370 EUR,https://www.morjas.com/product/the-ivy-loafer-black-suede,in stock
p3420-v5102-s,DE,370 EUR,https://www.morjas.com/product/the-ivy-loafer-black-calf-rubber-sole,in stock
p3422-v5104-s,DE,370 EUR,https://www.morjas.com/product/the-ivy-loafer-brown-suede-rubber-sole,in stock
p7805-v9587-s,DE,370 EUR,https://www.morjas.com/product/the-ivy-loafer-rubber-sole-black-grain,in stock
p3421-v5103-s,DE,370 EUR,https://www.morjas.com/product/the-ivy-loafer-burgundy-calf-rubber-sole,in stock
p7777-v9559-s,DE,370 EUR,https://www.morjas.com/product/the-ivy-loafer-rubber-sole-brown-grain,in stock
p35-v1527-s,DE,350 EUR,https://www.morjas.com/product/the-tassel-loafer-black-calf,in stock
p9-v1530-s,DE,350 EUR,https://www.morjas.com/product/the-tassel-loafer-brown-suede,in stock
p37-v1529-s,DE,350 EUR,https://www.morjas.com/product/the-tassel-loafer-brown-calf,in stock
p10-v1531-s,DE,350 EUR,https://www.morjas.com/product/the-tassel-loafer-medium-brown-suede,in stock
p36-v1528-s,DE,350 EUR,https://www.morjas.com/product/the-tassel-loafer-burgundy-calf,in stock
p788-v2305-s,DE,350 EUR,https://www.morjas.com/product/the-tassel-loafer-rubber-sole-black-calf,in stock
p787-v2304-s,DE,350 EUR,https://www.morjas.com/product/the-tassel-loafer-rubber-sole-brown-suede,in stock
p1624-v3141-s,DE,350 EUR,https://www.morjas.com/product/the-tassel-loafer-rubber-sole-brown-calf,in stock
p1625-v3142-s,DE,350 EUR,https://www.morjas.com/product/the-tassel-loafer-rubber-sole-medium-brown-suede,in stock
p1623-v3140-s,DE,350 EUR,https://www.morjas.com/product/the-tassel-loafer-rubber-sole-burgundy-calf,in stock
p3691-v5446-s,DE,340 EUR,https://www.morjas.com/product/the-belgian-unlined-beige-suede,in stock
p3690-v5445-s,DE,340 EUR,https://www.morjas.com/product/the-belgian-unlined-taupe-nubuck,in stock
p125-v1642-s,DE,320 EUR,https://www.morjas.com/product/the-belgian-black-suede,in stock
p1643-v3160-s,DE,320 EUR,https://www.morjas.com/product/the-belgian-black-deerskin,in stock
p1644-v3161-s,DE,320 EUR,https://www.morjas.com/product/the-belgian-brown-deerskin,in stock
p7766-v9534-s,DE,320 EUR,https://www.morjas.com/product/the-belgian-black-patent,in stock
p3428-v5110-s,DE,320 EUR,https://www.morjas.com/product/the-belgian-black-deerskin-rubber-sole,in stock
p3427-v5109-s,DE,320 EUR,https://www.morjas.com/product/the-belgian-brown-deerskin-rubber-sole,in stock
p3555-v5310-s,DE,320 EUR,https://www.morjas.com/product/the-belgian-black-suede-rubber-sole,in stock
p1638-v3155-s,DE,360 EUR,https://www.morjas.com/product/the-horsebit-loafer-black-calf,in stock
p1639-v3156-s,DE,360 EUR,https://www.morjas.com/product/the-horsebit-loafer-brown-suede,in stock
p7769-v9537-s,DE,360 EUR,https://www.morjas.com/product/the-horsebit-loafer-black-grain,in stock
p7770-v9538-s,DE,360 EUR,https://www.morjas.com/product/the-horsebit-loafer-brown-grain,in stock
p7773-v9541-s,DE,350 EUR,https://www.morjas.com/product/the-venetian-black-grain,in stock
p7774-v9542-s,DE,350 EUR,https://www.morjas.com/product/the-venetian-brown-grain,in stock
p7775-v9543-s,DE,350 EUR,https://www.morjas.com/product/the-venetian-brown-suede,in stock
p7776-v9544-s,DE,350 EUR,https://www.morjas.com/product/the-venetian-sand-suede,in stock
p7333-v9088-s,DE,370 EUR,https://www.morjas.com/product/the-full-strap-loafer-black-calf,in stock
p123-v1640-s,DE,320 EUR,https://www.morjas.com/product/the-opera-pump-black-patent,in stock
p3130-v4811-s,DE,150 EUR,https://www.morjas.com/product/the-espadrille-beige-suede,out of stock
p2453-v4065-s,DE,150 EUR,https://www.morjas.com/product/the-espadrille-all-black-suede,out of stock
p1648-v3165-s,DE,150 EUR,https://www.morjas.com/product/the-espadrille-taupe-suede,in stock
p783-v2300-s,DE,150 EUR,https://www.morjas.com/product/the-espadrille-navy-suede-1,in stock
p782-v2299-s,DE,150 EUR,https://www.morjas.com/product/the-espadrille-light-grey-suede,in stock
p1649-v3166-s,DE,140 EUR,https://www.morjas.com/product/the-espadrille-ivory-canvas,in stock
p7768-v9536-s,DE,150 EUR,https://www.morjas.com/product/the-espadrille-all-brown-suede,out of stock
p779-v2296-s,DE,150 EUR,https://www.morjas.com/product/the-espadrille-brown-suede,in stock
p3689-v5444-s,DE,300 EUR,https://www.morjas.com/product/the-boat-shoe-brown-grain,in stock
p3142-v4823-s,DE,300 EUR,https://www.morjas.com/product/the-boat-shoe-brown-suede,in stock
p3162-v4844-s,DE,300 EUR,https://www.morjas.com/product/the-boat-shoe-black-grain,in stock
p7782-v9564-s,DE,300 EUR,https://www.morjas.com/product/the-boat-shoe-sand-suede,in stock
p7783-v9565-s,DE,300 EUR,https://www.morjas.com/product/the-boat-shoe-brown-suede-and-brown-calf,in stock
p3141-v4822-s,DE,300 EUR,https://www.morjas.com/product/the-boat-shoe-black-suede-black,in stock
p7779-v9561-s,DE,180 EUR,https://www.morjas.com/product/the-deck-shoe-cream-canvas,in stock
p3685-v5440-s,DE,180 EUR,https://www.morjas.com/product/the-deck-shoe-navy-canvas,in stock
p7778-v9560-s,DE,180 EUR,https://www.morjas.com/product/the-deck-shoe-lavender-canvas,in stock
p7772-v9540-s,DE,200 EUR,https://www.morjas.com/product/the-plimsoll-cream-canvas,in stock
p3681-v5436-s,DE,200 EUR,https://www.morjas.com/product/the-plimsoll-taupe-nubuck,in stock
p7771-v9539-s,DE,200 EUR,https://www.morjas.com/product/the-plimsoll-olive-drab-canvas,in stock
p3682-v5437-s,DE,200 EUR,https://www.morjas.com/product/the-plimsoll-black-suede,in stock
p772-v2289-s,DE,240 EUR,https://www.morjas.com/product/the-sneaker-02-white-leather,in stock
p3678-v5433-s,DE,250 EUR,https://www.morjas.com/product/the-court-sneaker-off-white,in stock
p1659-v3176-s,DE,240 EUR,https://www.morjas.com/product/the-sneaker-02-all-dark-brown-suede,in stock
p2456-v4068-s,DE,240 EUR,https://www.morjas.com/product/the-sneaker-02-nougat-suede,in stock
p766-v2283-s,DE,240 EUR,https://www.morjas.com/product/the-sneaker-02-navy-suede,in stock
p3692-v5447-s,DE,240 EUR,https://www.morjas.com/product/the-sneaker-02-beige-suede,in stock
p7767-v9535-s,DE,250 EUR,https://www.morjas.com/product/the-court-sneaker-nougat-suede,in stock
p1660-v3177-s,DE,240 EUR,https://www.morjas.com/product/the-sneaker-02-all-black-suede,in stock
p3679-v5434-s,DE,250 EUR,https://www.morjas.com/product/the-court-sneaker-brown,in stock
p3680-v5435-s,DE,250 EUR,https://www.morjas.com/product/the-court-sneaker-black,in stock
p3675-v5430-s,DE,300 EUR,https://www.morjas.com/product/the-trainer-white,in stock
p3677-v5432-s,DE,300 EUR,https://www.morjas.com/product/the-trainer-navy-black,in stock
p3676-v5431-s,DE,300 EUR,https://www.morjas.com/product/the-trainer-taupe,in stock
p7802-v9584-s,DE,220 EUR,https://www.morjas.com/product/the-costa-sandal-black-grain,in stock
p7756-v9514-s,DE,380 EUR,https://www.morjas.com/product/the-camp-moc-mull-nubuck,in stock
p7755-v9513-s,DE,420 EUR,https://www.morjas.com/product/the-camp-moc-black-deerskin,out of stock
p11-v1533-s,DE,350 EUR,https://www.morjas.com/product/the-oxford-black-calf,in stock
p16-v1538-s,DE,350 EUR,https://www.morjas.com/product/the-oxford-black-patent,in stock
p13-v1535-s,DE,350 EUR,https://www.morjas.com/product/the-oxford-brown-calf,in stock
p12-v1534-s,DE,350 EUR,https://www.morjas.com/product/the-oxford-burgundy-calf,in stock
p14-v1536-s,DE,350 EUR,https://www.morjas.com/product/the-oxford-brown-suede,in stock
p789-v2306-s,DE,350 EUR,https://www.morjas.com/product/the-oxford-rubber-sole-black-calf,in stock
p1632-v3149-s,DE,350 EUR,https://www.morjas.com/product/the-oxford-rubber-sole-brown-calf,in stock
p1631-v3148-s,DE,350 EUR,https://www.morjas.com/product/the-oxford-rubber-sole-burgundy-calf,in stock
p1633-v3150-s,DE,350 EUR,https://www.morjas.com/product/the-oxford-rubber-sole-brown-suede,in stock
p803-v2320-s,DE,350 EUR,https://www.morjas.com/product/the-adelaide-black-calf,in stock
p2443-v4055-s,DE,350 EUR,https://www.morjas.com/product/the-adelaide-brown-calf,in stock
p1635-v3152-s,DE,350 EUR,https://www.morjas.com/product/the-adelaide-brown-suede,in stock
p3424-v5106-s,DE,370 EUR,https://www.morjas.com/product/the-split-toe-derby-brown-grain,in stock
p3425-v5107-s,DE,370 EUR,https://www.morjas.com/product/the-split-toe-derby-black-calf,in stock
p3660-v5415-s,DE,370 EUR,https://www.morjas.com/product/the-split-toe-derby-black-grain,in stock
p3423-v5105-s,DE,370 EUR,https://www.morjas.com/product/the-split-toe-derby-brown-suede,in stock
p7786-v9568-s,DE,370 EUR,https://www.morjas.com/product/the-split-toe-derby-polo-suede,in stock
p31-v1541-s,DE,370 EUR,https://www.morjas.com/product/the-derby-brown-calf,in stock
p29-v1539-s,DE,370 EUR,https://www.morjas.com/product/the-derby-black-calf,in stock
p32-v1542-s,DE,370 EUR,https://www.morjas.com/product/the-derby-brown-suede,in stock
p33-v1543-s,DE,370 EUR,https://www.morjas.com/product/the-derby-medium-brown-suede,in stock
p28-v1546-s,DE,370 EUR,https://www.morjas.com/product/the-derby-brown-grain,in stock
p30-v1540-s,DE,370 EUR,https://www.morjas.com/product/the-derby-burgundy-calf,in stock
p26-v1544-s,DE,370 EUR,https://www.morjas.com/product/the-derby-black-grain,in stock
p20-v1548-s,DE,370 EUR,https://www.morjas.com/product/the-plain-toe-blucher-black-calf,in stock
p7784-v9566-s,DE,370 EUR,https://www.morjas.com/product/the-plain-toe-blucher-beige-suede,in stock
p44-v1572-s,DE,350 EUR,https://www.morjas.com/product/the-double-monkstrap-black-calf,in stock
p45-v1574-s,DE,350 EUR,https://www.morjas.com/product/the-double-monkstrap-brown-calf,in stock
p49-v1567-s,DE,370 EUR,https://www.morjas.com/product/the-single-monkstrap-black-calf,in stock
p46-v1573-s,DE,350 EUR,https://www.morjas.com/product/the-double-monkstrap-burgundy-calf,in stock
p7787-v9569-s,DE,370 EUR,https://www.morjas.com/product/the-single-monkstrap-brown-suede,in stock
p47-v1575-s,DE,350 EUR,https://www.morjas.com/product/the-double-monkstrap-brown-suede,in stock
p54-v1562-s,DE,420 EUR,https://www.morjas.com/product/the-chelsea-black-calf,in stock
p57-v1565-s,DE,420 EUR,https://www.morjas.com/product/the-chelsea-brown-suede,in stock
p3426-v5108-s,DE,420 EUR,https://www.morjas.com/product/the-chelsea-black-suede,in stock
p56-v1564-s,DE,420 EUR,https://www.morjas.com/product/the-chelsea-brown-calf,in stock
p7757-v9515-s,DE,400 EUR,https://www.morjas.com/product/the-unlined-chukka-brown-suede,in stock
p63-v1561-s,DE,380 EUR,https://www.morjas.com/product/the-chukka-medium-brown-suede,in stock
p62-v1560-s,DE,380 EUR,https://www.morjas.com/product/the-chukka-brown-suede,in stock
p7733-v9488-s,DE,400 EUR,https://www.morjas.com/product/the-moc-toe-chukka-black-grain,in stock
p7732-v9487-s,DE,400 EUR,https://www.morjas.com/product/the-moc-toe-chukka-brown-suede-brown-grain,in stock
p77-v1594-s,DE,390 EUR,https://www.morjas.com/product/the-jumper-boot-black-grain,in stock
p78-v1595-s,DE,390 EUR,https://www.morjas.com/product/the-jumper-boot-brown-suede,in stock
p1684-v3212-s,DE,390 EUR,https://www.morjas.com/product/the-jumper-boot-brown-grain,in stock
p7726-v9481-s,DE,390 EUR,https://www.morjas.com/product/the-jumper-boot-black-calf,out of stock
p7745-v9500-s,DE,390 EUR,https://www.morjas.com/product/the-hybrid-hiker-black-leather,in stock
p3431-v5113-s,DE,380 EUR,https://www.morjas.com/product/the-hybrid-hiker-brown-nubuck,in stock
p3432-v5114-s,DE,380 EUR,https://www.morjas.com/product/the-hybrid-hiker-black-grain,in stock
p7731-v9486-s,DE,380 EUR,https://www.morjas.com/product/the-hybrid-hiker-taupe-suede,in stock
p3430-v5112-s,DE,380 EUR,https://www.morjas.com/product/the-hybrid-hiker-sand-suede,in stock
p7730-v9485-s,DE,390 EUR,https://www.morjas.com/product/the-hybrid-hiker-black-pony-hair,in stock
p1686-v3214-s,DE,440 EUR,https://www.morjas.com/product/the-hiking-boot-brown-grain,in stock
p813-v2330-s,DE,440 EUR,https://www.morjas.com/product/the-hiking-boot-black-grain,in stock
p3433-v5115-s,DE,440 EUR,https://www.morjas.com/product/the-hiking-boot-mudguard-edition,in stock
p7729-v9484-s,DE,440 EUR,https://www.morjas.com/product/the-hiking-boot-black-suede-mudguard,in stock
p1689-v3217-s,DE,450 EUR,https://www.morjas.com/product/the-alpine-boot-black-suede,in stock
p1690-v3218-s,DE,450 EUR,https://www.morjas.com/product/the-alpine-boot-brown-suede,in stock
p7728-v9483-s,DE,450 EUR,https://www.morjas.com/product/the-alpine-boot-black-grain,in stock
p7727-v9482-s,DE,450 EUR,https://www.morjas.com/product/the-alpine-boot-brown-grain,in stock
p7746-v9501-s,DE,450 EUR,https://www.morjas.com/product/the-country-boot-brown-nubuck-and-brown-grain,in stock
p1687-v3215-s,DE,390 EUR,https://www.morjas.com/product/the-monkey-boot-black-grain,in stock
p7337-v9092-s,DE,140 EUR,https://www.morjas.com/product/the-belt-black-suede,in stock
p7338-v9093-s,DE,150 EUR,https://www.morjas.com/product/the-belt-brown-pony-hair,in stock
p7339-v9094-s,DE,150 EUR,https://www.morjas.com/product/the-belt-black-pony-hair,in stock
p2460-v4072-s,DE,140 EUR,https://www.morjas.com/product/the-belt-sand-suede,in stock
p2461-v4073-s,DE,140 EUR,https://www.morjas.com/product/the-belt-taupe-suede,in stock
p7763-v9531-s,DE,140 EUR,https://www.morjas.com/product/the-belt-black-suede-wide-braided,in stock
p7764-v9532-s,DE,140 EUR,https://www.morjas.com/product/the-belt-brown-suede-wide-braided,in stock
p664-v2181-s,DE,140 EUR,https://www.morjas.com/product/the-belt-black-grain,in stock
p665-v2182-s,DE,140 EUR,https://www.morjas.com/product/the-belt-brown-grain,in stock
p760-v2277-s,DE,140 EUR,https://www.morjas.com/product/the-belt-brown-suede-1,in stock
p761-v2278-s,DE,140 EUR,https://www.morjas.com/product/the-belt-medium-brown-suede-1,in stock
p762-v2279-s,DE,140 EUR,https://www.morjas.com/product/the-belt-black-braided,in stock
p763-v2280-s,DE,140 EUR,https://www.morjas.com/product/the-belt-brown-braided,in stock
p3126-v4807-s,DE,140 EUR,https://www.morjas.com/product/the-belt-black-wide-braided,in stock
p3127-v4808-s,DE,140 EUR,https://www.morjas.com/product/the-belt-brown-wide-braided,in stock
p3418-v5100-s,DE,140 EUR,https://www.morjas.com/product/the-belt-black-calf-matte-gold-buckle,in stock
p666-v2183-s,DE,140 EUR,https://www.morjas.com/product/the-belt-black-embossed,in stock
p757-v2274-s,DE,140 EUR,https://www.morjas.com/product/the-belt-black-calf-1,in stock
p758-v2275-s,DE,140 EUR,https://www.morjas.com/product/the-belt-burgundy-calf-1,in stock
p759-v2276-s,DE,140 EUR,https://www.morjas.com/product/the-belt-brown-calf-1,in stock
p3419-v5101-s,DE,140 EUR,https://www.morjas.com/product/the-belt-black-grain-silver-buckle,in stock
p7765-v9533-s,DE,140 EUR,https://www.morjas.com/product/the-belt-mull-nubuck-silver-buckle,in stock
p7813-v9595-s,DE,140 EUR,https://www.morjas.com/product/the-belt-matte-gold-buckle-black-embossed,in stock
p7807-v9589-s,DE,140 EUR,https://www.morjas.com/product/the-belt-matte-gold-buckle-brown-calf,in stock
p7806-v9588-s,DE,140 EUR,https://www.morjas.com/product/the-belt-matte-gold-buckle-burgundy-calf,in stock
p7808-v9590-s,DE,140 EUR,https://www.morjas.com/product/the-belt-silver-buckle-black-suede,in stock
p7809-v9591-s,DE,140 EUR,https://www.morjas.com/product/the-belt-silver-buckle-brown-suede,in stock
p7810-v9592-s,DE,140 EUR,https://www.morjas.com/product/the-belt-silver-buckle-medium-brown-suede,in stock
p7811-v9593-s,DE,140 EUR,https://www.morjas.com/product/the-belt-silver-buckle-sand-suede,in stock
p7812-v9594-s,DE,140 EUR,https://www.morjas.com/product/the-belt-silver-buckle-taupe-suede,in stock
p7814-v9596-s,DE,140 EUR,https://www.morjas.com/product/the-belt-silver-buckle-brown-grain,in stock
p7759-v9527-s,DE,110 EUR,https://www.morjas.com/product/the-card-holder-truffle-grey-embossed,in stock
p7760-v9528-s,DE,130 EUR,https://www.morjas.com/product/the-foldable-card-holder-truffle-grey-embossed,in stock
p7761-v9529-s,DE,90 EUR,https://www.morjas.com/product/the-luggage-tag-truffle-grey-embossed,in stock
p7762-v9530-s,DE,130 EUR,https://www.morjas.com/product/the-passport-holder-truffle-grey-embossed,in stock
p2449-v4061-s,DE,200 EUR,https://www.morjas.com/product/the-sleeve-black-grain,in stock
p1697-v3225-s,DE,250 EUR,https://www.morjas.com/product/the-toiletry-bag-black-grain,in stock
p1693-v3221-s,DE,140 EUR,https://www.morjas.com/product/the-wallet-black-grain,out of stock
p1694-v3222-s,DE,140 EUR,https://www.morjas.com/product/the-wallet-brown-grain,out of stock
p3121-v4802-s,DE,40 EUR,https://www.morjas.com/product/the-silk-sock-black-knee-high,in stock
p1471-v2988-s,DE,20 EUR,https://www.morjas.com/product/the-sock-black-ribbed-knee-high,in stock
p1472-v2989-s,DE,20 EUR,https://www.morjas.com/product/the-sock-navy-ribbed-knee-high,in stock
p1473-v2990-s,DE,20 EUR,https://www.morjas.com/product/the-sock-brown-ribbed-knee-high,in stock
p1474-v2991-s,DE,20 EUR,https://www.morjas.com/product/the-sock-dark-grey-ribbed-ribbed-knee-high,in stock
p1475-v2992-s,DE,20 EUR,https://www.morjas.com/product/the-sock-mid-grey-ribbed-knee-high,in stock
p1621-v3138-s,DE,20 EUR,https://www.morjas.com/product/the-sock-sand-ribbed-knee-high,in stock
p3694-v5449-s,DE,20 EUR,https://www.morjas.com/product/the-sock-knee-high-light-blue-ribbed,in stock
p76-v1593-s,DE,20 EUR,https://www.morjas.com/product/the-sock-navy-ribbed-mid-calf,in stock
p1700-v3228-s,DE,20 EUR,https://www.morjas.com/product/the-sock-dark-grey-ribbed-mid-calf,in stock
p1701-v3229-s,DE,20 EUR,https://www.morjas.com/product/the-sock-mid-grey-ribbed-mid-calf,in stock
p75-v1592-s,DE,20 EUR,https://www.morjas.com/product/the-sock-black-ribbed-mid-calf,in stock
p1702-v3230-s,DE,20 EUR,https://www.morjas.com/product/the-sock-brown-ribbed-mid-calf,out of stock
p1703-v3231-s,DE,20 EUR,https://www.morjas.com/product/the-sock-sand-ribbed-mid-calf,in stock
p3693-v5448-s,DE,20 EUR,https://www.morjas.com/product/the-sock-mid-calf-off-white-ribbed,in stock
p3115-v4796-s,DE,20 EUR,https://www.morjas.com/product/the-wool-sock-navy-ribbed-mid-calf,out of stock
p3116-v4797-s,DE,20 EUR,https://www.morjas.com/product/the-wool-sock-mid-brown-ribbed-mid-calf,out of stock
p3117-v4798-s,DE,20 EUR,https://www.morjas.com/product/the-wool-sock-ecru-ribbed-mid-calf,out of stock
p3668-v5423-s,DE,350 EUR,https://www.morjas.com/product/women-the-ballet-flat-black-nappa,in stock
p3667-v5422-s,DE,350 EUR,https://www.morjas.com/product/women-the-ballet-flat-brown-nappa,in stock
p7716-v9471-s,DE,350 EUR,https://www.morjas.com/product/women-the-ballet-flat-black-suede,in stock
p7796-v9578-s,DE,350 EUR,https://www.morjas.com/product/women-the-ballet-flat-ruby-nappa,in stock
p3665-v5420-s,DE,350 EUR,https://www.morjas.com/product/women-the-ballet-flat-greige-suede,in stock
p3666-v5421-s,DE,350 EUR,https://www.morjas.com/product/women-the-ballet-flat-ivory-nappa,in stock
p7822-v9606-s,DE,350 EUR,https://www.morjas.com/product/women-the-ballet-flat-leather-sole-black-nappa,in stock
p7823-v9607-s,DE,350 EUR,https://www.morjas.com/product/women-the-ballet-flat-leather-sole-black-suede,in stock
p7800-v9582-s,DE,390 EUR,https://www.morjas.com/product/women-the-soft-moc-brown-grain,in stock
p7799-v9581-s,DE,390 EUR,https://www.morjas.com/product/women-the-soft-moc-black-grain,in stock
p7801-v9583-s,DE,390 EUR,https://www.morjas.com/product/women-the-soft-moc-brown-suede,in stock
p3672-v5427-s,DE,370 EUR,https://www.morjas.com/product/women-the-penny-loafer-black-calf,in stock
p7718-v9473-s,DE,370 EUR,https://www.morjas.com/product/women-the-penny-loafer-brown-suede,in stock
p3673-v5428-s,DE,370 EUR,https://www.morjas.com/product/women-the-penny-loafer-burgundy-calf,in stock
p3674-v5429-s,DE,370 EUR,https://www.morjas.com/product/women-the-penny-loafer-ivory-calf,in stock
p7717-v9472-s,DE,370 EUR,https://www.morjas.com/product/women-the-penny-loafer-black-suede,in stock
p3702-v5457-s,DE,280 EUR,https://www.morjas.com/product/women-the-paloma-sandal-tan-nappa,in stock
p3703-v5458-s,DE,280 EUR,https://www.morjas.com/product/women-the-paloma-sandal-black-nappa,in stock
p3704-v5459-s,DE,280 EUR,https://www.morjas.com/product/women-the-paloma-sandal-brown-nappa,in stock
p7788-v9570-s,DE,280 EUR,https://www.morjas.com/product/women-the-paloma-sandal-taupe-grain,in stock
p7723-v9478-s,DE,480 EUR,https://www.morjas.com/product/women-the-ankle-boot-brown-nappa,in stock
p7722-v9477-s,DE,480 EUR,https://www.morjas.com/product/women-the-ankle-boot-black-nappa,in stock
p7724-v9479-s,DE,480 EUR,https://www.morjas.com/product/women-the-ankle-boot-black-suede,in stock
p7725-v9480-s,DE,480 EUR,https://www.morjas.com/product/women-the-ankle-boot-brown-suede,in stock
p3698-v5453-s,DE,150 EUR,https://www.morjas.com/product/women-the-espadrille-beige-suede,in stock
p3697-v5452-s,DE,150 EUR,https://www.morjas.com/product/women-the-espadrille-taupe-suede,in stock
p3699-v5454-s,DE,150 EUR,https://www.morjas.com/product/women-the-espadrille-black-suede,in stock
p7790-v9572-s,DE,350 EUR,https://www.morjas.com/product/women-the-boat-shoe-brown-suede,in stock
p7789-v9571-s,DE,350 EUR,https://www.morjas.com/product/women-the-boat-shoe-black-grain,in stock
p3701-v5456-s,DE,350 EUR,https://www.morjas.com/product/women-the-boat-shoe-sand-suede,in stock
p3700-v5455-s,DE,350 EUR,https://www.morjas.com/product/women-the-boat-shoe-white-grain,in stock
p7820-v9602-s,DE,350 EUR,https://www.morjas.com/product/women-the-flat-slingback-black-embossed,in stock
p7791-v9573-s,DE,440 EUR,https://www.morjas.com/product/women-the-slingback-ivory-nappa,in stock
p3671-v5426-s,DE,440 EUR,https://www.morjas.com/product/women-the-slingback-black-nappa,in stock
p3669-v5424-s,DE,440 EUR,https://www.morjas.com/product/women-the-slingback-taupe-suede,in stock
p7749-v9507-s,DE,470 EUR,https://www.morjas.com/product/women-the-city-boot-black-calf,in stock
p7750-v9508-s,DE,470 EUR,https://www.morjas.com/product/women-the-city-boot-brown-calf,in stock
p7793-v9575-s,DE,460 EUR,https://www.morjas.com/product/women-the-dorsay-pump-brown-nappa,in stock
p7792-v9574-s,DE,460 EUR,https://www.morjas.com/product/women-the-dorsay-pump-black-nappa,in stock
p7748-v9506-s,DE,730 EUR,https://www.morjas.com/product/women-the-riding-boot-black-calf,in stock
p7818-v9600-s,DE,350 EUR,https://www.morjas.com/product/women-the-sandalette-brown-nappa,in stock
p7819-v9601-s,DE,350 EUR,https://www.morjas.com/product/women-the-sandalette-black-nappa,in stock
p7817-v9599-s,DE,350 EUR,https://www.morjas.com/product/women-the-sandalette-ivory-nappa,in stock
p7816-v9598-s,DE,300 EUR,https://www.morjas.com/product/women-the-verona-sandal-black-nappa,in stock
p7815-v9597-s,DE,300 EUR,https://www.morjas.com/product/women-the-verona-sandal-brown-suede,in stock
p7721-v9476-s,DE,420 EUR,https://www.morjas.com/product/women-the-pump-black-nappa,in stock
p7719-v9474-s,DE,420 EUR,https://www.morjas.com/product/women-the-pump-brown-suede,in stock
p7720-v9475-s,DE,420 EUR,https://www.morjas.com/product/women-the-pump-caramel-nappa,in stock
p7794-v9576-s,DE,490 EUR,https://www.morjas.com/product/women-the-stiletto-boot-black-nappa,in stock
p7795-v9577-s,DE,490 EUR,https://www.morjas.com/product/women-the-stiletto-boot-truffle-suede,in stock
p7752-v9510-s,DE,20 EUR,https://www.morjas.com/product/women-the-sock-black,in stock
p7751-v9509-s,DE,20 EUR,https://www.morjas.com/product/women-the-sock-brown,in stock
p3954-v5709-s,DE,20 EUR,https://www.morjas.com/product/women-the-sock-off-white,in stock
p7740-v9495-s,DE,140 EUR,https://www.morjas.com/product/women-the-belt-black-nappa-20-mm,in stock
p7798-v9580-s,DE,140 EUR,https://www.morjas.com/product/women-the-belt-tan-grain-20-mm,in stock
p7797-v9579-s,DE,140 EUR,https://www.morjas.com/product/women-the-belt-ivory-nappa-20-mm,in stock
p7742-v9497-s,DE,160 EUR,https://www.morjas.com/product/women-the-belt-black-nappa-40-mm,in stock
p7741-v9496-s,DE,160 EUR,https://www.morjas.com/product/women-the-belt-brown-nappa-40-mm,in stock
p7743-v9498-s,DE,160 EUR,https://www.morjas.com/product/women-the-belt-black-suede-50-mm,in stock
p7744-v9499-s,DE,160 EUR,https://www.morjas.com/product/women-the-belt-brown-suede-50-mm,in stock
p7821-v9605-s,DE,350 EUR,https://www.morjas.com/product/women-the-ballet-flat-leather-sole-brown-nappa,in stock
p3670-v5425-s,DE,440 EUR,https://www.morjas.com/product/women-the-slingback-dove-blue-suede,in stock
p7753-v9511-s,DE,550 EUR,https://www.morjas.com/product/women-the-chalet-boot-brown-pony-hair,in stock
p3953-v9504-s,DE,520 EUR,https://www.morjas.com/product/women-the-chalet-boot-brown-calf,in stock
p3952-v9503-s,DE,520 EUR,https://www.morjas.com/product/women-the-chalet-boot-black-calf,out of stock
p7825-v9609-s,AT,370 EUR,https://www.morjas.com/product/the-ivy-loafer-rubber-sole-black-suede,in stock
p764-v2281-s,AT,400 EUR,https://www.morjas.com/product/the-penny-loafer-brown-suede-unlined,in stock
p1627-v3144-s,AT,400 EUR,https://www.morjas.com/product/the-penny-loafer-medium-brown-suede-unlined,in stock
p3118-v4799-s,AT,400 EUR,https://www.morjas.com/product/the-penny-loafer-sand-suede-unlined,in stock
p5-v1519-s,AT,350 EUR,https://www.morjas.com/product/the-penny-loafer-black-calf,in stock
p38-v1522-s,AT,350 EUR,https://www.morjas.com/product/the-penny-loafer-brown-suede,in stock
p7-v1521-s,AT,350 EUR,https://www.morjas.com/product/the-penny-loafer-brown-calf,in stock
p2446-v4058-s,AT,350 EUR,https://www.morjas.com/product/the-penny-loafer-leather-sole-black-grain,in stock
p6-v1520-s,AT,350 EUR,https://www.morjas.com/product/the-penny-loafer-burgundy-calf,in stock
p39-v1523-s,AT,350 EUR,https://www.morjas.com/product/the-penny-loafer-medium-brown-suede,in stock
p2447-v4059-s,AT,350 EUR,https://www.morjas.com/product/the-penny-loafer-leather-sole-brown-grain,in stock
p3120-v4801-s,AT,350 EUR,https://www.morjas.com/product/the-penny-loafer-black-suede-leather-sole,in stock
p1637-v3154-s,AT,350 EUR,https://www.morjas.com/product/the-penny-loafer-black-grain-black-suede,in stock
p3152-v4834-s,AT,350 EUR,https://www.morjas.com/product/the-penny-loafer-black-grain-navy-suede,in stock
p786-v2303-s,AT,350 EUR,https://www.morjas.com/product/the-penny-loafer-rubber-sole-black-calf,in stock
p785-v2302-s,AT,350 EUR,https://www.morjas.com/product/the-penny-loafer-rubber-sole-brown-suede,in stock
p2-v1524-s,AT,350 EUR,https://www.morjas.com/product/the-penny-loafer-black-grain,in stock
p1629-v3146-s,AT,350 EUR,https://www.morjas.com/product/the-penny-loafer-rubber-sole-brown-calf,in stock
p1630-v3147-s,AT,350 EUR,https://www.morjas.com/product/the-penny-loafer-rubber-sole-medium-brown-suede,in stock
p4-v1526-s,AT,350 EUR,https://www.morjas.com/product/the-penny-loafer-brown-grain,in stock
p1628-v3145-s,AT,350 EUR,https://www.morjas.com/product/the-penny-loafer-rubber-sole-burgundy-calf,in stock
p3122-v4803-s,AT,370 EUR,https://www.morjas.com/product/the-ivy-loafer-black-calf,in stock
p3124-v4805-s,AT,370 EUR,https://www.morjas.com/product/the-ivy-loafer-brown-suede,in stock
p7336-v9091-s,AT,370 EUR,https://www.morjas.com/product/the-ivy-loafer-black-grain,in stock
p3123-v4804-s,AT,370 EUR,https://www.morjas.com/product/the-ivy-loafer-burgundy-calf,in stock
p7803-v9585-s,AT,370 EUR,https://www.morjas.com/product/the-ivy-loafer-brown-grain,in stock
p7335-v9090-s,AT,370 EUR,https://www.morjas.com/product/the-ivy-loafer-black-suede,in stock
p3420-v5102-s,AT,370 EUR,https://www.morjas.com/product/the-ivy-loafer-black-calf-rubber-sole,in stock
p3422-v5104-s,AT,370 EUR,https://www.morjas.com/product/the-ivy-loafer-brown-suede-rubber-sole,in stock
p7805-v9587-s,AT,370 EUR,https://www.morjas.com/product/the-ivy-loafer-rubber-sole-black-grain,in stock
p3421-v5103-s,AT,370 EUR,https://www.morjas.com/product/the-ivy-loafer-burgundy-calf-rubber-sole,in stock
p7777-v9559-s,AT,370 EUR,https://www.morjas.com/product/the-ivy-loafer-rubber-sole-brown-grain,in stock
p35-v1527-s,AT,350 EUR,https://www.morjas.com/product/the-tassel-loafer-black-calf,in stock
p9-v1530-s,AT,350 EUR,https://www.morjas.com/product/the-tassel-loafer-brown-suede,in stock
p37-v1529-s,AT,350 EUR,https://www.morjas.com/product/the-tassel-loafer-brown-calf,in stock
p10-v1531-s,AT,350 EUR,https://www.morjas.com/product/the-tassel-loafer-medium-brown-suede,in stock
p36-v1528-s,AT,350 EUR,https://www.morjas.com/product/the-tassel-loafer-burgundy-calf,in stock
p788-v2305-s,AT,350 EUR,https://www.morjas.com/product/the-tassel-loafer-rubber-sole-black-calf,in stock
p787-v2304-s,AT,350 EUR,https://www.morjas.com/product/the-tassel-loafer-rubber-sole-brown-suede,in stock
p1624-v3141-s,AT,350 EUR,https://www.morjas.com/product/the-tassel-loafer-rubber-sole-brown-calf,in stock
p1625-v3142-s,AT,350 EUR,https://www.morjas.com/product/the-tassel-loafer-rubber-sole-medium-brown-suede,in stock
p1623-v3140-s,AT,350 EUR,https://www.morjas.com/product/the-tassel-loafer-rubber-sole-burgundy-calf,in stock
p3691-v5446-s,AT,340 EUR,https://www.morjas.com/product/the-belgian-unlined-beige-suede,in stock
p3690-v5445-s,AT,340 EUR,https://www.morjas.com/product/the-belgian-unlined-taupe-nubuck,in stock
p125-v1642-s,AT,320 EUR,https://www.morjas.com/product/the-belgian-black-suede,in stock
p1643-v3160-s,AT,320 EUR,https://www.morjas.com/product/the-belgian-black-deerskin,in stock
p1644-v3161-s,AT,320 EUR,https://www.morjas.com/product/the-belgian-brown-deerskin,in stock
p7766-v9534-s,AT,320 EUR,https://www.morjas.com/product/the-belgian-black-patent,in stock
p3428-v5110-s,AT,320 EUR,https://www.morjas.com/product/the-belgian-black-deerskin-rubber-sole,in stock
p3427-v5109-s,AT,320 EUR,https://www.morjas.com/product/the-belgian-brown-deerskin-rubber-sole,in stock
p3555-v5310-s,AT,320 EUR,https://www.morjas.com/product/the-belgian-black-suede-rubber-sole,in stock
p1638-v3155-s,AT,360 EUR,https://www.morjas.com/product/the-horsebit-loafer-black-calf,in stock
p1639-v3156-s,AT,360 EUR,https://www.morjas.com/product/the-horsebit-loafer-brown-suede,in stock
p7769-v9537-s,AT,360 EUR,https://www.morjas.com/product/the-horsebit-loafer-black-grain,in stock
p7770-v9538-s,AT,360 EUR,https://www.morjas.com/product/the-horsebit-loafer-brown-grain,in stock
p7773-v9541-s,AT,350 EUR,https://www.morjas.com/product/the-venetian-black-grain,in stock
p7774-v9542-s,AT,350 EUR,https://www.morjas.com/product/the-venetian-brown-grain,in stock
p7775-v9543-s,AT,350 EUR,https://www.morjas.com/product/the-venetian-brown-suede,in stock
p7776-v9544-s,AT,350 EUR,https://www.morjas.com/product/the-venetian-sand-suede,in stock
p7333-v9088-s,AT,370 EUR,https://www.morjas.com/product/the-full-strap-loafer-black-calf,in stock
p123-v1640-s,AT,320 EUR,https://www.morjas.com/product/the-opera-pump-black-patent,in stock
p3130-v4811-s,AT,150 EUR,https://www.morjas.com/product/the-espadrille-beige-suede,out of stock
p2453-v4065-s,AT,150 EUR,https://www.morjas.com/product/the-espadrille-all-black-suede,out of stock
p1648-v3165-s,AT,150 EUR,https://www.morjas.com/product/the-espadrille-taupe-suede,in stock
p783-v2300-s,AT,150 EUR,https://www.morjas.com/product/the-espadrille-navy-suede-1,in stock
p782-v2299-s,AT,150 EUR,https://www.morjas.com/product/the-espadrille-light-grey-suede,in stock
p1649-v3166-s,AT,140 EUR,https://www.morjas.com/product/the-espadrille-ivory-canvas,in stock
p7768-v9536-s,AT,150 EUR,https://www.morjas.com/product/the-espadrille-all-brown-suede,out of stock
p779-v2296-s,AT,150 EUR,https://www.morjas.com/product/the-espadrille-brown-suede,in stock
p3689-v5444-s,AT,300 EUR,https://www.morjas.com/product/the-boat-shoe-brown-grain,in stock
p3142-v4823-s,AT,300 EUR,https://www.morjas.com/product/the-boat-shoe-brown-suede,in stock
p3162-v4844-s,AT,300 EUR,https://www.morjas.com/product/the-boat-shoe-black-grain,in stock
p7782-v9564-s,AT,300 EUR,https://www.morjas.com/product/the-boat-shoe-sand-suede,in stock
p7783-v9565-s,AT,300 EUR,https://www.morjas.com/product/the-boat-shoe-brown-suede-and-brown-calf,in stock
p3141-v4822-s,AT,300 EUR,https://www.morjas.com/product/the-boat-shoe-black-suede-black,in stock
p7779-v9561-s,AT,180 EUR,https://www.morjas.com/product/the-deck-shoe-cream-canvas,in stock
p3685-v5440-s,AT,180 EUR,https://www.morjas.com/product/the-deck-shoe-navy-canvas,in stock
p7778-v9560-s,AT,180 EUR,https://www.morjas.com/product/the-deck-shoe-lavender-canvas,in stock
p7772-v9540-s,AT,200 EUR,https://www.morjas.com/product/the-plimsoll-cream-canvas,in stock
p3681-v5436-s,AT,200 EUR,https://www.morjas.com/product/the-plimsoll-taupe-nubuck,in stock
p7771-v9539-s,AT,200 EUR,https://www.morjas.com/product/the-plimsoll-olive-drab-canvas,in stock
p3682-v5437-s,AT,200 EUR,https://www.morjas.com/product/the-plimsoll-black-suede,in stock
p772-v2289-s,AT,240 EUR,https://www.morjas.com/product/the-sneaker-02-white-leather,in stock
p3678-v5433-s,AT,250 EUR,https://www.morjas.com/product/the-court-sneaker-off-white,in stock
p1659-v3176-s,AT,240 EUR,https://www.morjas.com/product/the-sneaker-02-all-dark-brown-suede,in stock
p2456-v4068-s,AT,240 EUR,https://www.morjas.com/product/the-sneaker-02-nougat-suede,in stock
p766-v2283-s,AT,240 EUR,https://www.morjas.com/product/the-sneaker-02-navy-suede,in stock
p3692-v5447-s,AT,240 EUR,https://www.morjas.com/product/the-sneaker-02-beige-suede,in stock
p7767-v9535-s,AT,250 EUR,https://www.morjas.com/product/the-court-sneaker-nougat-suede,in stock
p1660-v3177-s,AT,240 EUR,https://www.morjas.com/product/the-sneaker-02-all-black-suede,in stock
p3679-v5434-s,AT,250 EUR,https://www.morjas.com/product/the-court-sneaker-brown,in stock
p3680-v5435-s,AT,250 EUR,https://www.morjas.com/product/the-court-sneaker-black,in stock
p3675-v5430-s,AT,300 EUR,https://www.morjas.com/product/the-trainer-white,in stock
p3677-v5432-s,AT,300 EUR,https://www.morjas.com/product/the-trainer-navy-black,in stock
p3676-v5431-s,AT,300 EUR,https://www.morjas.com/product/the-trainer-taupe,in stock
p7802-v9584-s,AT,220 EUR,https://www.morjas.com/product/the-costa-sandal-black-grain,in stock
p7756-v9514-s,AT,380 EUR,https://www.morjas.com/product/the-camp-moc-mull-nubuck,in stock
p7755-v9513-s,AT,420 EUR,https://www.morjas.com/product/the-camp-moc-black-deerskin,out of stock
p11-v1533-s,AT,350 EUR,https://www.morjas.com/product/the-oxford-black-calf,in stock
p16-v1538-s,AT,350 EUR,https://www.morjas.com/product/the-oxford-black-patent,in stock
p13-v1535-s,AT,350 EUR,https://www.morjas.com/product/the-oxford-brown-calf,in stock
p12-v1534-s,AT,350 EUR,https://www.morjas.com/product/the-oxford-burgundy-calf,in stock
p14-v1536-s,AT,350 EUR,https://www.morjas.com/product/the-oxford-brown-suede,in stock
p789-v2306-s,AT,350 EUR,https://www.morjas.com/product/the-oxford-rubber-sole-black-calf,in stock
p1632-v3149-s,AT,350 EUR,https://www.morjas.com/product/the-oxford-rubber-sole-brown-calf,in stock
p1631-v3148-s,AT,350 EUR,https://www.morjas.com/product/the-oxford-rubber-sole-burgundy-calf,in stock
p1633-v3150-s,AT,350 EUR,https://www.morjas.com/product/the-oxford-rubber-sole-brown-suede,in stock
p803-v2320-s,AT,350 EUR,https://www.morjas.com/product/the-adelaide-black-calf,in stock
p2443-v4055-s,AT,350 EUR,https://www.morjas.com/product/the-adelaide-brown-calf,in stock
p1635-v3152-s,AT,350 EUR,https://www.morjas.com/product/the-adelaide-brown-suede,in stock
p3424-v5106-s,AT,370 EUR,https://www.morjas.com/product/the-split-toe-derby-brown-grain,in stock
p3425-v5107-s,AT,370 EUR,https://www.morjas.com/product/the-split-toe-derby-black-calf,in stock
p3660-v5415-s,AT,370 EUR,https://www.morjas.com/product/the-split-toe-derby-black-grain,in stock
p3423-v5105-s,AT,370 EUR,https://www.morjas.com/product/the-split-toe-derby-brown-suede,in stock
p7786-v9568-s,AT,370 EUR,https://www.morjas.com/product/the-split-toe-derby-polo-suede,in stock
p31-v1541-s,AT,370 EUR,https://www.morjas.com/product/the-derby-brown-calf,in stock
p29-v1539-s,AT,370 EUR,https://www.morjas.com/product/the-derby-black-calf,in stock
p32-v1542-s,AT,370 EUR,https://www.morjas.com/product/the-derby-brown-suede,in stock
p33-v1543-s,AT,370 EUR,https://www.morjas.com/product/the-derby-medium-brown-suede,in stock
p28-v1546-s,AT,370 EUR,https://www.morjas.com/product/the-derby-brown-grain,in stock
p30-v1540-s,AT,370 EUR,https://www.morjas.com/product/the-derby-burgundy-calf,in stock
p26-v1544-s,AT,370 EUR,https://www.morjas.com/product/the-derby-black-grain,in stock
p20-v1548-s,AT,370 EUR,https://www.morjas.com/product/the-plain-toe-blucher-black-calf,in stock
p7784-v9566-s,AT,370 EUR,https://www.morjas.com/product/the-plain-toe-blucher-beige-suede,in stock
p44-v1572-s,AT,350 EUR,https://www.morjas.com/product/the-double-monkstrap-black-calf,in stock
p45-v1574-s,AT,350 EUR,https://www.morjas.com/product/the-double-monkstrap-brown-calf,in stock
p49-v1567-s,AT,370 EUR,https://www.morjas.com/product/the-single-monkstrap-black-calf,in stock
p46-v1573-s,AT,350 EUR,https://www.morjas.com/product/the-double-monkstrap-burgundy-calf,in stock
p7787-v9569-s,AT,370 EUR,https://www.morjas.com/product/the-single-monkstrap-brown-suede,in stock
p47-v1575-s,AT,350 EUR,https://www.morjas.com/product/the-double-monkstrap-brown-suede,in stock
p54-v1562-s,AT,420 EUR,https://www.morjas.com/product/the-chelsea-black-calf,in stock
p57-v1565-s,AT,420 EUR,https://www.morjas.com/product/the-chelsea-brown-suede,in stock
p3426-v5108-s,AT,420 EUR,https://www.morjas.com/product/the-chelsea-black-suede,in stock
p56-v1564-s,AT,420 EUR,https://www.morjas.com/product/the-chelsea-brown-calf,in stock
p7757-v9515-s,AT,400 EUR,https://www.morjas.com/product/the-unlined-chukka-brown-suede,in stock
p63-v1561-s,AT,380 EUR,https://www.morjas.com/product/the-chukka-medium-brown-suede,in stock
p62-v1560-s,AT,380 EUR,https://www.morjas.com/product/the-chukka-brown-suede,in stock
p7733-v9488-s,AT,400 EUR,https://www.morjas.com/product/the-moc-toe-chukka-black-grain,in stock
p7732-v9487-s,AT,400 EUR,https://www.morjas.com/product/the-moc-toe-chukka-brown-suede-brown-grain,in stock
p77-v1594-s,AT,390 EUR,https://www.morjas.com/product/the-jumper-boot-black-grain,in stock
p78-v1595-s,AT,390 EUR,https://www.morjas.com/product/the-jumper-boot-brown-suede,in stock
p1684-v3212-s,AT,390 EUR,https://www.morjas.com/product/the-jumper-boot-brown-grain,in stock
p7726-v9481-s,AT,390 EUR,https://www.morjas.com/product/the-jumper-boot-black-calf,out of stock
p7745-v9500-s,AT,390 EUR,https://www.morjas.com/product/the-hybrid-hiker-black-leather,in stock
p3431-v5113-s,AT,380 EUR,https://www.morjas.com/product/the-hybrid-hiker-brown-nubuck,in stock
p3432-v5114-s,AT,380 EUR,https://www.morjas.com/product/the-hybrid-hiker-black-grain,in stock
p7731-v9486-s,AT,380 EUR,https://www.morjas.com/product/the-hybrid-hiker-taupe-suede,in stock
p3430-v5112-s,AT,380 EUR,https://www.morjas.com/product/the-hybrid-hiker-sand-suede,in stock
p7730-v9485-s,AT,390 EUR,https://www.morjas.com/product/the-hybrid-hiker-black-pony-hair,in stock
p1686-v3214-s,AT,440 EUR,https://www.morjas.com/product/the-hiking-boot-brown-grain,in stock
p813-v2330-s,AT,440 EUR,https://www.morjas.com/product/the-hiking-boot-black-grain,in stock
p3433-v5115-s,AT,440 EUR,https://www.morjas.com/product/the-hiking-boot-mudguard-edition,in stock
p7729-v9484-s,AT,440 EUR,https://www.morjas.com/product/the-hiking-boot-black-suede-mudguard,in stock
p1689-v3217-s,AT,450 EUR,https://www.morjas.com/product/the-alpine-boot-black-suede,in stock
p1690-v3218-s,AT,450 EUR,https://www.morjas.com/product/the-alpine-boot-brown-suede,in stock
p7728-v9483-s,AT,450 EUR,https://www.morjas.com/product/the-alpine-boot-black-grain,in stock
p7727-v9482-s,AT,450 EUR,https://www.morjas.com/product/the-alpine-boot-brown-grain,in stock
p7746-v9501-s,AT,450 EUR,https://www.morjas.com/product/the-country-boot-brown-nubuck-and-brown-grain,in stock
p1687-v3215-s,AT,390 EUR,https://www.morjas.com/product/the-monkey-boot-black-grain,in stock
p7337-v9092-s,AT,140 EUR,https://www.morjas.com/product/the-belt-black-suede,in stock
p7338-v9093-s,AT,150 EUR,https://www.morjas.com/product/the-belt-brown-pony-hair,in stock
p7339-v9094-s,AT,150 EUR,https://www.morjas.com/product/the-belt-black-pony-hair,in stock
p2460-v4072-s,AT,140 EUR,https://www.morjas.com/product/the-belt-sand-suede,in stock
p2461-v4073-s,AT,140 EUR,https://www.morjas.com/product/the-belt-taupe-suede,in stock
p7763-v9531-s,AT,140 EUR,https://www.morjas.com/product/the-belt-black-suede-wide-braided,in stock
p7764-v9532-s,AT,140 EUR,https://www.morjas.com/product/the-belt-brown-suede-wide-braided,in stock
p664-v2181-s,AT,140 EUR,https://www.morjas.com/product/the-belt-black-grain,in stock
p665-v2182-s,AT,140 EUR,https://www.morjas.com/product/the-belt-brown-grain,in stock
p760-v2277-s,AT,140 EUR,https://www.morjas.com/product/the-belt-brown-suede-1,in stock
p761-v2278-s,AT,140 EUR,https://www.morjas.com/product/the-belt-medium-brown-suede-1,in stock
p762-v2279-s,AT,140 EUR,https://www.morjas.com/product/the-belt-black-braided,in stock
p763-v2280-s,AT,140 EUR,https://www.morjas.com/product/the-belt-brown-braided,in stock
p3126-v4807-s,AT,140 EUR,https://www.morjas.com/product/the-belt-black-wide-braided,in stock
p3127-v4808-s,AT,140 EUR,https://www.morjas.com/product/the-belt-brown-wide-braided,in stock
p3418-v5100-s,AT,140 EUR,https://www.morjas.com/product/the-belt-black-calf-matte-gold-buckle,in stock
p666-v2183-s,AT,140 EUR,https://www.morjas.com/product/the-belt-black-embossed,in stock
p757-v2274-s,AT,140 EUR,https://www.morjas.com/product/the-belt-black-calf-1,in stock
p758-v2275-s,AT,140 EUR,https://www.morjas.com/product/the-belt-burgundy-calf-1,in stock
p759-v2276-s,AT,140 EUR,https://www.morjas.com/product/the-belt-brown-calf-1,in stock
p3419-v5101-s,AT,140 EUR,https://www.morjas.com/product/the-belt-black-grain-silver-buckle,in stock
p7765-v9533-s,AT,140 EUR,https://www.morjas.com/product/the-belt-mull-nubuck-silver-buckle,in stock
p7813-v9595-s,AT,140 EUR,https://www.morjas.com/product/the-belt-matte-gold-buckle-black-embossed,in stock
p7807-v9589-s,AT,140 EUR,https://www.morjas.com/product/the-belt-matte-gold-buckle-brown-calf,in stock
p7806-v9588-s,AT,140 EUR,https://www.morjas.com/product/the-belt-matte-gold-buckle-burgundy-calf,in stock
p7808-v9590-s,AT,140 EUR,https://www.morjas.com/product/the-belt-silver-buckle-black-suede,in stock
p7809-v9591-s,AT,140 EUR,https://www.morjas.com/product/the-belt-silver-buckle-brown-suede,in stock
p7810-v9592-s,AT,140 EUR,https://www.morjas.com/product/the-belt-silver-buckle-medium-brown-suede,in stock
p7811-v9593-s,AT,140 EUR,https://www.morjas.com/product/the-belt-silver-buckle-sand-suede,in stock
p7812-v9594-s,AT,140 EUR,https://www.morjas.com/product/the-belt-silver-buckle-taupe-suede,in stock
p7814-v9596-s,AT,140 EUR,https://www.morjas.com/product/the-belt-silver-buckle-brown-grain,in stock
p7759-v9527-s,AT,110 EUR,https://www.morjas.com/product/the-card-holder-truffle-grey-embossed,in stock
p7760-v9528-s,AT,130 EUR,https://www.morjas.com/product/the-foldable-card-holder-truffle-grey-embossed,in stock
p7761-v9529-s,AT,90 EUR,https://www.morjas.com/product/the-luggage-tag-truffle-grey-embossed,in stock
p7762-v9530-s,AT,130 EUR,https://www.morjas.com/product/the-passport-holder-truffle-grey-embossed,in stock
p2449-v4061-s,AT,200 EUR,https://www.morjas.com/product/the-sleeve-black-grain,in stock
p1697-v3225-s,AT,250 EUR,https://www.morjas.com/product/the-toiletry-bag-black-grain,in stock
p1693-v3221-s,AT,140 EUR,https://www.morjas.com/product/the-wallet-black-grain,out of stock
p1694-v3222-s,AT,140 EUR,https://www.morjas.com/product/the-wallet-brown-grain,out of stock
p3121-v4802-s,AT,40 EUR,https://www.morjas.com/product/the-silk-sock-black-knee-high,in stock
p1471-v2988-s,AT,20 EUR,https://www.morjas.com/product/the-sock-black-ribbed-knee-high,in stock
p1472-v2989-s,AT,20 EUR,https://www.morjas.com/product/the-sock-navy-ribbed-knee-high,in stock
p1473-v2990-s,AT,20 EUR,https://www.morjas.com/product/the-sock-brown-ribbed-knee-high,in stock
p1474-v2991-s,AT,20 EUR,https://www.morjas.com/product/the-sock-dark-grey-ribbed-ribbed-knee-high,in stock
p1475-v2992-s,AT,20 EUR,https://www.morjas.com/product/the-sock-mid-grey-ribbed-knee-high,in stock
p1621-v3138-s,AT,20 EUR,https://www.morjas.com/product/the-sock-sand-ribbed-knee-high,in stock
p3694-v5449-s,AT,20 EUR,https://www.morjas.com/product/the-sock-knee-high-light-blue-ribbed,in stock
p76-v1593-s,AT,20 EUR,https://www.morjas.com/product/the-sock-navy-ribbed-mid-calf,in stock
p1700-v3228-s,AT,20 EUR,https://www.morjas.com/product/the-sock-dark-grey-ribbed-mid-calf,in stock
p1701-v3229-s,AT,20 EUR,https://www.morjas.com/product/the-sock-mid-grey-ribbed-mid-calf,in stock
p75-v1592-s,AT,20 EUR,https://www.morjas.com/product/the-sock-black-ribbed-mid-calf,in stock
p1702-v3230-s,AT,20 EUR,https://www.morjas.com/product/the-sock-brown-ribbed-mid-calf,out of stock
p1703-v3231-s,AT,20 EUR,https://www.morjas.com/product/the-sock-sand-ribbed-mid-calf,in stock
p3693-v5448-s,AT,20 EUR,https://www.morjas.com/product/the-sock-mid-calf-off-white-ribbed,in stock
p3115-v4796-s,AT,20 EUR,https://www.morjas.com/product/the-wool-sock-navy-ribbed-mid-calf,out of stock
p3116-v4797-s,AT,20 EUR,https://www.morjas.com/product/the-wool-sock-mid-brown-ribbed-mid-calf,out of stock
p3117-v4798-s,AT,20 EUR,https://www.morjas.com/product/the-wool-sock-ecru-ribbed-mid-calf,out of stock
p3668-v5423-s,AT,350 EUR,https://www.morjas.com/product/women-the-ballet-flat-black-nappa,in stock
p3667-v5422-s,AT,350 EUR,https://www.morjas.com/product/women-the-ballet-flat-brown-nappa,in stock
p7716-v9471-s,AT,350 EUR,https://www.morjas.com/product/women-the-ballet-flat-black-suede,in stock
p7796-v9578-s,AT,350 EUR,https://www.morjas.com/product/women-the-ballet-flat-ruby-nappa,in stock
p3665-v5420-s,AT,350 EUR,https://www.morjas.com/product/women-the-ballet-flat-greige-suede,in stock
p3666-v5421-s,AT,350 EUR,https://www.morjas.com/product/women-the-ballet-flat-ivory-nappa,in stock
p7822-v9606-s,AT,350 EUR,https://www.morjas.com/product/women-the-ballet-flat-leather-sole-black-nappa,in stock
p7823-v9607-s,AT,350 EUR,https://www.morjas.com/product/women-the-ballet-flat-leather-sole-black-suede,in stock
p7800-v9582-s,AT,390 EUR,https://www.morjas.com/product/women-the-soft-moc-brown-grain,in stock
p7799-v9581-s,AT,390 EUR,https://www.morjas.com/product/women-the-soft-moc-black-grain,in stock
p7801-v9583-s,AT,390 EUR,https://www.morjas.com/product/women-the-soft-moc-brown-suede,in stock
p3672-v5427-s,AT,370 EUR,https://www.morjas.com/product/women-the-penny-loafer-black-calf,in stock
p7718-v9473-s,AT,370 EUR,https://www.morjas.com/product/women-the-penny-loafer-brown-suede,in stock
p3673-v5428-s,AT,370 EUR,https://www.morjas.com/product/women-the-penny-loafer-burgundy-calf,in stock
p3674-v5429-s,AT,370 EUR,https://www.morjas.com/product/women-the-penny-loafer-ivory-calf,in stock
p7717-v9472-s,AT,370 EUR,https://www.morjas.com/product/women-the-penny-loafer-black-suede,in stock
p3702-v5457-s,AT,280 EUR,https://www.morjas.com/product/women-the-paloma-sandal-tan-nappa,in stock
p3703-v5458-s,AT,280 EUR,https://www.morjas.com/product/women-the-paloma-sandal-black-nappa,in stock
p3704-v5459-s,AT,280 EUR,https://www.morjas.com/product/women-the-paloma-sandal-brown-nappa,in stock
p7788-v9570-s,AT,280 EUR,https://www.morjas.com/product/women-the-paloma-sandal-taupe-grain,in stock
p7723-v9478-s,AT,480 EUR,https://www.morjas.com/product/women-the-ankle-boot-brown-nappa,in stock
p7722-v9477-s,AT,480 EUR,https://www.morjas.com/product/women-the-ankle-boot-black-nappa,in stock
p7724-v9479-s,AT,480 EUR,https://www.morjas.com/product/women-the-ankle-boot-black-suede,in stock
p7725-v9480-s,AT,480 EUR,https://www.morjas.com/product/women-the-ankle-boot-brown-suede,in stock
p3698-v5453-s,AT,150 EUR,https://www.morjas.com/product/women-the-espadrille-beige-suede,in stock
p3697-v5452-s,AT,150 EUR,https://www.morjas.com/product/women-the-espadrille-taupe-suede,in stock
p3699-v5454-s,AT,150 EUR,https://www.morjas.com/product/women-the-espadrille-black-suede,in stock
p7790-v9572-s,AT,350 EUR,https://www.morjas.com/product/women-the-boat-shoe-brown-suede,in stock
p7789-v9571-s,AT,350 EUR,https://www.morjas.com/product/women-the-boat-shoe-black-grain,in stock
p3701-v5456-s,AT,350 EUR,https://www.morjas.com/product/women-the-boat-shoe-sand-suede,in stock
p3700-v5455-s,AT,350 EUR,https://www.morjas.com/product/women-the-boat-shoe-white-grain,in stock
p7820-v9602-s,AT,350 EUR,https://www.morjas.com/product/women-the-flat-slingback-black-embossed,in stock
p7791-v9573-s,AT,440 EUR,https://www.morjas.com/product/women-the-slingback-ivory-nappa,in stock
p3671-v5426-s,AT,440 EUR,https://www.morjas.com/product/women-the-slingback-black-nappa,in stock
p3669-v5424-s,AT,440 EUR,https://www.morjas.com/product/women-the-slingback-taupe-suede,in stock
p7749-v9507-s,AT,470 EUR,https://www.morjas.com/product/women-the-city-boot-black-calf,in stock
p7750-v9508-s,AT,470 EUR,https://www.morjas.com/product/women-the-city-boot-brown-calf,in stock
p7793-v9575-s,AT,460 EUR,https://www.morjas.com/product/women-the-dorsay-pump-brown-nappa,in stock
p7792-v9574-s,AT,460 EUR,https://www.morjas.com/product/women-the-dorsay-pump-black-nappa,in stock
p7748-v9506-s,AT,730 EUR,https://www.morjas.com/product/women-the-riding-boot-black-calf,in stock
p7818-v9600-s,AT,350 EUR,https://www.morjas.com/product/women-the-sandalette-brown-nappa,in stock
p7819-v9601-s,AT,350 EUR,https://www.morjas.com/product/women-the-sandalette-black-nappa,in stock
p7817-v9599-s,AT,350 EUR,https://www.morjas.com/product/women-the-sandalette-ivory-nappa,in stock
p7816-v9598-s,AT,300 EUR,https://www.morjas.com/product/women-the-verona-sandal-black-nappa,in stock
p7815-v9597-s,AT,300 EUR,https://www.morjas.com/product/women-the-verona-sandal-brown-suede,in stock
p7721-v9476-s,AT,420 EUR,https://www.morjas.com/product/women-the-pump-black-nappa,in stock
p7719-v9474-s,AT,420 EUR,https://www.morjas.com/product/women-the-pump-brown-suede,in stock
p7720-v9475-s,AT,420 EUR,https://www.morjas.com/product/women-the-pump-caramel-nappa,in stock
p7794-v9576-s,AT,490 EUR,https://www.morjas.com/product/women-the-stiletto-boot-black-nappa,in stock
p7795-v9577-s,AT,490 EUR,https://www.morjas.com/product/women-the-stiletto-boot-truffle-suede,in stock
p7752-v9510-s,AT,20 EUR,https://www.morjas.com/product/women-the-sock-black,in stock
p7751-v9509-s,AT,20 EUR,https://www.morjas.com/product/women-the-sock-brown,in stock
p3954-v5709-s,AT,20 EUR,https://www.morjas.com/product/women-the-sock-off-white,in stock
p7740-v9495-s,AT,140 EUR,https://www.morjas.com/product/women-the-belt-black-nappa-20-mm,in stock
p7798-v9580-s,AT,140 EUR,https://www.morjas.com/product/women-the-belt-tan-grain-20-mm,in stock
p7797-v9579-s,AT,140 EUR,https://www.morjas.com/product/women-the-belt-ivory-nappa-20-mm,in stock
p7742-v9497-s,AT,160 EUR,https://www.morjas.com/product/women-the-belt-black-nappa-40-mm,in stock
p7741-v9496-s,AT,160 EUR,https://www.morjas.com/product/women-the-belt-brown-nappa-40-mm,in stock
p7743-v9498-s,AT,160 EUR,https://www.morjas.com/product/women-the-belt-black-suede-50-mm,in stock
p7744-v9499-s,AT,160 EUR,https://www.morjas.com/product/women-the-belt-brown-suede-50-mm,in stock
p7821-v9605-s,AT,350 EUR,https://www.morjas.com/product/women-the-ballet-flat-leather-sole-brown-nappa,in stock
p3670-v5425-s,AT,440 EUR,https://www.morjas.com/product/women-the-slingback-dove-blue-suede,in stock
p7753-v9511-s,AT,550 EUR,https://www.morjas.com/product/women-the-chalet-boot-brown-pony-hair,in stock
p3953-v9504-s,AT,520 EUR,https://www.morjas.com/product/women-the-chalet-boot-brown-calf,in stock
p3952-v9503-s,AT,520 EUR,https://www.morjas.com/product/women-the-chalet-boot-black-calf,out of stock
p7825-v9609-s,FR,370 EUR,https://www.morjas.com/product/the-ivy-loafer-rubber-sole-black-suede,in stock
p764-v2281-s,FR,400 EUR,https://www.morjas.com/product/the-penny-loafer-brown-suede-unlined,in stock
p1627-v3144-s,FR,400 EUR,https://www.morjas.com/product/the-penny-loafer-medium-brown-suede-unlined,in stock
p3118-v4799-s,FR,400 EUR,https://www.morjas.com/product/the-penny-loafer-sand-suede-unlined,in stock
p5-v1519-s,FR,350 EUR,https://www.morjas.com/product/the-penny-loafer-black-calf,in stock
p38-v1522-s,FR,350 EUR,https://www.morjas.com/product/the-penny-loafer-brown-suede,in stock
p7-v1521-s,FR,350 EUR,https://www.morjas.com/product/the-penny-loafer-brown-calf,in stock
p2446-v4058-s,FR,350 EUR,https://www.morjas.com/product/the-penny-loafer-leather-sole-black-grain,in stock
p6-v1520-s,FR,350 EUR,https://www.morjas.com/product/the-penny-loafer-burgundy-calf,in stock
p39-v1523-s,FR,350 EUR,https://www.morjas.com/product/the-penny-loafer-medium-brown-suede,in stock
p2447-v4059-s,FR,350 EUR,https://www.morjas.com/product/the-penny-loafer-leather-sole-brown-grain,in stock
p3120-v4801-s,FR,350 EUR,https://www.morjas.com/product/the-penny-loafer-black-suede-leather-sole,in stock
p1637-v3154-s,FR,350 EUR,https://www.morjas.com/product/the-penny-loafer-black-grain-black-suede,in stock
p3152-v4834-s,FR,350 EUR,https://www.morjas.com/product/the-penny-loafer-black-grain-navy-suede,in stock
p786-v2303-s,FR,350 EUR,https://www.morjas.com/product/the-penny-loafer-rubber-sole-black-calf,in stock
p785-v2302-s,FR,350 EUR,https://www.morjas.com/product/the-penny-loafer-rubber-sole-brown-suede,in stock
p2-v1524-s,FR,350 EUR,https://www.morjas.com/product/the-penny-loafer-black-grain,in stock
p1629-v3146-s,FR,350 EUR,https://www.morjas.com/product/the-penny-loafer-rubber-sole-brown-calf,in stock
p1630-v3147-s,FR,350 EUR,https://www.morjas.com/product/the-penny-loafer-rubber-sole-medium-brown-suede,in stock
p4-v1526-s,FR,350 EUR,https://www.morjas.com/product/the-penny-loafer-brown-grain,in stock
p1628-v3145-s,FR,350 EUR,https://www.morjas.com/product/the-penny-loafer-rubber-sole-burgundy-calf,in stock
p3122-v4803-s,FR,370 EUR,https://www.morjas.com/product/the-ivy-loafer-black-calf,in stock
p3124-v4805-s,FR,370 EUR,https://www.morjas.com/product/the-ivy-loafer-brown-suede,in stock
p7336-v9091-s,FR,370 EUR,https://www.morjas.com/product/the-ivy-loafer-black-grain,in stock
p3123-v4804-s,FR,370 EUR,https://www.morjas.com/product/the-ivy-loafer-burgundy-calf,in stock
p7803-v9585-s,FR,370 EUR,https://www.morjas.com/product/the-ivy-loafer-brown-grain,in stock
p7335-v9090-s,FR,370 EUR,https://www.morjas.com/product/the-ivy-loafer-black-suede,in stock
p3420-v5102-s,FR,370 EUR,https://www.morjas.com/product/the-ivy-loafer-black-calf-rubber-sole,in stock
p3422-v5104-s,FR,370 EUR,https://www.morjas.com/product/the-ivy-loafer-brown-suede-rubber-sole,in stock
p7805-v9587-s,FR,370 EUR,https://www.morjas.com/product/the-ivy-loafer-rubber-sole-black-grain,in stock
p3421-v5103-s,FR,370 EUR,https://www.morjas.com/product/the-ivy-loafer-burgundy-calf-rubber-sole,in stock
p7777-v9559-s,FR,370 EUR,https://www.morjas.com/product/the-ivy-loafer-rubber-sole-brown-grain,in stock
p35-v1527-s,FR,350 EUR,https://www.morjas.com/product/the-tassel-loafer-black-calf,in stock
p9-v1530-s,FR,350 EUR,https://www.morjas.com/product/the-tassel-loafer-brown-suede,in stock
p37-v1529-s,FR,350 EUR,https://www.morjas.com/product/the-tassel-loafer-brown-calf,in stock
p10-v1531-s,FR,350 EUR,https://www.morjas.com/product/the-tassel-loafer-medium-brown-suede,in stock
p36-v1528-s,FR,350 EUR,https://www.morjas.com/product/the-tassel-loafer-burgundy-calf,in stock
p788-v2305-s,FR,350 EUR,https://www.morjas.com/product/the-tassel-loafer-rubber-sole-black-calf,in stock
p787-v2304-s,FR,350 EUR,https://www.morjas.com/product/the-tassel-loafer-rubber-sole-brown-suede,in stock
p1624-v3141-s,FR,350 EUR,https://www.morjas.com/product/the-tassel-loafer-rubber-sole-brown-calf,in stock
p1625-v3142-s,FR,350 EUR,https://www.morjas.com/product/the-tassel-loafer-rubber-sole-medium-brown-suede,in stock
p1623-v3140-s,FR,350 EUR,https://www.morjas.com/product/the-tassel-loafer-rubber-sole-burgundy-calf,in stock
p3691-v5446-s,FR,340 EUR,https://www.morjas.com/product/the-belgian-unlined-beige-suede,in stock
p3690-v5445-s,FR,340 EUR,https://www.morjas.com/product/the-belgian-unlined-taupe-nubuck,in stock
p125-v1642-s,FR,320 EUR,https://www.morjas.com/product/the-belgian-black-suede,in stock
p1643-v3160-s,FR,320 EUR,https://www.morjas.com/product/the-belgian-black-deerskin,in stock
p1644-v3161-s,FR,320 EUR,https://www.morjas.com/product/the-belgian-brown-deerskin,in stock
p7766-v9534-s,FR,320 EUR,https://www.morjas.com/product/the-belgian-black-patent,in stock
p3428-v5110-s,FR,320 EUR,https://www.morjas.com/product/the-belgian-black-deerskin-rubber-sole,in stock
p3427-v5109-s,FR,320 EUR,https://www.morjas.com/product/the-belgian-brown-deerskin-rubber-sole,in stock
p3555-v5310-s,FR,320 EUR,https://www.morjas.com/product/the-belgian-black-suede-rubber-sole,in stock
p1638-v3155-s,FR,360 EUR,https://www.morjas.com/product/the-horsebit-loafer-black-calf,in stock
p1639-v3156-s,FR,360 EUR,https://www.morjas.com/product/the-horsebit-loafer-brown-suede,in stock
p7769-v9537-s,FR,360 EUR,https://www.morjas.com/product/the-horsebit-loafer-black-grain,in stock
p7770-v9538-s,FR,360 EUR,https://www.morjas.com/product/the-horsebit-loafer-brown-grain,in stock
p7773-v9541-s,FR,350 EUR,https://www.morjas.com/product/the-venetian-black-grain,in stock
p7774-v9542-s,FR,350 EUR,https://www.morjas.com/product/the-venetian-brown-grain,in stock
p7775-v9543-s,FR,350 EUR,https://www.morjas.com/product/the-venetian-brown-suede,in stock
p7776-v9544-s,FR,350 EUR,https://www.morjas.com/product/the-venetian-sand-suede,in stock
p7333-v9088-s,FR,370 EUR,https://www.morjas.com/product/the-full-strap-loafer-black-calf,in stock
p123-v1640-s,FR,320 EUR,https://www.morjas.com/product/the-opera-pump-black-patent,in stock
p3130-v4811-s,FR,150 EUR,https://www.morjas.com/product/the-espadrille-beige-suede,out of stock
p2453-v4065-s,FR,150 EUR,https://www.morjas.com/product/the-espadrille-all-black-suede,out of stock
p1648-v3165-s,FR,150 EUR,https://www.morjas.com/product/the-espadrille-taupe-suede,in stock
p783-v2300-s,FR,150 EUR,https://www.morjas.com/product/the-espadrille-navy-suede-1,in stock
p782-v2299-s,FR,150 EUR,https://www.morjas.com/product/the-espadrille-light-grey-suede,in stock
p1649-v3166-s,FR,140 EUR,https://www.morjas.com/product/the-espadrille-ivory-canvas,in stock
p7768-v9536-s,FR,150 EUR,https://www.morjas.com/product/the-espadrille-all-brown-suede,out of stock
p779-v2296-s,FR,150 EUR,https://www.morjas.com/product/the-espadrille-brown-suede,in stock
p3689-v5444-s,FR,300 EUR,https://www.morjas.com/product/the-boat-shoe-brown-grain,in stock
p3142-v4823-s,FR,300 EUR,https://www.morjas.com/product/the-boat-shoe-brown-suede,in stock
p3162-v4844-s,FR,300 EUR,https://www.morjas.com/product/the-boat-shoe-black-grain,in stock
p7782-v9564-s,FR,300 EUR,https://www.morjas.com/product/the-boat-shoe-sand-suede,in stock
p7783-v9565-s,FR,300 EUR,https://www.morjas.com/product/the-boat-shoe-brown-suede-and-brown-calf,in stock
p3141-v4822-s,FR,300 EUR,https://www.morjas.com/product/the-boat-shoe-black-suede-black,in stock
p7779-v9561-s,FR,180 EUR,https://www.morjas.com/product/the-deck-shoe-cream-canvas,in stock
p3685-v5440-s,FR,180 EUR,https://www.morjas.com/product/the-deck-shoe-navy-canvas,in stock
p7778-v9560-s,FR,180 EUR,https://www.morjas.com/product/the-deck-shoe-lavender-canvas,in stock
p7772-v9540-s,FR,200 EUR,https://www.morjas.com/product/the-plimsoll-cream-canvas,in stock
p3681-v5436-s,FR,200 EUR,https://www.morjas.com/product/the-plimsoll-taupe-nubuck,in stock
p7771-v9539-s,FR,200 EUR,https://www.morjas.com/product/the-plimsoll-olive-drab-canvas,in stock
p3682-v5437-s,FR,200 EUR,https://www.morjas.com/product/the-plimsoll-black-suede,in stock
p772-v2289-s,FR,240 EUR,https://www.morjas.com/product/the-sneaker-02-white-leather,in stock
p3678-v5433-s,FR,250 EUR,https://www.morjas.com/product/the-court-sneaker-off-white,in stock
p1659-v3176-s,FR,240 EUR,https://www.morjas.com/product/the-sneaker-02-all-dark-brown-suede,in stock
p2456-v4068-s,FR,240 EUR,https://www.morjas.com/product/the-sneaker-02-nougat-suede,in stock
p766-v2283-s,FR,240 EUR,https://www.morjas.com/product/the-sneaker-02-navy-suede,in stock
p3692-v5447-s,FR,240 EUR,https://www.morjas.com/product/the-sneaker-02-beige-suede,in stock
p7767-v9535-s,FR,250 EUR,https://www.morjas.com/product/the-court-sneaker-nougat-suede,in stock
p1660-v3177-s,FR,240 EUR,https://www.morjas.com/product/the-sneaker-02-all-black-suede,in stock
p3679-v5434-s,FR,250 EUR,https://www.morjas.com/product/the-court-sneaker-brown,in stock
p3680-v5435-s,FR,250 EUR,https://www.morjas.com/product/the-court-sneaker-black,in stock
p3675-v5430-s,FR,300 EUR,https://www.morjas.com/product/the-trainer-white,in stock
p3677-v5432-s,FR,300 EUR,https://www.morjas.com/product/the-trainer-navy-black,in stock
p3676-v5431-s,FR,300 EUR,https://www.morjas.com/product/the-trainer-taupe,in stock
p7802-v9584-s,FR,220 EUR,https://www.morjas.com/product/the-costa-sandal-black-grain,in stock
p7756-v9514-s,FR,380 EUR,https://www.morjas.com/product/the-camp-moc-mull-nubuck,in stock
p7755-v9513-s,FR,420 EUR,https://www.morjas.com/product/the-camp-moc-black-deerskin,out of stock
p11-v1533-s,FR,350 EUR,https://www.morjas.com/product/the-oxford-black-calf,in stock
p16-v1538-s,FR,350 EUR,https://www.morjas.com/product/the-oxford-black-patent,in stock
p13-v1535-s,FR,350 EUR,https://www.morjas.com/product/the-oxford-brown-calf,in stock
p12-v1534-s,FR,350 EUR,https://www.morjas.com/product/the-oxford-burgundy-calf,in stock
p14-v1536-s,FR,350 EUR,https://www.morjas.com/product/the-oxford-brown-suede,in stock
p789-v2306-s,FR,350 EUR,https://www.morjas.com/product/the-oxford-rubber-sole-black-calf,in stock
p1632-v3149-s,FR,350 EUR,https://www.morjas.com/product/the-oxford-rubber-sole-brown-calf,in stock
p1631-v3148-s,FR,350 EUR,https://www.morjas.com/product/the-oxford-rubber-sole-burgundy-calf,in stock
p1633-v3150-s,FR,350 EUR,https://www.morjas.com/product/the-oxford-rubber-sole-brown-suede,in stock
p803-v2320-s,FR,350 EUR,https://www.morjas.com/product/the-adelaide-black-calf,in stock
p2443-v4055-s,FR,350 EUR,https://www.morjas.com/product/the-adelaide-brown-calf,in stock
p1635-v3152-s,FR,350 EUR,https://www.morjas.com/product/the-adelaide-brown-suede,in stock
p3424-v5106-s,FR,370 EUR,https://www.morjas.com/product/the-split-toe-derby-brown-grain,in stock
p3425-v5107-s,FR,370 EUR,https://www.morjas.com/product/the-split-toe-derby-black-calf,in stock
p3660-v5415-s,FR,370 EUR,https://www.morjas.com/product/the-split-toe-derby-black-grain,in stock
p3423-v5105-s,FR,370 EUR,https://www.morjas.com/product/the-split-toe-derby-brown-suede,in stock
p7786-v9568-s,FR,370 EUR,https://www.morjas.com/product/the-split-toe-derby-polo-suede,in stock
p31-v1541-s,FR,370 EUR,https://www.morjas.com/product/the-derby-brown-calf,in stock
p29-v1539-s,FR,370 EUR,https://www.morjas.com/product/the-derby-black-calf,in stock
p32-v1542-s,FR,370 EUR,https://www.morjas.com/product/the-derby-brown-suede,in stock
p33-v1543-s,FR,370 EUR,https://www.morjas.com/product/the-derby-medium-brown-suede,in stock
p28-v1546-s,FR,370 EUR,https://www.morjas.com/product/the-derby-brown-grain,in stock
p30-v1540-s,FR,370 EUR,https://www.morjas.com/product/the-derby-burgundy-calf,in stock
p26-v1544-s,FR,370 EUR,https://www.morjas.com/product/the-derby-black-grain,in stock
p20-v1548-s,FR,370 EUR,https://www.morjas.com/product/the-plain-toe-blucher-black-calf,in stock
p7784-v9566-s,FR,370 EUR,https://www.morjas.com/product/the-plain-toe-blucher-beige-suede,in stock
p44-v1572-s,FR,350 EUR,https://www.morjas.com/product/the-double-monkstrap-black-calf,in stock
p45-v1574-s,FR,350 EUR,https://www.morjas.com/product/the-double-monkstrap-brown-calf,in stock
p49-v1567-s,FR,370 EUR,https://www.morjas.com/product/the-single-monkstrap-black-calf,in stock
p46-v1573-s,FR,350 EUR,https://www.morjas.com/product/the-double-monkstrap-burgundy-calf,in stock
p7787-v9569-s,FR,370 EUR,https://www.morjas.com/product/the-single-monkstrap-brown-suede,in stock
p47-v1575-s,FR,350 EUR,https://www.morjas.com/product/the-double-monkstrap-brown-suede,in stock
p54-v1562-s,FR,420 EUR,https://www.morjas.com/product/the-chelsea-black-calf,in stock
p57-v1565-s,FR,420 EUR,https://www.morjas.com/product/the-chelsea-brown-suede,in stock
p3426-v5108-s,FR,420 EUR,https://www.morjas.com/product/the-chelsea-black-suede,in stock
p56-v1564-s,FR,420 EUR,https://www.morjas.com/product/the-chelsea-brown-calf,in stock
p7757-v9515-s,FR,400 EUR,https://www.morjas.com/product/the-unlined-chukka-brown-suede,in stock
p63-v1561-s,FR,380 EUR,https://www.morjas.com/product/the-chukka-medium-brown-suede,in stock
p62-v1560-s,FR,380 EUR,https://www.morjas.com/product/the-chukka-brown-suede,in stock
p7733-v9488-s,FR,400 EUR,https://www.morjas.com/product/the-moc-toe-chukka-black-grain,in stock
p7732-v9487-s,FR,400 EUR,https://www.morjas.com/product/the-moc-toe-chukka-brown-suede-brown-grain,in stock
p77-v1594-s,FR,390 EUR,https://www.morjas.com/product/the-jumper-boot-black-grain,in stock
p78-v1595-s,FR,390 EUR,https://www.morjas.com/product/the-jumper-boot-brown-suede,in stock
p1684-v3212-s,FR,390 EUR,https://www.morjas.com/product/the-jumper-boot-brown-grain,in stock
p7726-v9481-s,FR,390 EUR,https://www.morjas.com/product/the-jumper-boot-black-calf,out of stock
p7745-v9500-s,FR,390 EUR,https://www.morjas.com/product/the-hybrid-hiker-black-leather,in stock
p3431-v5113-s,FR,380 EUR,https://www.morjas.com/product/the-hybrid-hiker-brown-nubuck,in stock
p3432-v5114-s,FR,380 EUR,https://www.morjas.com/product/the-hybrid-hiker-black-grain,in stock
p7731-v9486-s,FR,380 EUR,https://www.morjas.com/product/the-hybrid-hiker-taupe-suede,in stock
p3430-v5112-s,FR,380 EUR,https://www.morjas.com/product/the-hybrid-hiker-sand-suede,in stock
p7730-v9485-s,FR,390 EUR,https://www.morjas.com/product/the-hybrid-hiker-black-pony-hair,in stock
p1686-v3214-s,FR,440 EUR,https://www.morjas.com/product/the-hiking-boot-brown-grain,in stock
p813-v2330-s,FR,440 EUR,https://www.morjas.com/product/the-hiking-boot-black-grain,in stock
p3433-v5115-s,FR,440 EUR,https://www.morjas.com/product/the-hiking-boot-mudguard-edition,in stock
p7729-v9484-s,FR,440 EUR,https://www.morjas.com/product/the-hiking-boot-black-suede-mudguard,in stock
p1689-v3217-s,FR,450 EUR,https://www.morjas.com/product/the-alpine-boot-black-suede,in stock
p1690-v3218-s,FR,450 EUR,https://www.morjas.com/product/the-alpine-boot-brown-suede,in stock
p7728-v9483-s,FR,450 EUR,https://www.morjas.com/product/the-alpine-boot-black-grain,in stock
p7727-v9482-s,FR,450 EUR,https://www.morjas.com/product/the-alpine-boot-brown-grain,in stock
p7746-v9501-s,FR,450 EUR,https://www.morjas.com/product/the-country-boot-brown-nubuck-and-brown-grain,in stock
p1687-v3215-s,FR,390 EUR,https://www.morjas.com/product/the-monkey-boot-black-grain,in stock
p7337-v9092-s,FR,140 EUR,https://www.morjas.com/product/the-belt-black-suede,in stock
p7338-v9093-s,FR,150 EUR,https://www.morjas.com/product/the-belt-brown-pony-hair,in stock
p7339-v9094-s,FR,150 EUR,https://www.morjas.com/product/the-belt-black-pony-hair,in stock
p2460-v4072-s,FR,140 EUR,https://www.morjas.com/product/the-belt-sand-suede,in stock
p2461-v4073-s,FR,140 EUR,https://www.morjas.com/product/the-belt-taupe-suede,in stock
p7763-v9531-s,FR,140 EUR,https://www.morjas.com/product/the-belt-black-suede-wide-braided,in stock
p7764-v9532-s,FR,140 EUR,https://www.morjas.com/product/the-belt-brown-suede-wide-braided,in stock
p664-v2181-s,FR,140 EUR,https://www.morjas.com/product/the-belt-black-grain,in stock
p665-v2182-s,FR,140 EUR,https://www.morjas.com/product/the-belt-brown-grain,in stock
p760-v2277-s,FR,140 EUR,https://www.morjas.com/product/the-belt-brown-suede-1,in stock
p761-v2278-s,FR,140 EUR,https://www.morjas.com/product/the-belt-medium-brown-suede-1,in stock
p762-v2279-s,FR,140 EUR,https://www.morjas.com/product/the-belt-black-braided,in stock
p763-v2280-s,FR,140 EUR,https://www.morjas.com/product/the-belt-brown-braided,in stock
p3126-v4807-s,FR,140 EUR,https://www.morjas.com/product/the-belt-black-wide-braided,in stock
p3127-v4808-s,FR,140 EUR,https://www.morjas.com/product/the-belt-brown-wide-braided,in stock
p3418-v5100-s,FR,140 EUR,https://www.morjas.com/product/the-belt-black-calf-matte-gold-buckle,in stock
p666-v2183-s,FR,140 EUR,https://www.morjas.com/product/the-belt-black-embossed,in stock
p757-v2274-s,FR,140 EUR,https://www.morjas.com/product/the-belt-black-calf-1,in stock
p758-v2275-s,FR,140 EUR,https://www.morjas.com/product/the-belt-burgundy-calf-1,in stock
p759-v2276-s,FR,140 EUR,https://www.morjas.com/product/the-belt-brown-calf-1,in stock
p3419-v5101-s,FR,140 EUR,https://www.morjas.com/product/the-belt-black-grain-silver-buckle,in stock
p7765-v9533-s,FR,140 EUR,https://www.morjas.com/product/the-belt-mull-nubuck-silver-buckle,in stock
p7813-v9595-s,FR,140 EUR,https://www.morjas.com/product/the-belt-matte-gold-buckle-black-embossed,in stock
p7807-v9589-s,FR,140 EUR,https://www.morjas.com/product/the-belt-matte-gold-buckle-brown-calf,in stock
p7806-v9588-s,FR,140 EUR,https://www.morjas.com/product/the-belt-matte-gold-buckle-burgundy-calf,in stock
p7808-v9590-s,FR,140 EUR,https://www.morjas.com/product/the-belt-silver-buckle-black-suede,in stock
p7809-v9591-s,FR,140 EUR,https://www.morjas.com/product/the-belt-silver-buckle-brown-suede,in stock
p7810-v9592-s,FR,140 EUR,https://www.morjas.com/product/the-belt-silver-buckle-medium-brown-suede,in stock
p7811-v9593-s,FR,140 EUR,https://www.morjas.com/product/the-belt-silver-buckle-sand-suede,in stock
p7812-v9594-s,FR,140 EUR,https://www.morjas.com/product/the-belt-silver-buckle-taupe-suede,in stock
p7814-v9596-s,FR,140 EUR,https://www.morjas.com/product/the-belt-silver-buckle-brown-grain,in stock
p7759-v9527-s,FR,110 EUR,https://www.morjas.com/product/the-card-holder-truffle-grey-embossed,in stock
p7760-v9528-s,FR,130 EUR,https://www.morjas.com/product/the-foldable-card-holder-truffle-grey-embossed,in stock
p7761-v9529-s,FR,90 EUR,https://www.morjas.com/product/the-luggage-tag-truffle-grey-embossed,in stock
p7762-v9530-s,FR,130 EUR,https://www.morjas.com/product/the-passport-holder-truffle-grey-embossed,in stock
p2449-v4061-s,FR,200 EUR,https://www.morjas.com/product/the-sleeve-black-grain,in stock
p1697-v3225-s,FR,250 EUR,https://www.morjas.com/product/the-toiletry-bag-black-grain,in stock
p1693-v3221-s,FR,140 EUR,https://www.morjas.com/product/the-wallet-black-grain,out of stock
p1694-v3222-s,FR,140 EUR,https://www.morjas.com/product/the-wallet-brown-grain,out of stock
p3121-v4802-s,FR,40 EUR,https://www.morjas.com/product/the-silk-sock-black-knee-high,in stock
p1471-v2988-s,FR,20 EUR,https://www.morjas.com/product/the-sock-black-ribbed-knee-high,in stock
p1472-v2989-s,FR,20 EUR,https://www.morjas.com/product/the-sock-navy-ribbed-knee-high,in stock
p1473-v2990-s,FR,20 EUR,https://www.morjas.com/product/the-sock-brown-ribbed-knee-high,in stock
p1474-v2991-s,FR,20 EUR,https://www.morjas.com/product/the-sock-dark-grey-ribbed-ribbed-knee-high,in stock
p1475-v2992-s,FR,20 EUR,https://www.morjas.com/product/the-sock-mid-grey-ribbed-knee-high,in stock
p1621-v3138-s,FR,20 EUR,https://www.morjas.com/product/the-sock-sand-ribbed-knee-high,in stock
p3694-v5449-s,FR,20 EUR,https://www.morjas.com/product/the-sock-knee-high-light-blue-ribbed,in stock
p76-v1593-s,FR,20 EUR,https://www.morjas.com/product/the-sock-navy-ribbed-mid-calf,in stock
p1700-v3228-s,FR,20 EUR,https://www.morjas.com/product/the-sock-dark-grey-ribbed-mid-calf,in stock
p1701-v3229-s,FR,20 EUR,https://www.morjas.com/product/the-sock-mid-grey-ribbed-mid-calf,in stock
p75-v1592-s,FR,20 EUR,https://www.morjas.com/product/the-sock-black-ribbed-mid-calf,in stock
p1702-v3230-s,FR,20 EUR,https://www.morjas.com/product/the-sock-brown-ribbed-mid-calf,out of stock
p1703-v3231-s,FR,20 EUR,https://www.morjas.com/product/the-sock-sand-ribbed-mid-calf,in stock
p3693-v5448-s,FR,20 EUR,https://www.morjas.com/product/the-sock-mid-calf-off-white-ribbed,in stock
p3115-v4796-s,FR,20 EUR,https://www.morjas.com/product/the-wool-sock-navy-ribbed-mid-calf,out of stock
p3116-v4797-s,FR,20 EUR,https://www.morjas.com/product/the-wool-sock-mid-brown-ribbed-mid-calf,out of stock
p3117-v4798-s,FR,20 EUR,https://www.morjas.com/product/the-wool-sock-ecru-ribbed-mid-calf,out of stock
p3668-v5423-s,FR,350 EUR,https://www.morjas.com/product/women-the-ballet-flat-black-nappa,in stock
p3667-v5422-s,FR,350 EUR,https://www.morjas.com/product/women-the-ballet-flat-brown-nappa,in stock
p7716-v9471-s,FR,350 EUR,https://www.morjas.com/product/women-the-ballet-flat-black-suede,in stock
p7796-v9578-s,FR,350 EUR,https://www.morjas.com/product/women-the-ballet-flat-ruby-nappa,in stock
p3665-v5420-s,FR,350 EUR,https://www.morjas.com/product/women-the-ballet-flat-greige-suede,in stock
p3666-v5421-s,FR,350 EUR,https://www.morjas.com/product/women-the-ballet-flat-ivory-nappa,in stock
p7822-v9606-s,FR,350 EUR,https://www.morjas.com/product/women-the-ballet-flat-leather-sole-black-nappa,in stock
p7823-v9607-s,FR,350 EUR,https://www.morjas.com/product/women-the-ballet-flat-leather-sole-black-suede,in stock
p7800-v9582-s,FR,390 EUR,https://www.morjas.com/product/women-the-soft-moc-brown-grain,in stock
p7799-v9581-s,FR,390 EUR,https://www.morjas.com/product/women-the-soft-moc-black-grain,in stock
p7801-v9583-s,FR,390 EUR,https://www.morjas.com/product/women-the-soft-moc-brown-suede,in stock
p3672-v5427-s,FR,370 EUR,https://www.morjas.com/product/women-the-penny-loafer-black-calf,in stock
p7718-v9473-s,FR,370 EUR,https://www.morjas.com/product/women-the-penny-loafer-brown-suede,in stock
p3673-v5428-s,FR,370 EUR,https://www.morjas.com/product/women-the-penny-loafer-burgundy-calf,in stock
p3674-v5429-s,FR,370 EUR,https://www.morjas.com/product/women-the-penny-loafer-ivory-calf,in stock
p7717-v9472-s,FR,370 EUR,https://www.morjas.com/product/women-the-penny-loafer-black-suede,in stock
p3702-v5457-s,FR,280 EUR,https://www.morjas.com/product/women-the-paloma-sandal-tan-nappa,in stock
p3703-v5458-s,FR,280 EUR,https://www.morjas.com/product/women-the-paloma-sandal-black-nappa,in stock
p3704-v5459-s,FR,280 EUR,https://www.morjas.com/product/women-the-paloma-sandal-brown-nappa,in stock
p7788-v9570-s,FR,280 EUR,https://www.morjas.com/product/women-the-paloma-sandal-taupe-grain,in stock
p7723-v9478-s,FR,480 EUR,https://www.morjas.com/product/women-the-ankle-boot-brown-nappa,in stock
p7722-v9477-s,FR,480 EUR,https://www.morjas.com/product/women-the-ankle-boot-black-nappa,in stock
p7724-v9479-s,FR,480 EUR,https://www.morjas.com/product/women-the-ankle-boot-black-suede,in stock
p7725-v9480-s,FR,480 EUR,https://www.morjas.com/product/women-the-ankle-boot-brown-suede,in stock
p3698-v5453-s,FR,150 EUR,https://www.morjas.com/product/women-the-espadrille-beige-suede,in stock
p3697-v5452-s,FR,150 EUR,https://www.morjas.com/product/women-the-espadrille-taupe-suede,in stock
p3699-v5454-s,FR,150 EUR,https://www.morjas.com/product/women-the-espadrille-black-suede,in stock
p7790-v9572-s,FR,350 EUR,https://www.morjas.com/product/women-the-boat-shoe-brown-suede,in stock
p7789-v9571-s,FR,350 EUR,https://www.morjas.com/product/women-the-boat-shoe-black-grain,in stock
p3701-v5456-s,FR,350 EUR,https://www.morjas.com/product/women-the-boat-shoe-sand-suede,in stock
p3700-v5455-s,FR,350 EUR,https://www.morjas.com/product/women-the-boat-shoe-white-grain,in stock
p7820-v9602-s,FR,350 EUR,https://www.morjas.com/product/women-the-flat-slingback-black-embossed,in stock
p7791-v9573-s,FR,440 EUR,https://www.morjas.com/product/women-the-slingback-ivory-nappa,in stock
p3671-v5426-s,FR,440 EUR,https://www.morjas.com/product/women-the-slingback-black-nappa,in stock
p3669-v5424-s,FR,440 EUR,https://www.morjas.com/product/women-the-slingback-taupe-suede,in stock
p7749-v9507-s,FR,470 EUR,https://www.morjas.com/product/women-the-city-boot-black-calf,in stock
p7750-v9508-s,FR,470 EUR,https://www.morjas.com/product/women-the-city-boot-brown-calf,in stock
p7793-v9575-s,FR,460 EUR,https://www.morjas.com/product/women-the-dorsay-pump-brown-nappa,in stock
p7792-v9574-s,FR,460 EUR,https://www.morjas.com/product/women-the-dorsay-pump-black-nappa,in stock
p7748-v9506-s,FR,730 EUR,https://www.morjas.com/product/women-the-riding-boot-black-calf,in stock
p7818-v9600-s,FR,350 EUR,https://www.morjas.com/product/women-the-sandalette-brown-nappa,in stock
p7819-v9601-s,FR,350 EUR,https://www.morjas.com/product/women-the-sandalette-black-nappa,in stock
p7817-v9599-s,FR,350 EUR,https://www.morjas.com/product/women-the-sandalette-ivory-nappa,in stock
p7816-v9598-s,FR,300 EUR,https://www.morjas.com/product/women-the-verona-sandal-black-nappa,in stock
p7815-v9597-s,FR,300 EUR,https://www.morjas.com/product/women-the-verona-sandal-brown-suede,in stock
p7721-v9476-s,FR,420 EUR,https://www.morjas.com/product/women-the-pump-black-nappa,in stock
p7719-v9474-s,FR,420 EUR,https://www.morjas.com/product/women-the-pump-brown-suede,in stock
p7720-v9475-s,FR,420 EUR,https://www.morjas.com/product/women-the-pump-caramel-nappa,in stock
p7794-v9576-s,FR,490 EUR,https://www.morjas.com/product/women-the-stiletto-boot-black-nappa,in stock
p7795-v9577-s,FR,490 EUR,https://www.morjas.com/product/women-the-stiletto-boot-truffle-suede,in stock
p7752-v9510-s,FR,20 EUR,https://www.morjas.com/product/women-the-sock-black,in stock
p7751-v9509-s,FR,20 EUR,https://www.morjas.com/product/women-the-sock-brown,in stock
p3954-v5709-s,FR,20 EUR,https://www.morjas.com/product/women-the-sock-off-white,in stock
p7740-v9495-s,FR,140 EUR,https://www.morjas.com/product/women-the-belt-black-nappa-20-mm,in stock
p7798-v9580-s,FR,140 EUR,https://www.morjas.com/product/women-the-belt-tan-grain-20-mm,in stock
p7797-v9579-s,FR,140 EUR,https://www.morjas.com/product/women-the-belt-ivory-nappa-20-mm,in stock
p7742-v9497-s,FR,160 EUR,https://www.morjas.com/product/women-the-belt-black-nappa-40-mm,in stock
p7741-v9496-s,FR,160 EUR,https://www.morjas.com/product/women-the-belt-brown-nappa-40-mm,in stock
p7743-v9498-s,FR,160 EUR,https://www.morjas.com/product/women-the-belt-black-suede-50-mm,in stock
p7744-v9499-s,FR,160 EUR,https://www.morjas.com/product/women-the-belt-brown-suede-50-mm,in stock
p7821-v9605-s,FR,350 EUR,https://www.morjas.com/product/women-the-ballet-flat-leather-sole-brown-nappa,in stock
p3670-v5425-s,FR,440 EUR,https://www.morjas.com/product/women-the-slingback-dove-blue-suede,in stock
p7753-v9511-s,FR,550 EUR,https://www.morjas.com/product/women-the-chalet-boot-brown-pony-hair,in stock
p3953-v9504-s,FR,520 EUR,https://www.morjas.com/product/women-the-chalet-boot-brown-calf,in stock
p3952-v9503-s,FR,520 EUR,https://www.morjas.com/product/women-the-chalet-boot-black-calf,out of stock
p7825-v9609-s,US,420 USD,https://www.morjas.com/product/the-ivy-loafer-rubber-sole-black-suede,in stock
p764-v2281-s,US,450 USD,https://www.morjas.com/product/the-penny-loafer-brown-suede-unlined,in stock
p1627-v3144-s,US,450 USD,https://www.morjas.com/product/the-penny-loafer-medium-brown-suede-unlined,in stock
p3118-v4799-s,US,450 USD,https://www.morjas.com/product/the-penny-loafer-sand-suede-unlined,in stock
p5-v1519-s,US,400 USD,https://www.morjas.com/product/the-penny-loafer-black-calf,in stock
p38-v1522-s,US,400 USD,https://www.morjas.com/product/the-penny-loafer-brown-suede,in stock
p7-v1521-s,US,400 USD,https://www.morjas.com/product/the-penny-loafer-brown-calf,in stock
p2446-v4058-s,US,400 USD,https://www.morjas.com/product/the-penny-loafer-leather-sole-black-grain,in stock
p6-v1520-s,US,400 USD,https://www.morjas.com/product/the-penny-loafer-burgundy-calf,in stock
p39-v1523-s,US,400 USD,https://www.morjas.com/product/the-penny-loafer-medium-brown-suede,in stock
p2447-v4059-s,US,400 USD,https://www.morjas.com/product/the-penny-loafer-leather-sole-brown-grain,in stock
p3120-v4801-s,US,400 USD,https://www.morjas.com/product/the-penny-loafer-black-suede-leather-sole,in stock
p1637-v3154-s,US,400 USD,https://www.morjas.com/product/the-penny-loafer-black-grain-black-suede,in stock
p3152-v4834-s,US,400 USD,https://www.morjas.com/product/the-penny-loafer-black-grain-navy-suede,in stock
p786-v2303-s,US,400 USD,https://www.morjas.com/product/the-penny-loafer-rubber-sole-black-calf,in stock
p785-v2302-s,US,400 USD,https://www.morjas.com/product/the-penny-loafer-rubber-sole-brown-suede,in stock
p2-v1524-s,US,400 USD,https://www.morjas.com/product/the-penny-loafer-black-grain,in stock
p1629-v3146-s,US,400 USD,https://www.morjas.com/product/the-penny-loafer-rubber-sole-brown-calf,in stock
p1630-v3147-s,US,400 USD,https://www.morjas.com/product/the-penny-loafer-rubber-sole-medium-brown-suede,in stock
p4-v1526-s,US,400 USD,https://www.morjas.com/product/the-penny-loafer-brown-grain,in stock
p1628-v3145-s,US,400 USD,https://www.morjas.com/product/the-penny-loafer-rubber-sole-burgundy-calf,in stock
p3122-v4803-s,US,420 USD,https://www.morjas.com/product/the-ivy-loafer-black-calf,in stock
p3124-v4805-s,US,420 USD,https://www.morjas.com/product/the-ivy-loafer-brown-suede,in stock
p7336-v9091-s,US,420 USD,https://www.morjas.com/product/the-ivy-loafer-black-grain,in stock
p3123-v4804-s,US,420 USD,https://www.morjas.com/product/the-ivy-loafer-burgundy-calf,in stock
p7803-v9585-s,US,420 USD,https://www.morjas.com/product/the-ivy-loafer-brown-grain,in stock
p7335-v9090-s,US,420 USD,https://www.morjas.com/product/the-ivy-loafer-black-suede,in stock
p3420-v5102-s,US,420 USD,https://www.morjas.com/product/the-ivy-loafer-black-calf-rubber-sole,in stock
p3422-v5104-s,US,420 USD,https://www.morjas.com/product/the-ivy-loafer-brown-suede-rubber-sole,in stock
p7805-v9587-s,US,420 USD,https://www.morjas.com/product/the-ivy-loafer-rubber-sole-black-grain,in stock
p3421-v5103-s,US,420 USD,https://www.morjas.com/product/the-ivy-loafer-burgundy-calf-rubber-sole,in stock
p7777-v9559-s,US,420 USD,https://www.morjas.com/product/the-ivy-loafer-rubber-sole-brown-grain,in stock
p35-v1527-s,US,400 USD,https://www.morjas.com/product/the-tassel-loafer-black-calf,in stock
p9-v1530-s,US,400 USD,https://www.morjas.com/product/the-tassel-loafer-brown-suede,in stock
p37-v1529-s,US,400 USD,https://www.morjas.com/product/the-tassel-loafer-brown-calf,in stock
p10-v1531-s,US,400 USD,https://www.morjas.com/product/the-tassel-loafer-medium-brown-suede,in stock
p36-v1528-s,US,400 USD,https://www.morjas.com/product/the-tassel-loafer-burgundy-calf,in stock
p788-v2305-s,US,400 USD,https://www.morjas.com/product/the-tassel-loafer-rubber-sole-black-calf,in stock
p787-v2304-s,US,400 USD,https://www.morjas.com/product/the-tassel-loafer-rubber-sole-brown-suede,in stock
p1624-v3141-s,US,400 USD,https://www.morjas.com/product/the-tassel-loafer-rubber-sole-brown-calf,in stock
p1625-v3142-s,US,400 USD,https://www.morjas.com/product/the-tassel-loafer-rubber-sole-medium-brown-suede,in stock
p1623-v3140-s,US,400 USD,https://www.morjas.com/product/the-tassel-loafer-rubber-sole-burgundy-calf,in stock
p3691-v5446-s,US,400 USD,https://www.morjas.com/product/the-belgian-unlined-beige-suede,in stock
p3690-v5445-s,US,400 USD,https://www.morjas.com/product/the-belgian-unlined-taupe-nubuck,in stock
p125-v1642-s,US,390 USD,https://www.morjas.com/product/the-belgian-black-suede,in stock
p1643-v3160-s,US,390 USD,https://www.morjas.com/product/the-belgian-black-deerskin,in stock
p1644-v3161-s,US,390 USD,https://www.morjas.com/product/the-belgian-brown-deerskin,in stock
p7766-v9534-s,US,390 USD,https://www.morjas.com/product/the-belgian-black-patent,in stock
p3428-v5110-s,US,390 USD,https://www.morjas.com/product/the-belgian-black-deerskin-rubber-sole,in stock
p3427-v5109-s,US,390 USD,https://www.morjas.com/product/the-belgian-brown-deerskin-rubber-sole,in stock
p3555-v5310-s,US,390 USD,https://www.morjas.com/product/the-belgian-black-suede-rubber-sole,in stock
p1638-v3155-s,US,410 USD,https://www.morjas.com/product/the-horsebit-loafer-black-calf,in stock
p1639-v3156-s,US,410 USD,https://www.morjas.com/product/the-horsebit-loafer-brown-suede,in stock
p7769-v9537-s,US,410 USD,https://www.morjas.com/product/the-horsebit-loafer-black-grain,in stock
p7770-v9538-s,US,410 USD,https://www.morjas.com/product/the-horsebit-loafer-brown-grain,in stock
p7773-v9541-s,US,380 USD,https://www.morjas.com/product/the-venetian-black-grain,in stock
p7774-v9542-s,US,380 USD,https://www.morjas.com/product/the-venetian-brown-grain,in stock
p7775-v9543-s,US,380 USD,https://www.morjas.com/product/the-venetian-brown-suede,in stock
p7776-v9544-s,US,380 USD,https://www.morjas.com/product/the-venetian-sand-suede,in stock
p7333-v9088-s,US,420 USD,https://www.morjas.com/product/the-full-strap-loafer-black-calf,in stock
p123-v1640-s,US,390 USD,https://www.morjas.com/product/the-opera-pump-black-patent,in stock
p3130-v4811-s,US,180 USD,https://www.morjas.com/product/the-espadrille-beige-suede,out of stock
p2453-v4065-s,US,180 USD,https://www.morjas.com/product/the-espadrille-all-black-suede,out of stock
p1648-v3165-s,US,180 USD,https://www.morjas.com/product/the-espadrille-taupe-suede,in stock
p783-v2300-s,US,180 USD,https://www.morjas.com/product/the-espadrille-navy-suede-1,in stock
p782-v2299-s,US,180 USD,https://www.morjas.com/product/the-espadrille-light-grey-suede,in stock
p1649-v3166-s,US,170 USD,https://www.morjas.com/product/the-espadrille-ivory-canvas,in stock
p7768-v9536-s,US,180 USD,https://www.morjas.com/product/the-espadrille-all-brown-suede,out of stock
p779-v2296-s,US,180 USD,https://www.morjas.com/product/the-espadrille-brown-suede,in stock
p3689-v5444-s,US,350 USD,https://www.morjas.com/product/the-boat-shoe-brown-grain,in stock
p3142-v4823-s,US,350 USD,https://www.morjas.com/product/the-boat-shoe-brown-suede,in stock
p3162-v4844-s,US,350 USD,https://www.morjas.com/product/the-boat-shoe-black-grain,in stock
p7782-v9564-s,US,350 USD,https://www.morjas.com/product/the-boat-shoe-sand-suede,in stock
p7783-v9565-s,US,350 USD,https://www.morjas.com/product/the-boat-shoe-brown-suede-and-brown-calf,in stock
p3141-v4822-s,US,350 USD,https://www.morjas.com/product/the-boat-shoe-black-suede-black,in stock
p7779-v9561-s,US,200 USD,https://www.morjas.com/product/the-deck-shoe-cream-canvas,in stock
p3685-v5440-s,US,200 USD,https://www.morjas.com/product/the-deck-shoe-navy-canvas,in stock
p7778-v9560-s,US,200 USD,https://www.morjas.com/product/the-deck-shoe-lavender-canvas,in stock
p7772-v9540-s,US,220 USD,https://www.morjas.com/product/the-plimsoll-cream-canvas,in stock
p3681-v5436-s,US,220 USD,https://www.morjas.com/product/the-plimsoll-taupe-nubuck,in stock
p7771-v9539-s,US,220 USD,https://www.morjas.com/product/the-plimsoll-olive-drab-canvas,in stock
p3682-v5437-s,US,220 USD,https://www.morjas.com/product/the-plimsoll-black-suede,in stock
p772-v2289-s,US,290 USD,https://www.morjas.com/product/the-sneaker-02-white-leather,in stock
p3678-v5433-s,US,300 USD,https://www.morjas.com/product/the-court-sneaker-off-white,in stock
p1659-v3176-s,US,290 USD,https://www.morjas.com/product/the-sneaker-02-all-dark-brown-suede,in stock
p2456-v4068-s,US,290 USD,https://www.morjas.com/product/the-sneaker-02-nougat-suede,in stock
p766-v2283-s,US,290 USD,https://www.morjas.com/product/the-sneaker-02-navy-suede,in stock
p3692-v5447-s,US,290 USD,https://www.morjas.com/product/the-sneaker-02-beige-suede,in stock
p7767-v9535-s,US,300 USD,https://www.morjas.com/product/the-court-sneaker-nougat-suede,in stock
p1660-v3177-s,US,290 USD,https://www.morjas.com/product/the-sneaker-02-all-black-suede,in stock
p3679-v5434-s,US,300 USD,https://www.morjas.com/product/the-court-sneaker-brown,in stock
p3680-v5435-s,US,300 USD,https://www.morjas.com/product/the-court-sneaker-black,in stock
p3675-v5430-s,US,350 USD,https://www.morjas.com/product/the-trainer-white,in stock
p3677-v5432-s,US,350 USD,https://www.morjas.com/product/the-trainer-navy-black,in stock
p3676-v5431-s,US,350 USD,https://www.morjas.com/product/the-trainer-taupe,in stock
p7802-v9584-s,US,250 USD,https://www.morjas.com/product/the-costa-sandal-black-grain,in stock
p7756-v9514-s,US,420 USD,https://www.morjas.com/product/the-camp-moc-mull-nubuck,in stock
p7755-v9513-s,US,450 USD,https://www.morjas.com/product/the-camp-moc-black-deerskin,out of stock
p11-v1533-s,US,400 USD,https://www.morjas.com/product/the-oxford-black-calf,in stock
p16-v1538-s,US,400 USD,https://www.morjas.com/product/the-oxford-black-patent,in stock
p13-v1535-s,US,400 USD,https://www.morjas.com/product/the-oxford-brown-calf,in stock
p12-v1534-s,US,400 USD,https://www.morjas.com/product/the-oxford-burgundy-calf,in stock
p14-v1536-s,US,400 USD,https://www.morjas.com/product/the-oxford-brown-suede,in stock
p789-v2306-s,US,400 USD,https://www.morjas.com/product/the-oxford-rubber-sole-black-calf,in stock
p1632-v3149-s,US,400 USD,https://www.morjas.com/product/the-oxford-rubber-sole-brown-calf,in stock
p1631-v3148-s,US,400 USD,https://www.morjas.com/product/the-oxford-rubber-sole-burgundy-calf,in stock
p1633-v3150-s,US,400 USD,https://www.morjas.com/product/the-oxford-rubber-sole-brown-suede,in stock
p803-v2320-s,US,400 USD,https://www.morjas.com/product/the-adelaide-black-calf,in stock
p2443-v4055-s,US,400 USD,https://www.morjas.com/product/the-adelaide-brown-calf,in stock
p1635-v3152-s,US,400 USD,https://www.morjas.com/product/the-adelaide-brown-suede,in stock
p3424-v5106-s,US,420 USD,https://www.morjas.com/product/the-split-toe-derby-brown-grain,in stock
p3425-v5107-s,US,420 USD,https://www.morjas.com/product/the-split-toe-derby-black-calf,in stock
p3660-v5415-s,US,420 USD,https://www.morjas.com/product/the-split-toe-derby-black-grain,in stock
p3423-v5105-s,US,420 USD,https://www.morjas.com/product/the-split-toe-derby-brown-suede,in stock
p7786-v9568-s,US,420 USD,https://www.morjas.com/product/the-split-toe-derby-polo-suede,in stock
p31-v1541-s,US,420 USD,https://www.morjas.com/product/the-derby-brown-calf,in stock
p29-v1539-s,US,420 USD,https://www.morjas.com/product/the-derby-black-calf,in stock
p32-v1542-s,US,420 USD,https://www.morjas.com/product/the-derby-brown-suede,in stock
p33-v1543-s,US,420 USD,https://www.morjas.com/product/the-derby-medium-brown-suede,in stock
p28-v1546-s,US,420 USD,https://www.morjas.com/product/the-derby-brown-grain,in stock
p30-v1540-s,US,420 USD,https://www.morjas.com/product/the-derby-burgundy-calf,in stock
p26-v1544-s,US,420 USD,https://www.morjas.com/product/the-derby-black-grain,in stock
p20-v1548-s,US,420 USD,https://www.morjas.com/product/the-plain-toe-blucher-black-calf,in stock
p7784-v9566-s,US,420 USD,https://www.morjas.com/product/the-plain-toe-blucher-beige-suede,in stock
p44-v1572-s,US,400 USD,https://www.morjas.com/product/the-double-monkstrap-black-calf,in stock
p45-v1574-s,US,400 USD,https://www.morjas.com/product/the-double-monkstrap-brown-calf,in stock
p49-v1567-s,US,420 USD,https://www.morjas.com/product/the-single-monkstrap-black-calf,in stock
p46-v1573-s,US,400 USD,https://www.morjas.com/product/the-double-monkstrap-burgundy-calf,in stock
p7787-v9569-s,US,420 USD,https://www.morjas.com/product/the-single-monkstrap-brown-suede,in stock
p47-v1575-s,US,400 USD,https://www.morjas.com/product/the-double-monkstrap-brown-suede,in stock
p54-v1562-s,US,450 USD,https://www.morjas.com/product/the-chelsea-black-calf,in stock
p57-v1565-s,US,450 USD,https://www.morjas.com/product/the-chelsea-brown-suede,in stock
p3426-v5108-s,US,450 USD,https://www.morjas.com/product/the-chelsea-black-suede,in stock
p56-v1564-s,US,450 USD,https://www.morjas.com/product/the-chelsea-brown-calf,in stock
p7757-v9515-s,US,450 USD,https://www.morjas.com/product/the-unlined-chukka-brown-suede,in stock
p63-v1561-s,US,430 USD,https://www.morjas.com/product/the-chukka-medium-brown-suede,in stock
p62-v1560-s,US,430 USD,https://www.morjas.com/product/the-chukka-brown-suede,in stock
p7733-v9488-s,US,450 USD,https://www.morjas.com/product/the-moc-toe-chukka-black-grain,in stock
p7732-v9487-s,US,450 USD,https://www.morjas.com/product/the-moc-toe-chukka-brown-suede-brown-grain,in stock
p77-v1594-s,US,440 USD,https://www.morjas.com/product/the-jumper-boot-black-grain,in stock
p78-v1595-s,US,440 USD,https://www.morjas.com/product/the-jumper-boot-brown-suede,in stock
p1684-v3212-s,US,440 USD,https://www.morjas.com/product/the-jumper-boot-brown-grain,in stock
p7726-v9481-s,US,440 USD,https://www.morjas.com/product/the-jumper-boot-black-calf,out of stock
p7745-v9500-s,US,440 USD,https://www.morjas.com/product/the-hybrid-hiker-black-leather,in stock
p3431-v5113-s,US,430 USD,https://www.morjas.com/product/the-hybrid-hiker-brown-nubuck,in stock
p3432-v5114-s,US,430 USD,https://www.morjas.com/product/the-hybrid-hiker-black-grain,in stock
p7731-v9486-s,US,430 USD,https://www.morjas.com/product/the-hybrid-hiker-taupe-suede,in stock
p3430-v5112-s,US,430 USD,https://www.morjas.com/product/the-hybrid-hiker-sand-suede,in stock
p7730-v9485-s,US,440 USD,https://www.morjas.com/product/the-hybrid-hiker-black-pony-hair,in stock
p1686-v3214-s,US,500 USD,https://www.morjas.com/product/the-hiking-boot-brown-grain,in stock
p813-v2330-s,US,500 USD,https://www.morjas.com/product/the-hiking-boot-black-grain,in stock
p3433-v5115-s,US,500 USD,https://www.morjas.com/product/the-hiking-boot-mudguard-edition,in stock
p7729-v9484-s,US,500 USD,https://www.morjas.com/product/the-hiking-boot-black-suede-mudguard,in stock
p1689-v3217-s,US,550 USD,https://www.morjas.com/product/the-alpine-boot-black-suede,in stock
p1690-v3218-s,US,550 USD,https://www.morjas.com/product/the-alpine-boot-brown-suede,in stock
p7728-v9483-s,US,550 USD,https://www.morjas.com/product/the-alpine-boot-black-grain,in stock
p7727-v9482-s,US,550 USD,https://www.morjas.com/product/the-alpine-boot-brown-grain,in stock
p7746-v9501-s,US,550 USD,https://www.morjas.com/product/the-country-boot-brown-nubuck-and-brown-grain,in stock
p1687-v3215-s,US,440 USD,https://www.morjas.com/product/the-monkey-boot-black-grain,in stock
p7337-v9092-s,US,150 USD,https://www.morjas.com/product/the-belt-black-suede,in stock
p7338-v9093-s,US,160 USD,https://www.morjas.com/product/the-belt-brown-pony-hair,in stock
p7339-v9094-s,US,160 USD,https://www.morjas.com/product/the-belt-black-pony-hair,in stock
p2460-v4072-s,US,150 USD,https://www.morjas.com/product/the-belt-sand-suede,in stock
p2461-v4073-s,US,150 USD,https://www.morjas.com/product/the-belt-taupe-suede,in stock
p7763-v9531-s,US,150 USD,https://www.morjas.com/product/the-belt-black-suede-wide-braided,in stock
p7764-v9532-s,US,150 USD,https://www.morjas.com/product/the-belt-brown-suede-wide-braided,in stock
p664-v2181-s,US,150 USD,https://www.morjas.com/product/the-belt-black-grain,in stock
p665-v2182-s,US,150 USD,https://www.morjas.com/product/the-belt-brown-grain,in stock
p760-v2277-s,US,150 USD,https://www.morjas.com/product/the-belt-brown-suede-1,in stock
p761-v2278-s,US,150 USD,https://www.morjas.com/product/the-belt-medium-brown-suede-1,in stock
p762-v2279-s,US,150 USD,https://www.morjas.com/product/the-belt-black-braided,in stock
p763-v2280-s,US,150 USD,https://www.morjas.com/product/the-belt-brown-braided,in stock
p3126-v4807-s,US,150 USD,https://www.morjas.com/product/the-belt-black-wide-braided,in stock
p3127-v4808-s,US,150 USD,https://www.morjas.com/product/the-belt-brown-wide-braided,in stock
p3418-v5100-s,US,150 USD,https://www.morjas.com/product/the-belt-black-calf-matte-gold-buckle,in stock
p666-v2183-s,US,150 USD,https://www.morjas.com/product/the-belt-black-embossed,in stock
p757-v2274-s,US,150 USD,https://www.morjas.com/product/the-belt-black-calf-1,in stock
p758-v2275-s,US,150 USD,https://www.morjas.com/product/the-belt-burgundy-calf-1,in stock
p759-v2276-s,US,150 USD,https://www.morjas.com/product/the-belt-brown-calf-1,in stock
p3419-v5101-s,US,150 USD,https://www.morjas.com/product/the-belt-black-grain-silver-buckle,in stock
p7765-v9533-s,US,150 USD,https://www.morjas.com/product/the-belt-mull-nubuck-silver-buckle,in stock
p7813-v9595-s,US,150 USD,https://www.morjas.com/product/the-belt-matte-gold-buckle-black-embossed,in stock
p7807-v9589-s,US,150 USD,https://www.morjas.com/product/the-belt-matte-gold-buckle-brown-calf,in stock
p7806-v9588-s,US,150 USD,https://www.morjas.com/product/the-belt-matte-gold-buckle-burgundy-calf,in stock
p7808-v9590-s,US,150 USD,https://www.morjas.com/product/the-belt-silver-buckle-black-suede,in stock
p7809-v9591-s,US,150 USD,https://www.morjas.com/product/the-belt-silver-buckle-brown-suede,in stock
p7810-v9592-s,US,150 USD,https://www.morjas.com/product/the-belt-silver-buckle-medium-brown-suede,in stock
p7811-v9593-s,US,150 USD,https://www.morjas.com/product/the-belt-silver-buckle-sand-suede,in stock
p7812-v9594-s,US,150 USD,https://www.morjas.com/product/the-belt-silver-buckle-taupe-suede,in stock
p7814-v9596-s,US,150 USD,https://www.morjas.com/product/the-belt-silver-buckle-brown-grain,in stock
p7759-v9527-s,US,110 USD,https://www.morjas.com/product/the-card-holder-truffle-grey-embossed,in stock
p7760-v9528-s,US,150 USD,https://www.morjas.com/product/the-foldable-card-holder-truffle-grey-embossed,in stock
p7761-v9529-s,US,120 USD,https://www.morjas.com/product/the-luggage-tag-truffle-grey-embossed,in stock
p7762-v9530-s,US,150 USD,https://www.morjas.com/product/the-passport-holder-truffle-grey-embossed,in stock
p2449-v4061-s,US,250 USD,https://www.morjas.com/product/the-sleeve-black-grain,in stock
p1697-v3225-s,US,300 USD,https://www.morjas.com/product/the-toiletry-bag-black-grain,in stock
p1693-v3221-s,US,150 USD,https://www.morjas.com/product/the-wallet-black-grain,out of stock
p1694-v3222-s,US,150 USD,https://www.morjas.com/product/the-wallet-brown-grain,out of stock
p3121-v4802-s,US,45 USD,https://www.morjas.com/product/the-silk-sock-black-knee-high,in stock
p1471-v2988-s,US,20 USD,https://www.morjas.com/product/the-sock-black-ribbed-knee-high,in stock
p1472-v2989-s,US,20 USD,https://www.morjas.com/product/the-sock-navy-ribbed-knee-high,in stock
p1473-v2990-s,US,20 USD,https://www.morjas.com/product/the-sock-brown-ribbed-knee-high,in stock
p1474-v2991-s,US,20 USD,https://www.morjas.com/product/the-sock-dark-grey-ribbed-ribbed-knee-high,in stock
p1475-v2992-s,US,20 USD,https://www.morjas.com/product/the-sock-mid-grey-ribbed-knee-high,in stock
p1621-v3138-s,US,20 USD,https://www.morjas.com/product/the-sock-sand-ribbed-knee-high,in stock
p3694-v5449-s,US,20 USD,https://www.morjas.com/product/the-sock-knee-high-light-blue-ribbed,in stock
p76-v1593-s,US,20 USD,https://www.morjas.com/product/the-sock-navy-ribbed-mid-calf,in stock
p1700-v3228-s,US,20 USD,https://www.morjas.com/product/the-sock-dark-grey-ribbed-mid-calf,in stock
p1701-v3229-s,US,20 USD,https://www.morjas.com/product/the-sock-mid-grey-ribbed-mid-calf,in stock
p75-v1592-s,US,20 USD,https://www.morjas.com/product/the-sock-black-ribbed-mid-calf,in stock
p1702-v3230-s,US,20 USD,https://www.morjas.com/product/the-sock-brown-ribbed-mid-calf,out of stock
p1703-v3231-s,US,20 USD,https://www.morjas.com/product/the-sock-sand-ribbed-mid-calf,in stock
p3693-v5448-s,US,20 USD,https://www.morjas.com/product/the-sock-mid-calf-off-white-ribbed,in stock
p3115-v4796-s,US,20 USD,https://www.morjas.com/product/the-wool-sock-navy-ribbed-mid-calf,out of stock
p3116-v4797-s,US,20 USD,https://www.morjas.com/product/the-wool-sock-mid-brown-ribbed-mid-calf,out of stock
p3117-v4798-s,US,20 USD,https://www.morjas.com/product/the-wool-sock-ecru-ribbed-mid-calf,out of stock
p3668-v5423-s,US,380 USD,https://www.morjas.com/product/women-the-ballet-flat-black-nappa,in stock
p3667-v5422-s,US,380 USD,https://www.morjas.com/product/women-the-ballet-flat-brown-nappa,in stock
p7716-v9471-s,US,380 USD,https://www.morjas.com/product/women-the-ballet-flat-black-suede,in stock
p7796-v9578-s,US,380 USD,https://www.morjas.com/product/women-the-ballet-flat-ruby-nappa,in stock
p3665-v5420-s,US,380 USD,https://www.morjas.com/product/women-the-ballet-flat-greige-suede,in stock
p3666-v5421-s,US,380 USD,https://www.morjas.com/product/women-the-ballet-flat-ivory-nappa,in stock
p7822-v9606-s,US,380 USD,https://www.morjas.com/product/women-the-ballet-flat-leather-sole-black-nappa,in stock
p7823-v9607-s,US,380 USD,https://www.morjas.com/product/women-the-ballet-flat-leather-sole-black-suede,in stock
p7800-v9582-s,US,470 USD,https://www.morjas.com/product/women-the-soft-moc-brown-grain,in stock
p7799-v9581-s,US,470 USD,https://www.morjas.com/product/women-the-soft-moc-black-grain,in stock
p7801-v9583-s,US,470 USD,https://www.morjas.com/product/women-the-soft-moc-brown-suede,in stock
p3672-v5427-s,US,450 USD,https://www.morjas.com/product/women-the-penny-loafer-black-calf,in stock
p7718-v9473-s,US,450 USD,https://www.morjas.com/product/women-the-penny-loafer-brown-suede,in stock
p3673-v5428-s,US,450 USD,https://www.morjas.com/product/women-the-penny-loafer-burgundy-calf,in stock
p3674-v5429-s,US,450 USD,https://www.morjas.com/product/women-the-penny-loafer-ivory-calf,in stock
p7717-v9472-s,US,450 USD,https://www.morjas.com/product/women-the-penny-loafer-black-suede,in stock
p3702-v5457-s,US,330 USD,https://www.morjas.com/product/women-the-paloma-sandal-tan-nappa,in stock
p3703-v5458-s,US,330 USD,https://www.morjas.com/product/women-the-paloma-sandal-black-nappa,in stock
p3704-v5459-s,US,330 USD,https://www.morjas.com/product/women-the-paloma-sandal-brown-nappa,in stock
p7788-v9570-s,US,330 USD,https://www.morjas.com/product/women-the-paloma-sandal-taupe-grain,in stock
p7723-v9478-s,US,540 USD,https://www.morjas.com/product/women-the-ankle-boot-brown-nappa,in stock
p7722-v9477-s,US,540 USD,https://www.morjas.com/product/women-the-ankle-boot-black-nappa,in stock
p7724-v9479-s,US,540 USD,https://www.morjas.com/product/women-the-ankle-boot-black-suede,in stock
p7725-v9480-s,US,540 USD,https://www.morjas.com/product/women-the-ankle-boot-brown-suede,in stock
p3698-v5453-s,US,180 USD,https://www.morjas.com/product/women-the-espadrille-beige-suede,in stock
p3697-v5452-s,US,180 USD,https://www.morjas.com/product/women-the-espadrille-taupe-suede,in stock
p3699-v5454-s,US,180 USD,https://www.morjas.com/product/women-the-espadrille-black-suede,in stock
p7790-v9572-s,US,380 USD,https://www.morjas.com/product/women-the-boat-shoe-brown-suede,in stock
p7789-v9571-s,US,380 USD,https://www.morjas.com/product/women-the-boat-shoe-black-grain,in stock
p3701-v5456-s,US,380 USD,https://www.morjas.com/product/women-the-boat-shoe-sand-suede,in stock
p3700-v5455-s,US,380 USD,https://www.morjas.com/product/women-the-boat-shoe-white-grain,in stock
p7820-v9602-s,US,400 USD,https://www.morjas.com/product/women-the-flat-slingback-black-embossed,in stock
p7791-v9573-s,US,490 USD,https://www.morjas.com/product/women-the-slingback-ivory-nappa,in stock
p3671-v5426-s,US,490 USD,https://www.morjas.com/product/women-the-slingback-black-nappa,in stock
p3669-v5424-s,US,490 USD,https://www.morjas.com/product/women-the-slingback-taupe-suede,in stock
p7749-v9507-s,US,520 USD,https://www.morjas.com/product/women-the-city-boot-black-calf,in stock
p7750-v9508-s,US,520 USD,https://www.morjas.com/product/women-the-city-boot-brown-calf,in stock
p7793-v9575-s,US,510 USD,https://www.morjas.com/product/women-the-dorsay-pump-brown-nappa,in stock
p7792-v9574-s,US,510 USD,https://www.morjas.com/product/women-the-dorsay-pump-black-nappa,in stock
p7748-v9506-s,US,820 USD,https://www.morjas.com/product/women-the-riding-boot-black-calf,in stock
p7818-v9600-s,US,420 USD,https://www.morjas.com/product/women-the-sandalette-brown-nappa,in stock
p7819-v9601-s,US,420 USD,https://www.morjas.com/product/women-the-sandalette-black-nappa,in stock
p7817-v9599-s,US,420 USD,https://www.morjas.com/product/women-the-sandalette-ivory-nappa,in stock
p7816-v9598-s,US,350 USD,https://www.morjas.com/product/women-the-verona-sandal-black-nappa,in stock
p7815-v9597-s,US,350 USD,https://www.morjas.com/product/women-the-verona-sandal-brown-suede,in stock
p7721-v9476-s,US,460 USD,https://www.morjas.com/product/women-the-pump-black-nappa,in stock
p7719-v9474-s,US,460 USD,https://www.morjas.com/product/women-the-pump-brown-suede,in stock
p7720-v9475-s,US,460 USD,https://www.morjas.com/product/women-the-pump-caramel-nappa,in stock
p7794-v9576-s,US,550 USD,https://www.morjas.com/product/women-the-stiletto-boot-black-nappa,in stock
p7795-v9577-s,US,550 USD,https://www.morjas.com/product/women-the-stiletto-boot-truffle-suede,in stock
p7752-v9510-s,US,20 USD,https://www.morjas.com/product/women-the-sock-black,in stock
p7751-v9509-s,US,20 USD,https://www.morjas.com/product/women-the-sock-brown,in stock
p3954-v5709-s,US,20 USD,https://www.morjas.com/product/women-the-sock-off-white,in stock
p7740-v9495-s,US,150 USD,https://www.morjas.com/product/women-the-belt-black-nappa-20-mm,in stock
p7798-v9580-s,US,150 USD,https://www.morjas.com/product/women-the-belt-tan-grain-20-mm,in stock
p7797-v9579-s,US,150 USD,https://www.morjas.com/product/women-the-belt-ivory-nappa-20-mm,in stock
p7742-v9497-s,US,170 USD,https://www.morjas.com/product/women-the-belt-black-nappa-40-mm,in stock
p7741-v9496-s,US,170 USD,https://www.morjas.com/product/women-the-belt-brown-nappa-40-mm,in stock
p7743-v9498-s,US,170 USD,https://www.morjas.com/product/women-the-belt-black-suede-50-mm,in stock
p7744-v9499-s,US,170 USD,https://www.morjas.com/product/women-the-belt-brown-suede-50-mm,in stock
p7821-v9605-s,US,380 USD,https://www.morjas.com/product/women-the-ballet-flat-leather-sole-brown-nappa,in stock
p3670-v5425-s,US,490 USD,https://www.morjas.com/product/women-the-slingback-dove-blue-suede,in stock
p7753-v9511-s,US,650 USD,https://www.morjas.com/product/women-the-chalet-boot-brown-pony-hair,in stock
p3953-v9504-s,US,600 USD,https://www.morjas.com/product/women-the-chalet-boot-brown-calf,in stock
p3952-v9503-s,US,600 USD,https://www.morjas.com/product/women-the-chalet-boot-black-calf,out of stock
p7825-v9609-s,GB,340 GBP,https://www.morjas.com/product/the-ivy-loafer-rubber-sole-black-suede,in stock
p764-v2281-s,GB,360 GBP,https://www.morjas.com/product/the-penny-loafer-brown-suede-unlined,in stock
p1627-v3144-s,GB,360 GBP,https://www.morjas.com/product/the-penny-loafer-medium-brown-suede-unlined,in stock
p3118-v4799-s,GB,360 GBP,https://www.morjas.com/product/the-penny-loafer-sand-suede-unlined,in stock
p5-v1519-s,GB,330 GBP,https://www.morjas.com/product/the-penny-loafer-black-calf,in stock
p38-v1522-s,GB,330 GBP,https://www.morjas.com/product/the-penny-loafer-brown-suede,in stock
p7-v1521-s,GB,330 GBP,https://www.morjas.com/product/the-penny-loafer-brown-calf,in stock
p2446-v4058-s,GB,330 GBP,https://www.morjas.com/product/the-penny-loafer-leather-sole-black-grain,in stock
p6-v1520-s,GB,330 GBP,https://www.morjas.com/product/the-penny-loafer-burgundy-calf,in stock
p39-v1523-s,GB,330 GBP,https://www.morjas.com/product/the-penny-loafer-medium-brown-suede,in stock
p2447-v4059-s,GB,330 GBP,https://www.morjas.com/product/the-penny-loafer-leather-sole-brown-grain,in stock
p3120-v4801-s,GB,330 GBP,https://www.morjas.com/product/the-penny-loafer-black-suede-leather-sole,in stock
p1637-v3154-s,GB,330 GBP,https://www.morjas.com/product/the-penny-loafer-black-grain-black-suede,in stock
p3152-v4834-s,GB,330 GBP,https://www.morjas.com/product/the-penny-loafer-black-grain-navy-suede,in stock
p786-v2303-s,GB,330 GBP,https://www.morjas.com/product/the-penny-loafer-rubber-sole-black-calf,in stock
p785-v2302-s,GB,330 GBP,https://www.morjas.com/product/the-penny-loafer-rubber-sole-brown-suede,in stock
p2-v1524-s,GB,330 GBP,https://www.morjas.com/product/the-penny-loafer-black-grain,in stock
p1629-v3146-s,GB,330 GBP,https://www.morjas.com/product/the-penny-loafer-rubber-sole-brown-calf,in stock
p1630-v3147-s,GB,330 GBP,https://www.morjas.com/product/the-penny-loafer-rubber-sole-medium-brown-suede,in stock
p4-v1526-s,GB,330 GBP,https://www.morjas.com/product/the-penny-loafer-brown-grain,in stock
p1628-v3145-s,GB,330 GBP,https://www.morjas.com/product/the-penny-loafer-rubber-sole-burgundy-calf,in stock
p3122-v4803-s,GB,340 GBP,https://www.morjas.com/product/the-ivy-loafer-black-calf,in stock
p3124-v4805-s,GB,340 GBP,https://www.morjas.com/product/the-ivy-loafer-brown-suede,in stock
p7336-v9091-s,GB,340 GBP,https://www.morjas.com/product/the-ivy-loafer-black-grain,in stock
p3123-v4804-s,GB,340 GBP,https://www.morjas.com/product/the-ivy-loafer-burgundy-calf,in stock
p7803-v9585-s,GB,340 GBP,https://www.morjas.com/product/the-ivy-loafer-brown-grain,in stock
p7335-v9090-s,GB,340 GBP,https://www.morjas.com/product/the-ivy-loafer-black-suede,in stock
p3420-v5102-s,GB,340 GBP,https://www.morjas.com/product/the-ivy-loafer-black-calf-rubber-sole,in stock
p3422-v5104-s,GB,340 GBP,https://www.morjas.com/product/the-ivy-loafer-brown-suede-rubber-sole,in stock
p7805-v9587-s,GB,340 GBP,https://www.morjas.com/product/the-ivy-loafer-rubber-sole-black-grain,in stock
p3421-v5103-s,GB,340 GBP,https://www.morjas.com/product/the-ivy-loafer-burgundy-calf-rubber-sole,in stock
p7777-v9559-s,GB,340 GBP,https://www.morjas.com/product/the-ivy-loafer-rubber-sole-brown-grain,in stock
p35-v1527-s,GB,330 GBP,https://www.morjas.com/product/the-tassel-loafer-black-calf,in stock
p9-v1530-s,GB,330 GBP,https://www.morjas.com/product/the-tassel-loafer-brown-suede,in stock
p37-v1529-s,GB,330 GBP,https://www.morjas.com/product/the-tassel-loafer-brown-calf,in stock
p10-v1531-s,GB,330 GBP,https://www.morjas.com/product/the-tassel-loafer-medium-brown-suede,in stock
p36-v1528-s,GB,330 GBP,https://www.morjas.com/product/the-tassel-loafer-burgundy-calf,in stock
p788-v2305-s,GB,330 GBP,https://www.morjas.com/product/the-tassel-loafer-rubber-sole-black-calf,in stock
p787-v2304-s,GB,330 GBP,https://www.morjas.com/product/the-tassel-loafer-rubber-sole-brown-suede,in stock
p1624-v3141-s,GB,330 GBP,https://www.morjas.com/product/the-tassel-loafer-rubber-sole-brown-calf,in stock
p1625-v3142-s,GB,330 GBP,https://www.morjas.com/product/the-tassel-loafer-rubber-sole-medium-brown-suede,in stock
p1623-v3140-s,GB,330 GBP,https://www.morjas.com/product/the-tassel-loafer-rubber-sole-burgundy-calf,in stock
p3691-v5446-s,GB,310 GBP,https://www.morjas.com/product/the-belgian-unlined-beige-suede,in stock
p3690-v5445-s,GB,310 GBP,https://www.morjas.com/product/the-belgian-unlined-taupe-nubuck,in stock
p125-v1642-s,GB,290 GBP,https://www.morjas.com/product/the-belgian-black-suede,in stock
p1643-v3160-s,GB,290 GBP,https://www.morjas.com/product/the-belgian-black-deerskin,in stock
p1644-v3161-s,GB,290 GBP,https://www.morjas.com/product/the-belgian-brown-deerskin,in stock
p7766-v9534-s,GB,290 GBP,https://www.morjas.com/product/the-belgian-black-patent,in stock
p3428-v5110-s,GB,290 GBP,https://www.morjas.com/product/the-belgian-black-deerskin-rubber-sole,in stock
p3427-v5109-s,GB,290 GBP,https://www.morjas.com/product/the-belgian-brown-deerskin-rubber-sole,in stock
p3555-v5310-s,GB,290 GBP,https://www.morjas.com/product/the-belgian-black-suede-rubber-sole,in stock
p1638-v3155-s,GB,340 GBP,https://www.morjas.com/product/the-horsebit-loafer-black-calf,in stock
p1639-v3156-s,GB,340 GBP,https://www.morjas.com/product/the-horsebit-loafer-brown-suede,in stock
p7769-v9537-s,GB,340 GBP,https://www.morjas.com/product/the-horsebit-loafer-black-grain,in stock
p7770-v9538-s,GB,340 GBP,https://www.morjas.com/product/the-horsebit-loafer-brown-grain,in stock
p7773-v9541-s,GB,300 GBP,https://www.morjas.com/product/the-venetian-black-grain,in stock
p7774-v9542-s,GB,300 GBP,https://www.morjas.com/product/the-venetian-brown-grain,in stock
p7775-v9543-s,GB,300 GBP,https://www.morjas.com/product/the-venetian-brown-suede,in stock
p7776-v9544-s,GB,300 GBP,https://www.morjas.com/product/the-venetian-sand-suede,in stock
p7333-v9088-s,GB,340 GBP,https://www.morjas.com/product/the-full-strap-loafer-black-calf,in stock
p123-v1640-s,GB,290 GBP,https://www.morjas.com/product/the-opera-pump-black-patent,in stock
p3130-v4811-s,GB,140 GBP,https://www.morjas.com/product/the-espadrille-beige-suede,out of stock
p2453-v4065-s,GB,140 GBP,https://www.morjas.com/product/the-espadrille-all-black-suede,out of stock
p1648-v3165-s,GB,140 GBP,https://www.morjas.com/product/the-espadrille-taupe-suede,in stock
p783-v2300-s,GB,140 GBP,https://www.morjas.com/product/the-espadrille-navy-suede-1,in stock
p782-v2299-s,GB,140 GBP,https://www.morjas.com/product/the-espadrille-light-grey-suede,in stock
p1649-v3166-s,GB,140 GBP,https://www.morjas.com/product/the-espadrille-ivory-canvas,in stock
p7768-v9536-s,GB,140 GBP,https://www.morjas.com/product/the-espadrille-all-brown-suede,out of stock
p779-v2296-s,GB,140 GBP,https://www.morjas.com/product/the-espadrille-brown-suede,in stock
p3689-v5444-s,GB,250 GBP,https://www.morjas.com/product/the-boat-shoe-brown-grain,in stock
p3142-v4823-s,GB,250 GBP,https://www.morjas.com/product/the-boat-shoe-brown-suede,in stock
p3162-v4844-s,GB,250 GBP,https://www.morjas.com/product/the-boat-shoe-black-grain,in stock
p7782-v9564-s,GB,250 GBP,https://www.morjas.com/product/the-boat-shoe-sand-suede,in stock
p7783-v9565-s,GB,250 GBP,https://www.morjas.com/product/the-boat-shoe-brown-suede-and-brown-calf,in stock
p3141-v4822-s,GB,250 GBP,https://www.morjas.com/product/the-boat-shoe-black-suede-black,in stock
p7779-v9561-s,GB,170 GBP,https://www.morjas.com/product/the-deck-shoe-cream-canvas,in stock
p3685-v5440-s,GB,170 GBP,https://www.morjas.com/product/the-deck-shoe-navy-canvas,in stock
p7778-v9560-s,GB,170 GBP,https://www.morjas.com/product/the-deck-shoe-lavender-canvas,in stock
p7772-v9540-s,GB,180 GBP,https://www.morjas.com/product/the-plimsoll-cream-canvas,in stock
p3681-v5436-s,GB,180 GBP,https://www.morjas.com/product/the-plimsoll-taupe-nubuck,in stock
p7771-v9539-s,GB,180 GBP,https://www.morjas.com/product/the-plimsoll-olive-drab-canvas,in stock
p3682-v5437-s,GB,180 GBP,https://www.morjas.com/product/the-plimsoll-black-suede,in stock
p772-v2289-s,GB,220 GBP,https://www.morjas.com/product/the-sneaker-02-white-leather,in stock
p3678-v5433-s,GB,230 GBP,https://www.morjas.com/product/the-court-sneaker-off-white,in stock
p1659-v3176-s,GB,220 GBP,https://www.morjas.com/product/the-sneaker-02-all-dark-brown-suede,in stock
p2456-v4068-s,GB,220 GBP,https://www.morjas.com/product/the-sneaker-02-nougat-suede,in stock
p766-v2283-s,GB,220 GBP,https://www.morjas.com/product/the-sneaker-02-navy-suede,in stock
p3692-v5447-s,GB,220 GBP,https://www.morjas.com/product/the-sneaker-02-beige-suede,in stock
p7767-v9535-s,GB,230 GBP,https://www.morjas.com/product/the-court-sneaker-nougat-suede,in stock
p1660-v3177-s,GB,220 GBP,https://www.morjas.com/product/the-sneaker-02-all-black-suede,in stock
p3679-v5434-s,GB,230 GBP,https://www.morjas.com/product/the-court-sneaker-brown,in stock
p3680-v5435-s,GB,230 GBP,https://www.morjas.com/product/the-court-sneaker-black,in stock
p3675-v5430-s,GB,280 GBP,https://www.morjas.com/product/the-trainer-white,in stock
p3677-v5432-s,GB,280 GBP,https://www.morjas.com/product/the-trainer-navy-black,in stock
p3676-v5431-s,GB,280 GBP,https://www.morjas.com/product/the-trainer-taupe,in stock
p7802-v9584-s,GB,200 GBP,https://www.morjas.com/product/the-costa-sandal-black-grain,in stock
p7756-v9514-s,GB,350 GBP,https://www.morjas.com/product/the-camp-moc-mull-nubuck,in stock
p7755-v9513-s,GB,380 GBP,https://www.morjas.com/product/the-camp-moc-black-deerskin,out of stock
p11-v1533-s,GB,330 GBP,https://www.morjas.com/product/the-oxford-black-calf,in stock
p16-v1538-s,GB,330 GBP,https://www.morjas.com/product/the-oxford-black-patent,in stock
p13-v1535-s,GB,330 GBP,https://www.morjas.com/product/the-oxford-brown-calf,in stock
p12-v1534-s,GB,330 GBP,https://www.morjas.com/product/the-oxford-burgundy-calf,in stock
p14-v1536-s,GB,330 GBP,https://www.morjas.com/product/the-oxford-brown-suede,in stock
p789-v2306-s,GB,330 GBP,https://www.morjas.com/product/the-oxford-rubber-sole-black-calf,in stock
p1632-v3149-s,GB,330 GBP,https://www.morjas.com/product/the-oxford-rubber-sole-brown-calf,in stock
p1631-v3148-s,GB,330 GBP,https://www.morjas.com/product/the-oxford-rubber-sole-burgundy-calf,in stock
p1633-v3150-s,GB,330 GBP,https://www.morjas.com/product/the-oxford-rubber-sole-brown-suede,in stock
p803-v2320-s,GB,330 GBP,https://www.morjas.com/product/the-adelaide-black-calf,in stock
p2443-v4055-s,GB,330 GBP,https://www.morjas.com/product/the-adelaide-brown-calf,in stock
p1635-v3152-s,GB,330 GBP,https://www.morjas.com/product/the-adelaide-brown-suede,in stock
p3424-v5106-s,GB,340 GBP,https://www.morjas.com/product/the-split-toe-derby-brown-grain,in stock
p3425-v5107-s,GB,340 GBP,https://www.morjas.com/product/the-split-toe-derby-black-calf,in stock
p3660-v5415-s,GB,340 GBP,https://www.morjas.com/product/the-split-toe-derby-black-grain,in stock
p3423-v5105-s,GB,340 GBP,https://www.morjas.com/product/the-split-toe-derby-brown-suede,in stock
p7786-v9568-s,GB,340 GBP,https://www.morjas.com/product/the-split-toe-derby-polo-suede,in stock
p31-v1541-s,GB,340 GBP,https://www.morjas.com/product/the-derby-brown-calf,in stock
p29-v1539-s,GB,340 GBP,https://www.morjas.com/product/the-derby-black-calf,in stock
p32-v1542-s,GB,340 GBP,https://www.morjas.com/product/the-derby-brown-suede,in stock
p33-v1543-s,GB,340 GBP,https://www.morjas.com/product/the-derby-medium-brown-suede,in stock
p28-v1546-s,GB,340 GBP,https://www.morjas.com/product/the-derby-brown-grain,in stock
p30-v1540-s,GB,340 GBP,https://www.morjas.com/product/the-derby-burgundy-calf,in stock
p26-v1544-s,GB,340 GBP,https://www.morjas.com/product/the-derby-black-grain,in stock
p20-v1548-s,GB,340 GBP,https://www.morjas.com/product/the-plain-toe-blucher-black-calf,in stock
p7784-v9566-s,GB,340 GBP,https://www.morjas.com/product/the-plain-toe-blucher-beige-suede,in stock
p44-v1572-s,GB,330 GBP,https://www.morjas.com/product/the-double-monkstrap-black-calf,in stock
p45-v1574-s,GB,330 GBP,https://www.morjas.com/product/the-double-monkstrap-brown-calf,in stock
p49-v1567-s,GB,340 GBP,https://www.morjas.com/product/the-single-monkstrap-black-calf,in stock
p46-v1573-s,GB,330 GBP,https://www.morjas.com/product/the-double-monkstrap-burgundy-calf,in stock
p7787-v9569-s,GB,340 GBP,https://www.morjas.com/product/the-single-monkstrap-brown-suede,in stock
p47-v1575-s,GB,330 GBP,https://www.morjas.com/product/the-double-monkstrap-brown-suede,in stock
p54-v1562-s,GB,370 GBP,https://www.morjas.com/product/the-chelsea-black-calf,in stock
p57-v1565-s,GB,370 GBP,https://www.morjas.com/product/the-chelsea-brown-suede,in stock
p3426-v5108-s,GB,370 GBP,https://www.morjas.com/product/the-chelsea-black-suede,in stock
p56-v1564-s,GB,370 GBP,https://www.morjas.com/product/the-chelsea-brown-calf,in stock
p7757-v9515-s,GB,370 GBP,https://www.morjas.com/product/the-unlined-chukka-brown-suede,in stock
p63-v1561-s,GB,370 GBP,https://www.morjas.com/product/the-chukka-medium-brown-suede,in stock
p62-v1560-s,GB,370 GBP,https://www.morjas.com/product/the-chukka-brown-suede,in stock
p7733-v9488-s,GB,370 GBP,https://www.morjas.com/product/the-moc-toe-chukka-black-grain,in stock
p7732-v9487-s,GB,370 GBP,https://www.morjas.com/product/the-moc-toe-chukka-brown-suede-brown-grain,in stock
p77-v1594-s,GB,370 GBP,https://www.morjas.com/product/the-jumper-boot-black-grain,in stock
p78-v1595-s,GB,370 GBP,https://www.morjas.com/product/the-jumper-boot-brown-suede,in stock
p1684-v3212-s,GB,370 GBP,https://www.morjas.com/product/the-jumper-boot-brown-grain,in stock
p7726-v9481-s,GB,370 GBP,https://www.morjas.com/product/the-jumper-boot-black-calf,out of stock
p7745-v9500-s,GB,380 GBP,https://www.morjas.com/product/the-hybrid-hiker-black-leather,in stock
p3431-v5113-s,GB,370 GBP,https://www.morjas.com/product/the-hybrid-hiker-brown-nubuck,in stock
p3432-v5114-s,GB,370 GBP,https://www.morjas.com/product/the-hybrid-hiker-black-grain,in stock
p7731-v9486-s,GB,370 GBP,https://www.morjas.com/product/the-hybrid-hiker-taupe-suede,in stock
p3430-v5112-s,GB,370 GBP,https://www.morjas.com/product/the-hybrid-hiker-sand-suede,in stock
p7730-v9485-s,GB,380 GBP,https://www.morjas.com/product/the-hybrid-hiker-black-pony-hair,in stock
p1686-v3214-s,GB,400 GBP,https://www.morjas.com/product/the-hiking-boot-brown-grain,in stock
p813-v2330-s,GB,400 GBP,https://www.morjas.com/product/the-hiking-boot-black-grain,in stock
p3433-v5115-s,GB,400 GBP,https://www.morjas.com/product/the-hiking-boot-mudguard-edition,in stock
p7729-v9484-s,GB,400 GBP,https://www.morjas.com/product/the-hiking-boot-black-suede-mudguard,in stock
p1689-v3217-s,GB,420 GBP,https://www.morjas.com/product/the-alpine-boot-black-suede,in stock
p1690-v3218-s,GB,420 GBP,https://www.morjas.com/product/the-alpine-boot-brown-suede,in stock
p7728-v9483-s,GB,420 GBP,https://www.morjas.com/product/the-alpine-boot-black-grain,in stock
p7727-v9482-s,GB,420 GBP,https://www.morjas.com/product/the-alpine-boot-brown-grain,in stock
p7746-v9501-s,GB,420 GBP,https://www.morjas.com/product/the-country-boot-brown-nubuck-and-brown-grain,in stock
p1687-v3215-s,GB,370 GBP,https://www.morjas.com/product/the-monkey-boot-black-grain,in stock
p7337-v9092-s,GB,120 GBP,https://www.morjas.com/product/the-belt-black-suede,in stock
p7338-v9093-s,GB,130 GBP,https://www.morjas.com/product/the-belt-brown-pony-hair,in stock
p7339-v9094-s,GB,130 GBP,https://www.morjas.com/product/the-belt-black-pony-hair,in stock
p2460-v4072-s,GB,120 GBP,https://www.morjas.com/product/the-belt-sand-suede,in stock
p2461-v4073-s,GB,120 GBP,https://www.morjas.com/product/the-belt-taupe-suede,in stock
p7763-v9531-s,GB,120 GBP,https://www.morjas.com/product/the-belt-black-suede-wide-braided,in stock
p7764-v9532-s,GB,120 GBP,https://www.morjas.com/product/the-belt-brown-suede-wide-braided,in stock
p664-v2181-s,GB,120 GBP,https://www.morjas.com/product/the-belt-black-grain,in stock
p665-v2182-s,GB,120 GBP,https://www.morjas.com/product/the-belt-brown-grain,in stock
p760-v2277-s,GB,120 GBP,https://www.morjas.com/product/the-belt-brown-suede-1,in stock
p761-v2278-s,GB,120 GBP,https://www.morjas.com/product/the-belt-medium-brown-suede-1,in stock
p762-v2279-s,GB,120 GBP,https://www.morjas.com/product/the-belt-black-braided,in stock
p763-v2280-s,GB,120 GBP,https://www.morjas.com/product/the-belt-brown-braided,in stock
p3126-v4807-s,GB,120 GBP,https://www.morjas.com/product/the-belt-black-wide-braided,in stock
p3127-v4808-s,GB,120 GBP,https://www.morjas.com/product/the-belt-brown-wide-braided,in stock
p3418-v5100-s,GB,120 GBP,https://www.morjas.com/product/the-belt-black-calf-matte-gold-buckle,in stock
p666-v2183-s,GB,120 GBP,https://www.morjas.com/product/the-belt-black-embossed,in stock
p757-v2274-s,GB,120 GBP,https://www.morjas.com/product/the-belt-black-calf-1,in stock
p758-v2275-s,GB,120 GBP,https://www.morjas.com/product/the-belt-burgundy-calf-1,in stock
p759-v2276-s,GB,120 GBP,https://www.morjas.com/product/the-belt-brown-calf-1,in stock
p3419-v5101-s,GB,120 GBP,https://www.morjas.com/product/the-belt-black-grain-silver-buckle,in stock
p7765-v9533-s,GB,120 GBP,https://www.morjas.com/product/the-belt-mull-nubuck-silver-buckle,in stock
p7813-v9595-s,GB,120 GBP,https://www.morjas.com/product/the-belt-matte-gold-buckle-black-embossed,in stock
p7807-v9589-s,GB,120 GBP,https://www.morjas.com/product/the-belt-matte-gold-buckle-brown-calf,in stock
p7806-v9588-s,GB,120 GBP,https://www.morjas.com/product/the-belt-matte-gold-buckle-burgundy-calf,in stock
p7808-v9590-s,GB,120 GBP,https://www.morjas.com/product/the-belt-silver-buckle-black-suede,in stock
p7809-v9591-s,GB,120 GBP,https://www.morjas.com/product/the-belt-silver-buckle-brown-suede,in stock
p7810-v9592-s,GB,120 GBP,https://www.morjas.com/product/the-belt-silver-buckle-medium-brown-suede,in stock
p7811-v9593-s,GB,120 GBP,https://www.morjas.com/product/the-belt-silver-buckle-sand-suede,in stock
p7812-v9594-s,GB,120 GBP,https://www.morjas.com/product/the-belt-silver-buckle-taupe-suede,in stock
p7814-v9596-s,GB,120 GBP,https://www.morjas.com/product/the-belt-silver-buckle-brown-grain,in stock
p7759-v9527-s,GB,90 GBP,https://www.morjas.com/product/the-card-holder-truffle-grey-embossed,in stock
p7760-v9528-s,GB,110 GBP,https://www.morjas.com/product/the-foldable-card-holder-truffle-grey-embossed,in stock
p7761-v9529-s,GB,75 GBP,https://www.morjas.com/product/the-luggage-tag-truffle-grey-embossed,in stock
p7762-v9530-s,GB,110 GBP,https://www.morjas.com/product/the-passport-holder-truffle-grey-embossed,in stock
p2449-v4061-s,GB,180 GBP,https://www.morjas.com/product/the-sleeve-black-grain,in stock
p1697-v3225-s,GB,230 GBP,https://www.morjas.com/product/the-toiletry-bag-black-grain,in stock
p1693-v3221-s,GB,120 GBP,https://www.morjas.com/product/the-wallet-black-grain,out of stock
p1694-v3222-s,GB,120 GBP,https://www.morjas.com/product/the-wallet-brown-grain,out of stock
p3121-v4802-s,GB,35 GBP,https://www.morjas.com/product/the-silk-sock-black-knee-high,in stock
p1471-v2988-s,GB,20 GBP,https://www.morjas.com/product/the-sock-black-ribbed-knee-high,in stock
p1472-v2989-s,GB,20 GBP,https://www.morjas.com/product/the-sock-navy-ribbed-knee-high,in stock
p1473-v2990-s,GB,20 GBP,https://www.morjas.com/product/the-sock-brown-ribbed-knee-high,in stock
p1474-v2991-s,GB,20 GBP,https://www.morjas.com/product/the-sock-dark-grey-ribbed-ribbed-knee-high,in stock
p1475-v2992-s,GB,20 GBP,https://www.morjas.com/product/the-sock-mid-grey-ribbed-knee-high,in stock
p1621-v3138-s,GB,20 GBP,https://www.morjas.com/product/the-sock-sand-ribbed-knee-high,in stock
p3694-v5449-s,GB,20 GBP,https://www.morjas.com/product/the-sock-knee-high-light-blue-ribbed,in stock
p76-v1593-s,GB,20 GBP,https://www.morjas.com/product/the-sock-navy-ribbed-mid-calf,in stock
p1700-v3228-s,GB,20 GBP,https://www.morjas.com/product/the-sock-dark-grey-ribbed-mid-calf,in stock
p1701-v3229-s,GB,20 GBP,https://www.morjas.com/product/the-sock-mid-grey-ribbed-mid-calf,in stock
p75-v1592-s,GB,20 GBP,https://www.morjas.com/product/the-sock-black-ribbed-mid-calf,in stock
p1702-v3230-s,GB,20 GBP,https://www.morjas.com/product/the-sock-brown-ribbed-mid-calf,out of stock
p1703-v3231-s,GB,20 GBP,https://www.morjas.com/product/the-sock-sand-ribbed-mid-calf,in stock
p3693-v5448-s,GB,20 GBP,https://www.morjas.com/product/the-sock-mid-calf-off-white-ribbed,in stock
p3115-v4796-s,GB,20 GBP,https://www.morjas.com/product/the-wool-sock-navy-ribbed-mid-calf,out of stock
p3116-v4797-s,GB,20 GBP,https://www.morjas.com/product/the-wool-sock-mid-brown-ribbed-mid-calf,out of stock
p3117-v4798-s,GB,20 GBP,https://www.morjas.com/product/the-wool-sock-ecru-ribbed-mid-calf,out of stock
p3668-v5423-s,GB,300 GBP,https://www.morjas.com/product/women-the-ballet-flat-black-nappa,in stock
p3667-v5422-s,GB,300 GBP,https://www.morjas.com/product/women-the-ballet-flat-brown-nappa,in stock
p7716-v9471-s,GB,300 GBP,https://www.morjas.com/product/women-the-ballet-flat-black-suede,in stock
p7796-v9578-s,GB,300 GBP,https://www.morjas.com/product/women-the-ballet-flat-ruby-nappa,in stock
p3665-v5420-s,GB,300 GBP,https://www.morjas.com/product/women-the-ballet-flat-greige-suede,in stock
p3666-v5421-s,GB,300 GBP,https://www.morjas.com/product/women-the-ballet-flat-ivory-nappa,in stock
p7822-v9606-s,GB,300 GBP,https://www.morjas.com/product/women-the-ballet-flat-leather-sole-black-nappa,in stock
p7823-v9607-s,GB,300 GBP,https://www.morjas.com/product/women-the-ballet-flat-leather-sole-black-suede,in stock
p7800-v9582-s,GB,370 GBP,https://www.morjas.com/product/women-the-soft-moc-brown-grain,in stock
p7799-v9581-s,GB,370 GBP,https://www.morjas.com/product/women-the-soft-moc-black-grain,in stock
p7801-v9583-s,GB,370 GBP,https://www.morjas.com/product/women-the-soft-moc-brown-suede,in stock
p3672-v5427-s,GB,350 GBP,https://www.morjas.com/product/women-the-penny-loafer-black-calf,in stock
p7718-v9473-s,GB,350 GBP,https://www.morjas.com/product/women-the-penny-loafer-brown-suede,in stock
p3673-v5428-s,GB,350 GBP,https://www.morjas.com/product/women-the-penny-loafer-burgundy-calf,in stock
p3674-v5429-s,GB,350 GBP,https://www.morjas.com/product/women-the-penny-loafer-ivory-calf,in stock
p7717-v9472-s,GB,350 GBP,https://www.morjas.com/product/women-the-penny-loafer-black-suede,in stock
p3702-v5457-s,GB,250 GBP,https://www.morjas.com/product/women-the-paloma-sandal-tan-nappa,in stock
p3703-v5458-s,GB,250 GBP,https://www.morjas.com/product/women-the-paloma-sandal-black-nappa,in stock
p3704-v5459-s,GB,250 GBP,https://www.morjas.com/product/women-the-paloma-sandal-brown-nappa,in stock
p7788-v9570-s,GB,250 GBP,https://www.morjas.com/product/women-the-paloma-sandal-taupe-grain,in stock
p7723-v9478-s,GB,440 GBP,https://www.morjas.com/product/women-the-ankle-boot-brown-nappa,in stock
p7722-v9477-s,GB,440 GBP,https://www.morjas.com/product/women-the-ankle-boot-black-nappa,in stock
p7724-v9479-s,GB,440 GBP,https://www.morjas.com/product/women-the-ankle-boot-black-suede,in stock
p7725-v9480-s,GB,440 GBP,https://www.morjas.com/product/women-the-ankle-boot-brown-suede,in stock
p3698-v5453-s,GB,140 GBP,https://www.morjas.com/product/women-the-espadrille-beige-suede,in stock
p3697-v5452-s,GB,140 GBP,https://www.morjas.com/product/women-the-espadrille-taupe-suede,in stock
p3699-v5454-s,GB,140 GBP,https://www.morjas.com/product/women-the-espadrille-black-suede,in stock
p7790-v9572-s,GB,300 GBP,https://www.morjas.com/product/women-the-boat-shoe-brown-suede,in stock
p7789-v9571-s,GB,300 GBP,https://www.morjas.com/product/women-the-boat-shoe-black-grain,in stock
p3701-v5456-s,GB,300 GBP,https://www.morjas.com/product/women-the-boat-shoe-sand-suede,in stock
p3700-v5455-s,GB,300 GBP,https://www.morjas.com/product/women-the-boat-shoe-white-grain,in stock
p7820-v9602-s,GB,320 GBP,https://www.morjas.com/product/women-the-flat-slingback-black-embossed,in stock
p7791-v9573-s,GB,400 GBP,https://www.morjas.com/product/women-the-slingback-ivory-nappa,in stock
p3671-v5426-s,GB,400 GBP,https://www.morjas.com/product/women-the-slingback-black-nappa,in stock
p3669-v5424-s,GB,400 GBP,https://www.morjas.com/product/women-the-slingback-taupe-suede,in stock
p7749-v9507-s,GB,410 GBP,https://www.morjas.com/product/women-the-city-boot-black-calf,in stock
p7750-v9508-s,GB,410 GBP,https://www.morjas.com/product/women-the-city-boot-brown-calf,in stock
p7793-v9575-s,GB,420 GBP,https://www.morjas.com/product/women-the-dorsay-pump-brown-nappa,in stock
p7792-v9574-s,GB,420 GBP,https://www.morjas.com/product/women-the-dorsay-pump-black-nappa,in stock
p7748-v9506-s,GB,650 GBP,https://www.morjas.com/product/women-the-riding-boot-black-calf,in stock
p7818-v9600-s,GB,330 GBP,https://www.morjas.com/product/women-the-sandalette-brown-nappa,in stock
p7819-v9601-s,GB,330 GBP,https://www.morjas.com/product/women-the-sandalette-black-nappa,in stock
p7817-v9599-s,GB,330 GBP,https://www.morjas.com/product/women-the-sandalette-ivory-nappa,in stock
p7816-v9598-s,GB,270 GBP,https://www.morjas.com/product/women-the-verona-sandal-black-nappa,in stock
p7815-v9597-s,GB,270 GBP,https://www.morjas.com/product/women-the-verona-sandal-brown-suede,in stock
p7721-v9476-s,GB,380 GBP,https://www.morjas.com/product/women-the-pump-black-nappa,in stock
p7719-v9474-s,GB,380 GBP,https://www.morjas.com/product/women-the-pump-brown-suede,in stock
p7720-v9475-s,GB,380 GBP,https://www.morjas.com/product/women-the-pump-caramel-nappa,in stock
p7794-v9576-s,GB,450 GBP,https://www.morjas.com/product/women-the-stiletto-boot-black-nappa,in stock
p7795-v9577-s,GB,450 GBP,https://www.morjas.com/product/women-the-stiletto-boot-truffle-suede,in stock
p7752-v9510-s,GB,20 GBP,https://www.morjas.com/product/women-the-sock-black,in stock
p7751-v9509-s,GB,20 GBP,https://www.morjas.com/product/women-the-sock-brown,in stock
p3954-v5709-s,GB,20 GBP,https://www.morjas.com/product/women-the-sock-off-white,in stock
p7740-v9495-s,GB,120 GBP,https://www.morjas.com/product/women-the-belt-black-nappa-20-mm,in stock
p7798-v9580-s,GB,120 GBP,https://www.morjas.com/product/women-the-belt-tan-grain-20-mm,in stock
p7797-v9579-s,GB,120 GBP,https://www.morjas.com/product/women-the-belt-ivory-nappa-20-mm,in stock
p7742-v9497-s,GB,140 GBP,https://www.morjas.com/product/women-the-belt-black-nappa-40-mm,in stock
p7741-v9496-s,GB,140 GBP,https://www.morjas.com/product/women-the-belt-brown-nappa-40-mm,in stock
p7743-v9498-s,GB,140 GBP,https://www.morjas.com/product/women-the-belt-black-suede-50-mm,in stock
p7744-v9499-s,GB,140 GBP,https://www.morjas.com/product/women-the-belt-brown-suede-50-mm,in stock
p7821-v9605-s,GB,300 GBP,https://www.morjas.com/product/women-the-ballet-flat-leather-sole-brown-nappa,in stock
p3670-v5425-s,GB,400 GBP,https://www.morjas.com/product/women-the-slingback-dove-blue-suede,in stock
p7753-v9511-s,GB,510 GBP,https://www.morjas.com/product/women-the-chalet-boot-brown-pony-hair,in stock
p3953-v9504-s,GB,480 GBP,https://www.morjas.com/product/women-the-chalet-boot-brown-calf,in stock
p3952-v9503-s,GB,480 GBP,https://www.morjas.com/product/women-the-chalet-boot-black-calf,out of stock
p7825-v9609-s,DK,2900 DKK,https://www.morjas.com/product/the-ivy-loafer-rubber-sole-black-suede,in stock
p764-v2281-s,DK,3000 DKK,https://www.morjas.com/product/the-penny-loafer-brown-suede-unlined,in stock
p1627-v3144-s,DK,3000 DKK,https://www.morjas.com/product/the-penny-loafer-medium-brown-suede-unlined,in stock
p3118-v4799-s,DK,3000 DKK,https://www.morjas.com/product/the-penny-loafer-sand-suede-unlined,in stock
p5-v1519-s,DK,2700 DKK,https://www.morjas.com/product/the-penny-loafer-black-calf,in stock
p38-v1522-s,DK,2700 DKK,https://www.morjas.com/product/the-penny-loafer-brown-suede,in stock
p7-v1521-s,DK,2700 DKK,https://www.morjas.com/product/the-penny-loafer-brown-calf,in stock
p2446-v4058-s,DK,2700 DKK,https://www.morjas.com/product/the-penny-loafer-leather-sole-black-grain,in stock
p6-v1520-s,DK,2700 DKK,https://www.morjas.com/product/the-penny-loafer-burgundy-calf,in stock
p39-v1523-s,DK,2700 DKK,https://www.morjas.com/product/the-penny-loafer-medium-brown-suede,in stock
p2447-v4059-s,DK,2700 DKK,https://www.morjas.com/product/the-penny-loafer-leather-sole-brown-grain,in stock
p3120-v4801-s,DK,2700 DKK,https://www.morjas.com/product/the-penny-loafer-black-suede-leather-sole,in stock
p1637-v3154-s,DK,2700 DKK,https://www.morjas.com/product/the-penny-loafer-black-grain-black-suede,in stock
p3152-v4834-s,DK,2700 DKK,https://www.morjas.com/product/the-penny-loafer-black-grain-navy-suede,in stock
p786-v2303-s,DK,2700 DKK,https://www.morjas.com/product/the-penny-loafer-rubber-sole-black-calf,in stock
p785-v2302-s,DK,2700 DKK,https://www.morjas.com/product/the-penny-loafer-rubber-sole-brown-suede,in stock
p2-v1524-s,DK,2700 DKK,https://www.morjas.com/product/the-penny-loafer-black-grain,in stock
p1629-v3146-s,DK,2700 DKK,https://www.morjas.com/product/the-penny-loafer-rubber-sole-brown-calf,in stock
p1630-v3147-s,DK,2700 DKK,https://www.morjas.com/product/the-penny-loafer-rubber-sole-medium-brown-suede,in stock
p4-v1526-s,DK,2700 DKK,https://www.morjas.com/product/the-penny-loafer-brown-grain,in stock
p1628-v3145-s,DK,2700 DKK,https://www.morjas.com/product/the-penny-loafer-rubber-sole-burgundy-calf,in stock
p3122-v4803-s,DK,2900 DKK,https://www.morjas.com/product/the-ivy-loafer-black-calf,in stock
p3124-v4805-s,DK,2900 DKK,https://www.morjas.com/product/the-ivy-loafer-brown-suede,in stock
p7336-v9091-s,DK,2900 DKK,https://www.morjas.com/product/the-ivy-loafer-black-grain,in stock
p3123-v4804-s,DK,2900 DKK,https://www.morjas.com/product/the-ivy-loafer-burgundy-calf,in stock
p7803-v9585-s,DK,2900 DKK,https://www.morjas.com/product/the-ivy-loafer-brown-grain,in stock
p7335-v9090-s,DK,2900 DKK,https://www.morjas.com/product/the-ivy-loafer-black-suede,in stock
p3420-v5102-s,DK,2900 DKK,https://www.morjas.com/product/the-ivy-loafer-black-calf-rubber-sole,in stock
p3422-v5104-s,DK,2900 DKK,https://www.morjas.com/product/the-ivy-loafer-brown-suede-rubber-sole,in stock
p7805-v9587-s,DK,2900 DKK,https://www.morjas.com/product/the-ivy-loafer-rubber-sole-black-grain,in stock
p3421-v5103-s,DK,2900 DKK,https://www.morjas.com/product/the-ivy-loafer-burgundy-calf-rubber-sole,in stock
p7777-v9559-s,DK,2900 DKK,https://www.morjas.com/product/the-ivy-loafer-rubber-sole-brown-grain,in stock
p35-v1527-s,DK,2700 DKK,https://www.morjas.com/product/the-tassel-loafer-black-calf,in stock
p9-v1530-s,DK,2700 DKK,https://www.morjas.com/product/the-tassel-loafer-brown-suede,in stock
p37-v1529-s,DK,2700 DKK,https://www.morjas.com/product/the-tassel-loafer-brown-calf,in stock
p10-v1531-s,DK,2700 DKK,https://www.morjas.com/product/the-tassel-loafer-medium-brown-suede,in stock
p36-v1528-s,DK,2700 DKK,https://www.morjas.com/product/the-tassel-loafer-burgundy-calf,in stock
p788-v2305-s,DK,2700 DKK,https://www.morjas.com/product/the-tassel-loafer-rubber-sole-black-calf,in stock
p787-v2304-s,DK,2700 DKK,https://www.morjas.com/product/the-tassel-loafer-rubber-sole-brown-suede,in stock
p1624-v3141-s,DK,2700 DKK,https://www.morjas.com/product/the-tassel-loafer-rubber-sole-brown-calf,in stock
p1625-v3142-s,DK,2700 DKK,https://www.morjas.com/product/the-tassel-loafer-rubber-sole-medium-brown-suede,in stock
p1623-v3140-s,DK,2700 DKK,https://www.morjas.com/product/the-tassel-loafer-rubber-sole-burgundy-calf,in stock
p3691-v5446-s,DK,2700 DKK,https://www.morjas.com/product/the-belgian-unlined-beige-suede,in stock
p3690-v5445-s,DK,2700 DKK,https://www.morjas.com/product/the-belgian-unlined-taupe-nubuck,in stock
p125-v1642-s,DK,2500 DKK,https://www.morjas.com/product/the-belgian-black-suede,in stock
p1643-v3160-s,DK,2500 DKK,https://www.morjas.com/product/the-belgian-black-deerskin,in stock
p1644-v3161-s,DK,2500 DKK,https://www.morjas.com/product/the-belgian-brown-deerskin,in stock
p7766-v9534-s,DK,2500 DKK,https://www.morjas.com/product/the-belgian-black-patent,in stock
p3428-v5110-s,DK,2500 DKK,https://www.morjas.com/product/the-belgian-black-deerskin-rubber-sole,in stock
p3427-v5109-s,DK,2500 DKK,https://www.morjas.com/product/the-belgian-brown-deerskin-rubber-sole,in stock
p3555-v5310-s,DK,2500 DKK,https://www.morjas.com/product/the-belgian-black-suede-rubber-sole,in stock
p1638-v3155-s,DK,2800 DKK,https://www.morjas.com/product/the-horsebit-loafer-black-calf,in stock
p1639-v3156-s,DK,2800 DKK,https://www.morjas.com/product/the-horsebit-loafer-brown-suede,in stock
p7769-v9537-s,DK,2800 DKK,https://www.morjas.com/product/the-horsebit-loafer-black-grain,in stock
p7770-v9538-s,DK,2800 DKK,https://www.morjas.com/product/the-horsebit-loafer-brown-grain,in stock
p7773-v9541-s,DK,2400 DKK,https://www.morjas.com/product/the-venetian-black-grain,in stock
p7774-v9542-s,DK,2400 DKK,https://www.morjas.com/product/the-venetian-brown-grain,in stock
p7775-v9543-s,DK,2400 DKK,https://www.morjas.com/product/the-venetian-brown-suede,in stock
p7776-v9544-s,DK,2400 DKK,https://www.morjas.com/product/the-venetian-sand-suede,in stock
p7333-v9088-s,DK,2900 DKK,https://www.morjas.com/product/the-full-strap-loafer-black-calf,in stock
p123-v1640-s,DK,2500 DKK,https://www.morjas.com/product/the-opera-pump-black-patent,in stock
p3130-v4811-s,DK,1100 DKK,https://www.morjas.com/product/the-espadrille-beige-suede,out of stock
p2453-v4065-s,DK,1100 DKK,https://www.morjas.com/product/the-espadrille-all-black-suede,out of stock
p1648-v3165-s,DK,1100 DKK,https://www.morjas.com/product/the-espadrille-taupe-suede,in stock
p783-v2300-s,DK,1100 DKK,https://www.morjas.com/product/the-espadrille-navy-suede-1,in stock
p782-v2299-s,DK,1100 DKK,https://www.morjas.com/product/the-espadrille-light-grey-suede,in stock
p1649-v3166-s,DK,1000 DKK,https://www.morjas.com/product/the-espadrille-ivory-canvas,in stock
p7768-v9536-s,DK,1100 DKK,https://www.morjas.com/product/the-espadrille-all-brown-suede,out of stock
p779-v2296-s,DK,1100 DKK,https://www.morjas.com/product/the-espadrille-brown-suede,in stock
p3689-v5444-s,DK,2200 DKK,https://www.morjas.com/product/the-boat-shoe-brown-grain,in stock
p3142-v4823-s,DK,2200 DKK,https://www.morjas.com/product/the-boat-shoe-brown-suede,in stock
p3162-v4844-s,DK,2200 DKK,https://www.morjas.com/product/the-boat-shoe-black-grain,in stock
p7782-v9564-s,DK,2200 DKK,https://www.morjas.com/product/the-boat-shoe-sand-suede,in stock
p7783-v9565-s,DK,2200 DKK,https://www.morjas.com/product/the-boat-shoe-brown-suede-and-brown-calf,in stock
p3141-v4822-s,DK,2200 DKK,https://www.morjas.com/product/the-boat-shoe-black-suede-black,in stock
p7779-v9561-s,DK,1400 DKK,https://www.morjas.com/product/the-deck-shoe-cream-canvas,in stock
p3685-v5440-s,DK,1400 DKK,https://www.morjas.com/product/the-deck-shoe-navy-canvas,in stock
p7778-v9560-s,DK,1400 DKK,https://www.morjas.com/product/the-deck-shoe-lavender-canvas,in stock
p7772-v9540-s,DK,1500 DKK,https://www.morjas.com/product/the-plimsoll-cream-canvas,in stock
p3681-v5436-s,DK,1500 DKK,https://www.morjas.com/product/the-plimsoll-taupe-nubuck,in stock
p7771-v9539-s,DK,1500 DKK,https://www.morjas.com/product/the-plimsoll-olive-drab-canvas,in stock
p3682-v5437-s,DK,1500 DKK,https://www.morjas.com/product/the-plimsoll-black-suede,in stock
p772-v2289-s,DK,1800 DKK,https://www.morjas.com/product/the-sneaker-02-white-leather,in stock
p3678-v5433-s,DK,1900 DKK,https://www.morjas.com/product/the-court-sneaker-off-white,in stock
p1659-v3176-s,DK,1800 DKK,https://www.morjas.com/product/the-sneaker-02-all-dark-brown-suede,in stock
p2456-v4068-s,DK,1800 DKK,https://www.morjas.com/product/the-sneaker-02-nougat-suede,in stock
p766-v2283-s,DK,1800 DKK,https://www.morjas.com/product/the-sneaker-02-navy-suede,in stock
p3692-v5447-s,DK,1800 DKK,https://www.morjas.com/product/the-sneaker-02-beige-suede,in stock
p7767-v9535-s,DK,1900 DKK,https://www.morjas.com/product/the-court-sneaker-nougat-suede,in stock
p1660-v3177-s,DK,1800 DKK,https://www.morjas.com/product/the-sneaker-02-all-black-suede,in stock
p3679-v5434-s,DK,1900 DKK,https://www.morjas.com/product/the-court-sneaker-brown,in stock
p3680-v5435-s,DK,1900 DKK,https://www.morjas.com/product/the-court-sneaker-black,in stock
p3675-v5430-s,DK,2300 DKK,https://www.morjas.com/product/the-trainer-white,in stock
p3677-v5432-s,DK,2300 DKK,https://www.morjas.com/product/the-trainer-navy-black,in stock
p3676-v5431-s,DK,2300 DKK,https://www.morjas.com/product/the-trainer-taupe,in stock
p7802-v9584-s,DK,1600 DKK,https://www.morjas.com/product/the-costa-sandal-black-grain,in stock
p7756-v9514-s,DK,2800 DKK,https://www.morjas.com/product/the-camp-moc-mull-nubuck,in stock
p7755-v9513-s,DK,3100 DKK,https://www.morjas.com/product/the-camp-moc-black-deerskin,out of stock
p11-v1533-s,DK,2700 DKK,https://www.morjas.com/product/the-oxford-black-calf,in stock
p16-v1538-s,DK,2700 DKK,https://www.morjas.com/product/the-oxford-black-patent,in stock
p13-v1535-s,DK,2700 DKK,https://www.morjas.com/product/the-oxford-brown-calf,in stock
p12-v1534-s,DK,2700 DKK,https://www.morjas.com/product/the-oxford-burgundy-calf,in stock
p14-v1536-s,DK,2700 DKK,https://www.morjas.com/product/the-oxford-brown-suede,in stock
p789-v2306-s,DK,2700 DKK,https://www.morjas.com/product/the-oxford-rubber-sole-black-calf,in stock
p1632-v3149-s,DK,2700 DKK,https://www.morjas.com/product/the-oxford-rubber-sole-brown-calf,in stock
p1631-v3148-s,DK,2700 DKK,https://www.morjas.com/product/the-oxford-rubber-sole-burgundy-calf,in stock
p1633-v3150-s,DK,2700 DKK,https://www.morjas.com/product/the-oxford-rubber-sole-brown-suede,in stock
p803-v2320-s,DK,2700 DKK,https://www.morjas.com/product/the-adelaide-black-calf,in stock
p2443-v4055-s,DK,2700 DKK,https://www.morjas.com/product/the-adelaide-brown-calf,in stock
p1635-v3152-s,DK,2700 DKK,https://www.morjas.com/product/the-adelaide-brown-suede,in stock
p3424-v5106-s,DK,2900 DKK,https://www.morjas.com/product/the-split-toe-derby-brown-grain,in stock
p3425-v5107-s,DK,2900 DKK,https://www.morjas.com/product/the-split-toe-derby-black-calf,in stock
p3660-v5415-s,DK,2900 DKK,https://www.morjas.com/product/the-split-toe-derby-black-grain,in stock
p3423-v5105-s,DK,2900 DKK,https://www.morjas.com/product/the-split-toe-derby-brown-suede,in stock
p7786-v9568-s,DK,2900 DKK,https://www.morjas.com/product/the-split-toe-derby-polo-suede,in stock
p31-v1541-s,DK,2900 DKK,https://www.morjas.com/product/the-derby-brown-calf,in stock
p29-v1539-s,DK,2900 DKK,https://www.morjas.com/product/the-derby-black-calf,in stock
p32-v1542-s,DK,2900 DKK,https://www.morjas.com/product/the-derby-brown-suede,in stock
p33-v1543-s,DK,2900 DKK,https://www.morjas.com/product/the-derby-medium-brown-suede,in stock
p28-v1546-s,DK,2900 DKK,https://www.morjas.com/product/the-derby-brown-grain,in stock
p30-v1540-s,DK,2900 DKK,https://www.morjas.com/product/the-derby-burgundy-calf,in stock
p26-v1544-s,DK,2900 DKK,https://www.morjas.com/product/the-derby-black-grain,in stock
p20-v1548-s,DK,2900 DKK,https://www.morjas.com/product/the-plain-toe-blucher-black-calf,in stock
p7784-v9566-s,DK,2900 DKK,https://www.morjas.com/product/the-plain-toe-blucher-beige-suede,in stock
p44-v1572-s,DK,2700 DKK,https://www.morjas.com/product/the-double-monkstrap-black-calf,in stock
p45-v1574-s,DK,2700 DKK,https://www.morjas.com/product/the-double-monkstrap-brown-calf,in stock
p49-v1567-s,DK,2900 DKK,https://www.morjas.com/product/the-single-monkstrap-black-calf,in stock
p46-v1573-s,DK,2700 DKK,https://www.morjas.com/product/the-double-monkstrap-burgundy-calf,in stock
p7787-v9569-s,DK,2900 DKK,https://www.morjas.com/product/the-single-monkstrap-brown-suede,in stock
p47-v1575-s,DK,2700 DKK,https://www.morjas.com/product/the-double-monkstrap-brown-suede,in stock
p54-v1562-s,DK,3100 DKK,https://www.morjas.com/product/the-chelsea-black-calf,in stock
p57-v1565-s,DK,3100 DKK,https://www.morjas.com/product/the-chelsea-brown-suede,in stock
p3426-v5108-s,DK,3100 DKK,https://www.morjas.com/product/the-chelsea-black-suede,in stock
p56-v1564-s,DK,3100 DKK,https://www.morjas.com/product/the-chelsea-brown-calf,in stock
p7757-v9515-s,DK,3000 DKK,https://www.morjas.com/product/the-unlined-chukka-brown-suede,in stock
p63-v1561-s,DK,2900 DKK,https://www.morjas.com/product/the-chukka-medium-brown-suede,in stock
p62-v1560-s,DK,2900 DKK,https://www.morjas.com/product/the-chukka-brown-suede,in stock
p7733-v9488-s,DK,3000 DKK,https://www.morjas.com/product/the-moc-toe-chukka-black-grain,in stock
p7732-v9487-s,DK,3000 DKK,https://www.morjas.com/product/the-moc-toe-chukka-brown-suede-brown-grain,in stock
p77-v1594-s,DK,3000 DKK,https://www.morjas.com/product/the-jumper-boot-black-grain,in stock
p78-v1595-s,DK,3000 DKK,https://www.morjas.com/product/the-jumper-boot-brown-suede,in stock
p1684-v3212-s,DK,3000 DKK,https://www.morjas.com/product/the-jumper-boot-brown-grain,in stock
p7726-v9481-s,DK,3000 DKK,https://www.morjas.com/product/the-jumper-boot-black-calf,out of stock
p7745-v9500-s,DK,3000 DKK,https://www.morjas.com/product/the-hybrid-hiker-black-leather,in stock
p3431-v5113-s,DK,2900 DKK,https://www.morjas.com/product/the-hybrid-hiker-brown-nubuck,in stock
p3432-v5114-s,DK,2900 DKK,https://www.morjas.com/product/the-hybrid-hiker-black-grain,in stock
p7731-v9486-s,DK,2900 DKK,https://www.morjas.com/product/the-hybrid-hiker-taupe-suede,in stock
p3430-v5112-s,DK,2900 DKK,https://www.morjas.com/product/the-hybrid-hiker-sand-suede,in stock
p7730-v9485-s,DK,3000 DKK,https://www.morjas.com/product/the-hybrid-hiker-black-pony-hair,in stock
p1686-v3214-s,DK,3200 DKK,https://www.morjas.com/product/the-hiking-boot-brown-grain,in stock
p813-v2330-s,DK,3200 DKK,https://www.morjas.com/product/the-hiking-boot-black-grain,in stock
p3433-v5115-s,DK,3200 DKK,https://www.morjas.com/product/the-hiking-boot-mudguard-edition,in stock
p7729-v9484-s,DK,3200 DKK,https://www.morjas.com/product/the-hiking-boot-black-suede-mudguard,in stock
p1689-v3217-s,DK,3500 DKK,https://www.morjas.com/product/the-alpine-boot-black-suede,in stock
p1690-v3218-s,DK,3500 DKK,https://www.morjas.com/product/the-alpine-boot-brown-suede,in stock
p7728-v9483-s,DK,3500 DKK,https://www.morjas.com/product/the-alpine-boot-black-grain,in stock
p7727-v9482-s,DK,3500 DKK,https://www.morjas.com/product/the-alpine-boot-brown-grain,in stock
p7746-v9501-s,DK,3500 DKK,https://www.morjas.com/product/the-country-boot-brown-nubuck-and-brown-grain,in stock
p1687-v3215-s,DK,3000 DKK,https://www.morjas.com/product/the-monkey-boot-black-grain,in stock
p7337-v9092-s,DK,1000 DKK,https://www.morjas.com/product/the-belt-black-suede,in stock
p7338-v9093-s,DK,1100 DKK,https://www.morjas.com/product/the-belt-brown-pony-hair,in stock
p7339-v9094-s,DK,1100 DKK,https://www.morjas.com/product/the-belt-black-pony-hair,in stock
p2460-v4072-s,DK,1000 DKK,https://www.morjas.com/product/the-belt-sand-suede,in stock
p2461-v4073-s,DK,1000 DKK,https://www.morjas.com/product/the-belt-taupe-suede,in stock
p7763-v9531-s,DK,1000 DKK,https://www.morjas.com/product/the-belt-black-suede-wide-braided,in stock
p7764-v9532-s,DK,1000 DKK,https://www.morjas.com/product/the-belt-brown-suede-wide-braided,in stock
p664-v2181-s,DK,1000 DKK,https://www.morjas.com/product/the-belt-black-grain,in stock
p665-v2182-s,DK,1000 DKK,https://www.morjas.com/product/the-belt-brown-grain,in stock
p760-v2277-s,DK,1000 DKK,https://www.morjas.com/product/the-belt-brown-suede-1,in stock
p761-v2278-s,DK,1000 DKK,https://www.morjas.com/product/the-belt-medium-brown-suede-1,in stock
p762-v2279-s,DK,1000 DKK,https://www.morjas.com/product/the-belt-black-braided,in stock
p763-v2280-s,DK,1000 DKK,https://www.morjas.com/product/the-belt-brown-braided,in stock
p3126-v4807-s,DK,1000 DKK,https://www.morjas.com/product/the-belt-black-wide-braided,in stock
p3127-v4808-s,DK,1000 DKK,https://www.morjas.com/product/the-belt-brown-wide-braided,in stock
p3418-v5100-s,DK,1000 DKK,https://www.morjas.com/product/the-belt-black-calf-matte-gold-buckle,in stock
p666-v2183-s,DK,1000 DKK,https://www.morjas.com/product/the-belt-black-embossed,in stock
p757-v2274-s,DK,1000 DKK,https://www.morjas.com/product/the-belt-black-calf-1,in stock
p758-v2275-s,DK,1000 DKK,https://www.morjas.com/product/the-belt-burgundy-calf-1,in stock
p759-v2276-s,DK,1000 DKK,https://www.morjas.com/product/the-belt-brown-calf-1,in stock
p3419-v5101-s,DK,1000 DKK,https://www.morjas.com/product/the-belt-black-grain-silver-buckle,in stock
p7765-v9533-s,DK,1000 DKK,https://www.morjas.com/product/the-belt-mull-nubuck-silver-buckle,in stock
p7813-v9595-s,DK,1000 DKK,https://www.morjas.com/product/the-belt-matte-gold-buckle-black-embossed,in stock
p7807-v9589-s,DK,1000 DKK,https://www.morjas.com/product/the-belt-matte-gold-buckle-brown-calf,in stock
p7806-v9588-s,DK,1000 DKK,https://www.morjas.com/product/the-belt-matte-gold-buckle-burgundy-calf,in stock
p7808-v9590-s,DK,1000 DKK,https://www.morjas.com/product/the-belt-silver-buckle-black-suede,in stock
p7809-v9591-s,DK,1000 DKK,https://www.morjas.com/product/the-belt-silver-buckle-brown-suede,in stock
p7810-v9592-s,DK,1000 DKK,https://www.morjas.com/product/the-belt-silver-buckle-medium-brown-suede,in stock
p7811-v9593-s,DK,1000 DKK,https://www.morjas.com/product/the-belt-silver-buckle-sand-suede,in stock
p7812-v9594-s,DK,1000 DKK,https://www.morjas.com/product/the-belt-silver-buckle-taupe-suede,in stock
p7814-v9596-s,DK,1000 DKK,https://www.morjas.com/product/the-belt-silver-buckle-brown-grain,in stock
p7759-v9527-s,DK,800 DKK,https://www.morjas.com/product/the-card-holder-truffle-grey-embossed,in stock
p7760-v9528-s,DK,950 DKK,https://www.morjas.com/product/the-foldable-card-holder-truffle-grey-embossed,in stock
p7761-v9529-s,DK,600 DKK,https://www.morjas.com/product/the-luggage-tag-truffle-grey-embossed,in stock
p7762-v9530-s,DK,950 DKK,https://www.morjas.com/product/the-passport-holder-truffle-grey-embossed,in stock
p2449-v4061-s,DK,1500 DKK,https://www.morjas.com/product/the-sleeve-black-grain,in stock
p1697-v3225-s,DK,1900 DKK,https://www.morjas.com/product/the-toiletry-bag-black-grain,in stock
p1693-v3221-s,DK,1000 DKK,https://www.morjas.com/product/the-wallet-black-grain,out of stock
p1694-v3222-s,DK,1000 DKK,https://www.morjas.com/product/the-wallet-brown-grain,out of stock
p3121-v4802-s,DK,300 DKK,https://www.morjas.com/product/the-silk-sock-black-knee-high,in stock
p1471-v2988-s,DK,150 DKK,https://www.morjas.com/product/the-sock-black-ribbed-knee-high,in stock
p1472-v2989-s,DK,150 DKK,https://www.morjas.com/product/the-sock-navy-ribbed-knee-high,in stock
p1473-v2990-s,DK,150 DKK,https://www.morjas.com/product/the-sock-brown-ribbed-knee-high,in stock
p1474-v2991-s,DK,150 DKK,https://www.morjas.com/product/the-sock-dark-grey-ribbed-ribbed-knee-high,in stock
p1475-v2992-s,DK,150 DKK,https://www.morjas.com/product/the-sock-mid-grey-ribbed-knee-high,in stock
p1621-v3138-s,DK,150 DKK,https://www.morjas.com/product/the-sock-sand-ribbed-knee-high,in stock
p3694-v5449-s,DK,150 DKK,https://www.morjas.com/product/the-sock-knee-high-light-blue-ribbed,in stock
p76-v1593-s,DK,150 DKK,https://www.morjas.com/product/the-sock-navy-ribbed-mid-calf,in stock
p1700-v3228-s,DK,150 DKK,https://www.morjas.com/product/the-sock-dark-grey-ribbed-mid-calf,in stock
p1701-v3229-s,DK,150 DKK,https://www.morjas.com/product/the-sock-mid-grey-ribbed-mid-calf,in stock
p75-v1592-s,DK,150 DKK,https://www.morjas.com/product/the-sock-black-ribbed-mid-calf,in stock
p1702-v3230-s,DK,150 DKK,https://www.morjas.com/product/the-sock-brown-ribbed-mid-calf,out of stock
p1703-v3231-s,DK,150 DKK,https://www.morjas.com/product/the-sock-sand-ribbed-mid-calf,in stock
p3693-v5448-s,DK,150 DKK,https://www.morjas.com/product/the-sock-mid-calf-off-white-ribbed,in stock
p3115-v4796-s,DK,150 DKK,https://www.morjas.com/product/the-wool-sock-navy-ribbed-mid-calf,out of stock
p3116-v4797-s,DK,150 DKK,https://www.morjas.com/product/the-wool-sock-mid-brown-ribbed-mid-calf,out of stock
p3117-v4798-s,DK,150 DKK,https://www.morjas.com/product/the-wool-sock-ecru-ribbed-mid-calf,out of stock
p3668-v5423-s,DK,2300 DKK,https://www.morjas.com/product/women-the-ballet-flat-black-nappa,in stock
p3667-v5422-s,DK,2300 DKK,https://www.morjas.com/product/women-the-ballet-flat-brown-nappa,in stock
p7716-v9471-s,DK,2300 DKK,https://www.morjas.com/product/women-the-ballet-flat-black-suede,in stock
p7796-v9578-s,DK,2300 DKK,https://www.morjas.com/product/women-the-ballet-flat-ruby-nappa,in stock
p3665-v5420-s,DK,2300 DKK,https://www.morjas.com/product/women-the-ballet-flat-greige-suede,in stock
p3666-v5421-s,DK,2300 DKK,https://www.morjas.com/product/women-the-ballet-flat-ivory-nappa,in stock
p7822-v9606-s,DK,2300 DKK,https://www.morjas.com/product/women-the-ballet-flat-leather-sole-black-nappa,in stock
p7823-v9607-s,DK,2300 DKK,https://www.morjas.com/product/women-the-ballet-flat-leather-sole-black-suede,in stock
p7800-v9582-s,DK,2900 DKK,https://www.morjas.com/product/women-the-soft-moc-brown-grain,in stock
p7799-v9581-s,DK,2900 DKK,https://www.morjas.com/product/women-the-soft-moc-black-grain,in stock
p7801-v9583-s,DK,2900 DKK,https://www.morjas.com/product/women-the-soft-moc-brown-suede,in stock
p3672-v5427-s,DK,2700 DKK,https://www.morjas.com/product/women-the-penny-loafer-black-calf,in stock
p7718-v9473-s,DK,2700 DKK,https://www.morjas.com/product/women-the-penny-loafer-brown-suede,in stock
p3673-v5428-s,DK,2700 DKK,https://www.morjas.com/product/women-the-penny-loafer-burgundy-calf,in stock
p3674-v5429-s,DK,2700 DKK,https://www.morjas.com/product/women-the-penny-loafer-ivory-calf,in stock
p7717-v9472-s,DK,2700 DKK,https://www.morjas.com/product/women-the-penny-loafer-black-suede,in stock
p3702-v5457-s,DK,1900 DKK,https://www.morjas.com/product/women-the-paloma-sandal-tan-nappa,in stock
p3703-v5458-s,DK,1900 DKK,https://www.morjas.com/product/women-the-paloma-sandal-black-nappa,in stock
p3704-v5459-s,DK,1900 DKK,https://www.morjas.com/product/women-the-paloma-sandal-brown-nappa,in stock
p7788-v9570-s,DK,1900 DKK,https://www.morjas.com/product/women-the-paloma-sandal-taupe-grain,in stock
p7723-v9478-s,DK,3400 DKK,https://www.morjas.com/product/women-the-ankle-boot-brown-nappa,in stock
p7722-v9477-s,DK,3400 DKK,https://www.morjas.com/product/women-the-ankle-boot-black-nappa,in stock
p7724-v9479-s,DK,3400 DKK,https://www.morjas.com/product/women-the-ankle-boot-black-suede,in stock
p7725-v9480-s,DK,3400 DKK,https://www.morjas.com/product/women-the-ankle-boot-brown-suede,in stock
p3698-v5453-s,DK,1100 DKK,https://www.morjas.com/product/women-the-espadrille-beige-suede,in stock
p3697-v5452-s,DK,1100 DKK,https://www.morjas.com/product/women-the-espadrille-taupe-suede,in stock
p3699-v5454-s,DK,1100 DKK,https://www.morjas.com/product/women-the-espadrille-black-suede,in stock
p7790-v9572-s,DK,2300 DKK,https://www.morjas.com/product/women-the-boat-shoe-brown-suede,in stock
p7789-v9571-s,DK,2300 DKK,https://www.morjas.com/product/women-the-boat-shoe-black-grain,in stock
p3701-v5456-s,DK,2300 DKK,https://www.morjas.com/product/women-the-boat-shoe-sand-suede,in stock
p3700-v5455-s,DK,2300 DKK,https://www.morjas.com/product/women-the-boat-shoe-white-grain,in stock
p7820-v9602-s,DK,2500 DKK,https://www.morjas.com/product/women-the-flat-slingback-black-embossed,in stock
p7791-v9573-s,DK,3100 DKK,https://www.morjas.com/product/women-the-slingback-ivory-nappa,in stock
p3671-v5426-s,DK,3100 DKK,https://www.morjas.com/product/women-the-slingback-black-nappa,in stock
p3669-v5424-s,DK,3100 DKK,https://www.morjas.com/product/women-the-slingback-taupe-suede,in stock
p7749-v9507-s,DK,3100 DKK,https://www.morjas.com/product/women-the-city-boot-black-calf,in stock
p7750-v9508-s,DK,3100 DKK,https://www.morjas.com/product/women-the-city-boot-brown-calf,in stock
p7793-v9575-s,DK,3300 DKK,https://www.morjas.com/product/women-the-dorsay-pump-brown-nappa,in stock
p7792-v9574-s,DK,3300 DKK,https://www.morjas.com/product/women-the-dorsay-pump-black-nappa,in stock
p7748-v9506-s,DK,4900 DKK,https://www.morjas.com/product/women-the-riding-boot-black-calf,in stock
p7818-v9600-s,DK,2600 DKK,https://www.morjas.com/product/women-the-sandalette-brown-nappa,in stock
p7819-v9601-s,DK,2600 DKK,https://www.morjas.com/product/women-the-sandalette-black-nappa,in stock
p7817-v9599-s,DK,2600 DKK,https://www.morjas.com/product/women-the-sandalette-ivory-nappa,in stock
p7816-v9598-s,DK,2000 DKK,https://www.morjas.com/product/women-the-verona-sandal-black-nappa,in stock
p7815-v9597-s,DK,2000 DKK,https://www.morjas.com/product/women-the-verona-sandal-brown-suede,in stock
p7721-v9476-s,DK,2900 DKK,https://www.morjas.com/product/women-the-pump-black-nappa,in stock
p7719-v9474-s,DK,2900 DKK,https://www.morjas.com/product/women-the-pump-brown-suede,in stock
p7720-v9475-s,DK,2900 DKK,https://www.morjas.com/product/women-the-pump-caramel-nappa,in stock
p7794-v9576-s,DK,3500 DKK,https://www.morjas.com/product/women-the-stiletto-boot-black-nappa,in stock
p7795-v9577-s,DK,3500 DKK,https://www.morjas.com/product/women-the-stiletto-boot-truffle-suede,in stock
p7752-v9510-s,DK,150 DKK,https://www.morjas.com/product/women-the-sock-black,in stock
p7751-v9509-s,DK,150 DKK,https://www.morjas.com/product/women-the-sock-brown,in stock
p3954-v5709-s,DK,150 DKK,https://www.morjas.com/product/women-the-sock-off-white,in stock
p7740-v9495-s,DK,1000 DKK,https://www.morjas.com/product/women-the-belt-black-nappa-20-mm,in stock
p7798-v9580-s,DK,1000 DKK,https://www.morjas.com/product/women-the-belt-tan-grain-20-mm,in stock
p7797-v9579-s,DK,1000 DKK,https://www.morjas.com/product/women-the-belt-ivory-nappa-20-mm,in stock
p7742-v9497-s,DK,1200 DKK,https://www.morjas.com/product/women-the-belt-black-nappa-40-mm,in stock
p7741-v9496-s,DK,1200 DKK,https://www.morjas.com/product/women-the-belt-brown-nappa-40-mm,in stock
p7743-v9498-s,DK,1200 DKK,https://www.morjas.com/product/women-the-belt-black-suede-50-mm,in stock
p7744-v9499-s,DK,1200 DKK,https://www.morjas.com/product/women-the-belt-brown-suede-50-mm,in stock
p7821-v9605-s,DK,2300 DKK,https://www.morjas.com/product/women-the-ballet-flat-leather-sole-brown-nappa,in stock
p3670-v5425-s,DK,3100 DKK,https://www.morjas.com/product/women-the-slingback-dove-blue-suede,in stock
p7753-v9511-s,DK,4000 DKK,https://www.morjas.com/product/women-the-chalet-boot-brown-pony-hair,in stock
p3953-v9504-s,DK,3700 DKK,https://www.morjas.com/product/women-the-chalet-boot-brown-calf,in stock
p3952-v9503-s,DK,3700 DKK,https://www.morjas.com/product/women-the-chalet-boot-black-calf,out of stock
p7825-v9609-s,NO,4200 NOK,https://www.morjas.com/product/the-ivy-loafer-rubber-sole-black-suede,in stock
p764-v2281-s,NO,4400 NOK,https://www.morjas.com/product/the-penny-loafer-brown-suede-unlined,in stock
p1627-v3144-s,NO,4400 NOK,https://www.morjas.com/product/the-penny-loafer-medium-brown-suede-unlined,in stock
p3118-v4799-s,NO,4400 NOK,https://www.morjas.com/product/the-penny-loafer-sand-suede-unlined,in stock
p5-v1519-s,NO,3900 NOK,https://www.morjas.com/product/the-penny-loafer-black-calf,in stock
p38-v1522-s,NO,3900 NOK,https://www.morjas.com/product/the-penny-loafer-brown-suede,in stock
p7-v1521-s,NO,3900 NOK,https://www.morjas.com/product/the-penny-loafer-brown-calf,in stock
p2446-v4058-s,NO,3900 NOK,https://www.morjas.com/product/the-penny-loafer-leather-sole-black-grain,in stock
p6-v1520-s,NO,3900 NOK,https://www.morjas.com/product/the-penny-loafer-burgundy-calf,in stock
p39-v1523-s,NO,3900 NOK,https://www.morjas.com/product/the-penny-loafer-medium-brown-suede,in stock
p2447-v4059-s,NO,3900 NOK,https://www.morjas.com/product/the-penny-loafer-leather-sole-brown-grain,in stock
p3120-v4801-s,NO,3900 NOK,https://www.morjas.com/product/the-penny-loafer-black-suede-leather-sole,in stock
p1637-v3154-s,NO,3900 NOK,https://www.morjas.com/product/the-penny-loafer-black-grain-black-suede,in stock
p3152-v4834-s,NO,3900 NOK,https://www.morjas.com/product/the-penny-loafer-black-grain-navy-suede,in stock
p786-v2303-s,NO,3900 NOK,https://www.morjas.com/product/the-penny-loafer-rubber-sole-black-calf,in stock
p785-v2302-s,NO,3900 NOK,https://www.morjas.com/product/the-penny-loafer-rubber-sole-brown-suede,in stock
p2-v1524-s,NO,3900 NOK,https://www.morjas.com/product/the-penny-loafer-black-grain,in stock
p1629-v3146-s,NO,3900 NOK,https://www.morjas.com/product/the-penny-loafer-rubber-sole-brown-calf,in stock
p1630-v3147-s,NO,3900 NOK,https://www.morjas.com/product/the-penny-loafer-rubber-sole-medium-brown-suede,in stock
p4-v1526-s,NO,3900 NOK,https://www.morjas.com/product/the-penny-loafer-brown-grain,in stock
p1628-v3145-s,NO,3900 NOK,https://www.morjas.com/product/the-penny-loafer-rubber-sole-burgundy-calf,in stock
p3122-v4803-s,NO,4200 NOK,https://www.morjas.com/product/the-ivy-loafer-black-calf,in stock
p3124-v4805-s,NO,4200 NOK,https://www.morjas.com/product/the-ivy-loafer-brown-suede,in stock
p7336-v9091-s,NO,4200 NOK,https://www.morjas.com/product/the-ivy-loafer-black-grain,in stock
p3123-v4804-s,NO,4200 NOK,https://www.morjas.com/product/the-ivy-loafer-burgundy-calf,in stock
p7803-v9585-s,NO,4200 NOK,https://www.morjas.com/product/the-ivy-loafer-brown-grain,in stock
p7335-v9090-s,NO,4200 NOK,https://www.morjas.com/product/the-ivy-loafer-black-suede,in stock
p3420-v5102-s,NO,4200 NOK,https://www.morjas.com/product/the-ivy-loafer-black-calf-rubber-sole,in stock
p3422-v5104-s,NO,4200 NOK,https://www.morjas.com/product/the-ivy-loafer-brown-suede-rubber-sole,in stock
p7805-v9587-s,NO,4200 NOK,https://www.morjas.com/product/the-ivy-loafer-rubber-sole-black-grain,in stock
p3421-v5103-s,NO,4200 NOK,https://www.morjas.com/product/the-ivy-loafer-burgundy-calf-rubber-sole,in stock
p7777-v9559-s,NO,4200 NOK,https://www.morjas.com/product/the-ivy-loafer-rubber-sole-brown-grain,in stock
p35-v1527-s,NO,3900 NOK,https://www.morjas.com/product/the-tassel-loafer-black-calf,in stock
p9-v1530-s,NO,3900 NOK,https://www.morjas.com/product/the-tassel-loafer-brown-suede,in stock
p37-v1529-s,NO,3900 NOK,https://www.morjas.com/product/the-tassel-loafer-brown-calf,in stock
p10-v1531-s,NO,3900 NOK,https://www.morjas.com/product/the-tassel-loafer-medium-brown-suede,in stock
p36-v1528-s,NO,3900 NOK,https://www.morjas.com/product/the-tassel-loafer-burgundy-calf,in stock
p788-v2305-s,NO,3900 NOK,https://www.morjas.com/product/the-tassel-loafer-rubber-sole-black-calf,in stock
p787-v2304-s,NO,3900 NOK,https://www.morjas.com/product/the-tassel-loafer-rubber-sole-brown-suede,in stock
p1624-v3141-s,NO,3900 NOK,https://www.morjas.com/product/the-tassel-loafer-rubber-sole-brown-calf,in stock
p1625-v3142-s,NO,3900 NOK,https://www.morjas.com/product/the-tassel-loafer-rubber-sole-medium-brown-suede,in stock
p1623-v3140-s,NO,3900 NOK,https://www.morjas.com/product/the-tassel-loafer-rubber-sole-burgundy-calf,in stock
p3691-v5446-s,NO,3800 NOK,https://www.morjas.com/product/the-belgian-unlined-beige-suede,in stock
p3690-v5445-s,NO,3800 NOK,https://www.morjas.com/product/the-belgian-unlined-taupe-nubuck,in stock
p125-v1642-s,NO,3600 NOK,https://www.morjas.com/product/the-belgian-black-suede,in stock
p1643-v3160-s,NO,3600 NOK,https://www.morjas.com/product/the-belgian-black-deerskin,in stock
p1644-v3161-s,NO,3600 NOK,https://www.morjas.com/product/the-belgian-brown-deerskin,in stock
p7766-v9534-s,NO,3600 NOK,https://www.morjas.com/product/the-belgian-black-patent,in stock
p3428-v5110-s,NO,3600 NOK,https://www.morjas.com/product/the-belgian-black-deerskin-rubber-sole,in stock
p3427-v5109-s,NO,3600 NOK,https://www.morjas.com/product/the-belgian-brown-deerskin-rubber-sole,in stock
p3555-v5310-s,NO,3600 NOK,https://www.morjas.com/product/the-belgian-black-suede-rubber-sole,in stock
p1638-v3155-s,NO,4000 NOK,https://www.morjas.com/product/the-horsebit-loafer-black-calf,in stock
p1639-v3156-s,NO,4000 NOK,https://www.morjas.com/product/the-horsebit-loafer-brown-suede,in stock
p7769-v9537-s,NO,4000 NOK,https://www.morjas.com/product/the-horsebit-loafer-black-grain,in stock
p7770-v9538-s,NO,4000 NOK,https://www.morjas.com/product/the-horsebit-loafer-brown-grain,in stock
p7773-v9541-s,NO,3500 NOK,https://www.morjas.com/product/the-venetian-black-grain,in stock
p7774-v9542-s,NO,3500 NOK,https://www.morjas.com/product/the-venetian-brown-grain,in stock
p7775-v9543-s,NO,3500 NOK,https://www.morjas.com/product/the-venetian-brown-suede,in stock
p7776-v9544-s,NO,3500 NOK,https://www.morjas.com/product/the-venetian-sand-suede,in stock
p7333-v9088-s,NO,4200 NOK,https://www.morjas.com/product/the-full-strap-loafer-black-calf,in stock
p123-v1640-s,NO,3600 NOK,https://www.morjas.com/product/the-opera-pump-black-patent,in stock
p3130-v4811-s,NO,1700 NOK,https://www.morjas.com/product/the-espadrille-beige-suede,out of stock
p2453-v4065-s,NO,1700 NOK,https://www.morjas.com/product/the-espadrille-all-black-suede,out of stock
p1648-v3165-s,NO,1700 NOK,https://www.morjas.com/product/the-espadrille-taupe-suede,in stock
p783-v2300-s,NO,1700 NOK,https://www.morjas.com/product/the-espadrille-navy-suede-1,in stock
p782-v2299-s,NO,1700 NOK,https://www.morjas.com/product/the-espadrille-light-grey-suede,in stock
p1649-v3166-s,NO,1600 NOK,https://www.morjas.com/product/the-espadrille-ivory-canvas,in stock
p7768-v9536-s,NO,1700 NOK,https://www.morjas.com/product/the-espadrille-all-brown-suede,out of stock
p779-v2296-s,NO,1700 NOK,https://www.morjas.com/product/the-espadrille-brown-suede,in stock
p3689-v5444-s,NO,3100 NOK,https://www.morjas.com/product/the-boat-shoe-brown-grain,in stock
p3142-v4823-s,NO,3100 NOK,https://www.morjas.com/product/the-boat-shoe-brown-suede,in stock
p3162-v4844-s,NO,3100 NOK,https://www.morjas.com/product/the-boat-shoe-black-grain,in stock
p7782-v9564-s,NO,3100 NOK,https://www.morjas.com/product/the-boat-shoe-sand-suede,in stock
p7783-v9565-s,NO,3100 NOK,https://www.morjas.com/product/the-boat-shoe-brown-suede-and-brown-calf,in stock
p3141-v4822-s,NO,3100 NOK,https://www.morjas.com/product/the-boat-shoe-black-suede-black,in stock
p7779-v9561-s,NO,2000 NOK,https://www.morjas.com/product/the-deck-shoe-cream-canvas,in stock
p3685-v5440-s,NO,2000 NOK,https://www.morjas.com/product/the-deck-shoe-navy-canvas,in stock
p7778-v9560-s,NO,2000 NOK,https://www.morjas.com/product/the-deck-shoe-lavender-canvas,in stock
p7772-v9540-s,NO,2200 NOK,https://www.morjas.com/product/the-plimsoll-cream-canvas,in stock
p3681-v5436-s,NO,2200 NOK,https://www.morjas.com/product/the-plimsoll-taupe-nubuck,in stock
p7771-v9539-s,NO,2200 NOK,https://www.morjas.com/product/the-plimsoll-olive-drab-canvas,in stock
p3682-v5437-s,NO,2200 NOK,https://www.morjas.com/product/the-plimsoll-black-suede,in stock
p772-v2289-s,NO,2500 NOK,https://www.morjas.com/product/the-sneaker-02-white-leather,in stock
p3678-v5433-s,NO,2800 NOK,https://www.morjas.com/product/the-court-sneaker-off-white,in stock
p1659-v3176-s,NO,2500 NOK,https://www.morjas.com/product/the-sneaker-02-all-dark-brown-suede,in stock
p2456-v4068-s,NO,2500 NOK,https://www.morjas.com/product/the-sneaker-02-nougat-suede,in stock
p766-v2283-s,NO,2500 NOK,https://www.morjas.com/product/the-sneaker-02-navy-suede,in stock
p3692-v5447-s,NO,2500 NOK,https://www.morjas.com/product/the-sneaker-02-beige-suede,in stock
p7767-v9535-s,NO,2800 NOK,https://www.morjas.com/product/the-court-sneaker-nougat-suede,in stock
p1660-v3177-s,NO,2500 NOK,https://www.morjas.com/product/the-sneaker-02-all-black-suede,in stock
p3679-v5434-s,NO,2800 NOK,https://www.morjas.com/product/the-court-sneaker-brown,in stock
p3680-v5435-s,NO,2800 NOK,https://www.morjas.com/product/the-court-sneaker-black,in stock
p3675-v5430-s,NO,3300 NOK,https://www.morjas.com/product/the-trainer-white,in stock
p3677-v5432-s,NO,3300 NOK,https://www.morjas.com/product/the-trainer-navy-black,in stock
p3676-v5431-s,NO,3300 NOK,https://www.morjas.com/product/the-trainer-taupe,in stock
p7802-v9584-s,NO,2300 NOK,https://www.morjas.com/product/the-costa-sandal-black-grain,in stock
p7756-v9514-s,NO,4400 NOK,https://www.morjas.com/product/the-camp-moc-mull-nubuck,in stock
p7755-v9513-s,NO,4900 NOK,https://www.morjas.com/product/the-camp-moc-black-deerskin,out of stock
p11-v1533-s,NO,3900 NOK,https://www.morjas.com/product/the-oxford-black-calf,in stock
p16-v1538-s,NO,3900 NOK,https://www.morjas.com/product/the-oxford-black-patent,in stock
p13-v1535-s,NO,3900 NOK,https://www.morjas.com/product/the-oxford-brown-calf,in stock
p12-v1534-s,NO,3900 NOK,https://www.morjas.com/product/the-oxford-burgundy-calf,in stock
p14-v1536-s,NO,3900 NOK,https://www.morjas.com/product/the-oxford-brown-suede,in stock
p789-v2306-s,NO,3900 NOK,https://www.morjas.com/product/the-oxford-rubber-sole-black-calf,in stock
p1632-v3149-s,NO,3900 NOK,https://www.morjas.com/product/the-oxford-rubber-sole-brown-calf,in stock
p1631-v3148-s,NO,3900 NOK,https://www.morjas.com/product/the-oxford-rubber-sole-burgundy-calf,in stock
p1633-v3150-s,NO,3900 NOK,https://www.morjas.com/product/the-oxford-rubber-sole-brown-suede,in stock
p803-v2320-s,NO,3900 NOK,https://www.morjas.com/product/the-adelaide-black-calf,in stock
p2443-v4055-s,NO,3900 NOK,https://www.morjas.com/product/the-adelaide-brown-calf,in stock
p1635-v3152-s,NO,3900 NOK,https://www.morjas.com/product/the-adelaide-brown-suede,in stock
p3424-v5106-s,NO,4200 NOK,https://www.morjas.com/product/the-split-toe-derby-brown-grain,in stock
p3425-v5107-s,NO,4200 NOK,https://www.morjas.com/product/the-split-toe-derby-black-calf,in stock
p3660-v5415-s,NO,4200 NOK,https://www.morjas.com/product/the-split-toe-derby-black-grain,in stock
p3423-v5105-s,NO,4200 NOK,https://www.morjas.com/product/the-split-toe-derby-brown-suede,in stock
p7786-v9568-s,NO,4200 NOK,https://www.morjas.com/product/the-split-toe-derby-polo-suede,in stock
p31-v1541-s,NO,4200 NOK,https://www.morjas.com/product/the-derby-brown-calf,in stock
p29-v1539-s,NO,4200 NOK,https://www.morjas.com/product/the-derby-black-calf,in stock
p32-v1542-s,NO,4200 NOK,https://www.morjas.com/product/the-derby-brown-suede,in stock
p33-v1543-s,NO,4200 NOK,https://www.morjas.com/product/the-derby-medium-brown-suede,in stock
p28-v1546-s,NO,4200 NOK,https://www.morjas.com/product/the-derby-brown-grain,in stock
p30-v1540-s,NO,4200 NOK,https://www.morjas.com/product/the-derby-burgundy-calf,in stock
p26-v1544-s,NO,4200 NOK,https://www.morjas.com/product/the-derby-black-grain,in stock
p20-v1548-s,NO,4200 NOK,https://www.morjas.com/product/the-plain-toe-blucher-black-calf,in stock
p7784-v9566-s,NO,4200 NOK,https://www.morjas.com/product/the-plain-toe-blucher-beige-suede,in stock
p44-v1572-s,NO,3900 NOK,https://www.morjas.com/product/the-double-monkstrap-black-calf,in stock
p45-v1574-s,NO,3900 NOK,https://www.morjas.com/product/the-double-monkstrap-brown-calf,in stock
p49-v1567-s,NO,4200 NOK,https://www.morjas.com/product/the-single-monkstrap-black-calf,in stock
p46-v1573-s,NO,3900 NOK,https://www.morjas.com/product/the-double-monkstrap-burgundy-calf,in stock
p7787-v9569-s,NO,4200 NOK,https://www.morjas.com/product/the-single-monkstrap-brown-suede,in stock
p47-v1575-s,NO,3900 NOK,https://www.morjas.com/product/the-double-monkstrap-brown-suede,in stock
p54-v1562-s,NO,4500 NOK,https://www.morjas.com/product/the-chelsea-black-calf,in stock
p57-v1565-s,NO,4500 NOK,https://www.morjas.com/product/the-chelsea-brown-suede,in stock
p3426-v5108-s,NO,4500 NOK,https://www.morjas.com/product/the-chelsea-black-suede,in stock
p56-v1564-s,NO,4500 NOK,https://www.morjas.com/product/the-chelsea-brown-calf,in stock
p7757-v9515-s,NO,4500 NOK,https://www.morjas.com/product/the-unlined-chukka-brown-suede,in stock
p63-v1561-s,NO,4200 NOK,https://www.morjas.com/product/the-chukka-medium-brown-suede,in stock
p62-v1560-s,NO,4200 NOK,https://www.morjas.com/product/the-chukka-brown-suede,in stock
p7733-v9488-s,NO,4500 NOK,https://www.morjas.com/product/the-moc-toe-chukka-black-grain,in stock
p7732-v9487-s,NO,4500 NOK,https://www.morjas.com/product/the-moc-toe-chukka-brown-suede-brown-grain,in stock
p77-v1594-s,NO,4300 NOK,https://www.morjas.com/product/the-jumper-boot-black-grain,in stock
p78-v1595-s,NO,4300 NOK,https://www.morjas.com/product/the-jumper-boot-brown-suede,in stock
p1684-v3212-s,NO,4300 NOK,https://www.morjas.com/product/the-jumper-boot-brown-grain,in stock
p7726-v9481-s,NO,4300 NOK,https://www.morjas.com/product/the-jumper-boot-black-calf,out of stock
p7745-v9500-s,NO,4300 NOK,https://www.morjas.com/product/the-hybrid-hiker-black-leather,in stock
p3431-v5113-s,NO,4200 NOK,https://www.morjas.com/product/the-hybrid-hiker-brown-nubuck,in stock
p3432-v5114-s,NO,4200 NOK,https://www.morjas.com/product/the-hybrid-hiker-black-grain,in stock
p7731-v9486-s,NO,4200 NOK,https://www.morjas.com/product/the-hybrid-hiker-taupe-suede,in stock
p3430-v5112-s,NO,4200 NOK,https://www.morjas.com/product/the-hybrid-hiker-sand-suede,in stock
p7730-v9485-s,NO,4300 NOK,https://www.morjas.com/product/the-hybrid-hiker-black-pony-hair,in stock
p1686-v3214-s,NO,4600 NOK,https://www.morjas.com/product/the-hiking-boot-brown-grain,in stock
p813-v2330-s,NO,4600 NOK,https://www.morjas.com/product/the-hiking-boot-black-grain,in stock
p3433-v5115-s,NO,4600 NOK,https://www.morjas.com/product/the-hiking-boot-mudguard-edition,in stock
p7729-v9484-s,NO,4600 NOK,https://www.morjas.com/product/the-hiking-boot-black-suede-mudguard,in stock
p1689-v3217-s,NO,5000 NOK,https://www.morjas.com/product/the-alpine-boot-black-suede,in stock
p1690-v3218-s,NO,5000 NOK,https://www.morjas.com/product/the-alpine-boot-brown-suede,in stock
p7728-v9483-s,NO,5000 NOK,https://www.morjas.com/product/the-alpine-boot-black-grain,in stock
p7727-v9482-s,NO,5000 NOK,https://www.morjas.com/product/the-alpine-boot-brown-grain,in stock
p7746-v9501-s,NO,5100 NOK,https://www.morjas.com/product/the-country-boot-brown-nubuck-and-brown-grain,in stock
p1687-v3215-s,NO,4300 NOK,https://www.morjas.com/product/the-monkey-boot-black-grain,in stock
p7337-v9092-s,NO,1500 NOK,https://www.morjas.com/product/the-belt-black-suede,in stock
p7338-v9093-s,NO,1600 NOK,https://www.morjas.com/product/the-belt-brown-pony-hair,in stock
p7339-v9094-s,NO,1600 NOK,https://www.morjas.com/product/the-belt-black-pony-hair,in stock
p2460-v4072-s,NO,1500 NOK,https://www.morjas.com/product/the-belt-sand-suede,in stock
p2461-v4073-s,NO,1500 NOK,https://www.morjas.com/product/the-belt-taupe-suede,in stock
p7763-v9531-s,NO,1500 NOK,https://www.morjas.com/product/the-belt-black-suede-wide-braided,in stock
p7764-v9532-s,NO,1500 NOK,https://www.morjas.com/product/the-belt-brown-suede-wide-braided,in stock
p664-v2181-s,NO,1500 NOK,https://www.morjas.com/product/the-belt-black-grain,in stock
p665-v2182-s,NO,1500 NOK,https://www.morjas.com/product/the-belt-brown-grain,in stock
p760-v2277-s,NO,1500 NOK,https://www.morjas.com/product/the-belt-brown-suede-1,in stock
p761-v2278-s,NO,1500 NOK,https://www.morjas.com/product/the-belt-medium-brown-suede-1,in stock
p762-v2279-s,NO,1500 NOK,https://www.morjas.com/product/the-belt-black-braided,in stock
p763-v2280-s,NO,1500 NOK,https://www.morjas.com/product/the-belt-brown-braided,in stock
p3126-v4807-s,NO,1500 NOK,https://www.morjas.com/product/the-belt-black-wide-braided,in stock
p3127-v4808-s,NO,1500 NOK,https://www.morjas.com/product/the-belt-brown-wide-braided,in stock
p3418-v5100-s,NO,1500 NOK,https://www.morjas.com/product/the-belt-black-calf-matte-gold-buckle,in stock
p666-v2183-s,NO,1500 NOK,https://www.morjas.com/product/the-belt-black-embossed,in stock
p757-v2274-s,NO,1500 NOK,https://www.morjas.com/product/the-belt-black-calf-1,in stock
p758-v2275-s,NO,1500 NOK,https://www.morjas.com/product/the-belt-burgundy-calf-1,in stock
p759-v2276-s,NO,1500 NOK,https://www.morjas.com/product/the-belt-brown-calf-1,in stock
p3419-v5101-s,NO,1500 NOK,https://www.morjas.com/product/the-belt-black-grain-silver-buckle,in stock
p7765-v9533-s,NO,1500 NOK,https://www.morjas.com/product/the-belt-mull-nubuck-silver-buckle,in stock
p7813-v9595-s,NO,1500 NOK,https://www.morjas.com/product/the-belt-matte-gold-buckle-black-embossed,in stock
p7807-v9589-s,NO,1500 NOK,https://www.morjas.com/product/the-belt-matte-gold-buckle-brown-calf,in stock
p7806-v9588-s,NO,1500 NOK,https://www.morjas.com/product/the-belt-matte-gold-buckle-burgundy-calf,in stock
p7808-v9590-s,NO,1500 NOK,https://www.morjas.com/product/the-belt-silver-buckle-black-suede,in stock
p7809-v9591-s,NO,1500 NOK,https://www.morjas.com/product/the-belt-silver-buckle-brown-suede,in stock
p7810-v9592-s,NO,1500 NOK,https://www.morjas.com/product/the-belt-silver-buckle-medium-brown-suede,in stock
p7811-v9593-s,NO,1500 NOK,https://www.morjas.com/product/the-belt-silver-buckle-sand-suede,in stock
p7812-v9594-s,NO,1500 NOK,https://www.morjas.com/product/the-belt-silver-buckle-taupe-suede,in stock
p7814-v9596-s,NO,1500 NOK,https://www.morjas.com/product/the-belt-silver-buckle-brown-grain,in stock
p7759-v9527-s,NO,1200 NOK,https://www.morjas.com/product/the-card-holder-truffle-grey-embossed,in stock
p7760-v9528-s,NO,1400 NOK,https://www.morjas.com/product/the-foldable-card-holder-truffle-grey-embossed,in stock
p7761-v9529-s,NO,900 NOK,https://www.morjas.com/product/the-luggage-tag-truffle-grey-embossed,in stock
p7762-v9530-s,NO,1400 NOK,https://www.morjas.com/product/the-passport-holder-truffle-grey-embossed,in stock
p2449-v4061-s,NO,2300 NOK,https://www.morjas.com/product/the-sleeve-black-grain,in stock
p1697-v3225-s,NO,3000 NOK,https://www.morjas.com/product/the-toiletry-bag-black-grain,in stock
p1693-v3221-s,NO,1400 NOK,https://www.morjas.com/product/the-wallet-black-grain,out of stock
p1694-v3222-s,NO,1400 NOK,https://www.morjas.com/product/the-wallet-brown-grain,out of stock
p3121-v4802-s,NO,450 NOK,https://www.morjas.com/product/the-silk-sock-black-knee-high,in stock
p1471-v2988-s,NO,220 NOK,https://www.morjas.com/product/the-sock-black-ribbed-knee-high,in stock
p1472-v2989-s,NO,220 NOK,https://www.morjas.com/product/the-sock-navy-ribbed-knee-high,in stock
p1473-v2990-s,NO,220 NOK,https://www.morjas.com/product/the-sock-brown-ribbed-knee-high,in stock
p1474-v2991-s,NO,220 NOK,https://www.morjas.com/product/the-sock-dark-grey-ribbed-ribbed-knee-high,in stock
p1475-v2992-s,NO,220 NOK,https://www.morjas.com/product/the-sock-mid-grey-ribbed-knee-high,in stock
p1621-v3138-s,NO,220 NOK,https://www.morjas.com/product/the-sock-sand-ribbed-knee-high,in stock
p3694-v5449-s,NO,220 NOK,https://www.morjas.com/product/the-sock-knee-high-light-blue-ribbed,in stock
p76-v1593-s,NO,220 NOK,https://www.morjas.com/product/the-sock-navy-ribbed-mid-calf,in stock
p1700-v3228-s,NO,220 NOK,https://www.morjas.com/product/the-sock-dark-grey-ribbed-mid-calf,in stock
p1701-v3229-s,NO,220 NOK,https://www.morjas.com/product/the-sock-mid-grey-ribbed-mid-calf,in stock
p75-v1592-s,NO,220 NOK,https://www.morjas.com/product/the-sock-black-ribbed-mid-calf,in stock
p1702-v3230-s,NO,220 NOK,https://www.morjas.com/product/the-sock-brown-ribbed-mid-calf,out of stock
p1703-v3231-s,NO,220 NOK,https://www.morjas.com/product/the-sock-sand-ribbed-mid-calf,in stock
p3693-v5448-s,NO,220 NOK,https://www.morjas.com/product/the-sock-mid-calf-off-white-ribbed,in stock
p3115-v4796-s,NO,220 NOK,https://www.morjas.com/product/the-wool-sock-navy-ribbed-mid-calf,out of stock
p3116-v4797-s,NO,220 NOK,https://www.morjas.com/product/the-wool-sock-mid-brown-ribbed-mid-calf,out of stock
p3117-v4798-s,NO,220 NOK,https://www.morjas.com/product/the-wool-sock-ecru-ribbed-mid-calf,out of stock
p3668-v5423-s,NO,3400 NOK,https://www.morjas.com/product/women-the-ballet-flat-black-nappa,in stock
p3667-v5422-s,NO,3400 NOK,https://www.morjas.com/product/women-the-ballet-flat-brown-nappa,in stock
p7716-v9471-s,NO,3400 NOK,https://www.morjas.com/product/women-the-ballet-flat-black-suede,in stock
p7796-v9578-s,NO,3400 NOK,https://www.morjas.com/product/women-the-ballet-flat-ruby-nappa,in stock
p3665-v5420-s,NO,3400 NOK,https://www.morjas.com/product/women-the-ballet-flat-greige-suede,in stock
p3666-v5421-s,NO,3400 NOK,https://www.morjas.com/product/women-the-ballet-flat-ivory-nappa,in stock
p7822-v9606-s,NO,3400 NOK,https://www.morjas.com/product/women-the-ballet-flat-leather-sole-black-nappa,in stock
p7823-v9607-s,NO,3400 NOK,https://www.morjas.com/product/women-the-ballet-flat-leather-sole-black-suede,in stock
p7800-v9582-s,NO,4200 NOK,https://www.morjas.com/product/women-the-soft-moc-brown-grain,in stock
p7799-v9581-s,NO,4200 NOK,https://www.morjas.com/product/women-the-soft-moc-black-grain,in stock
p7801-v9583-s,NO,4200 NOK,https://www.morjas.com/product/women-the-soft-moc-brown-suede,in stock
p3672-v5427-s,NO,3900 NOK,https://www.morjas.com/product/women-the-penny-loafer-black-calf,in stock
p7718-v9473-s,NO,3900 NOK,https://www.morjas.com/product/women-the-penny-loafer-brown-suede,in stock
p3673-v5428-s,NO,3900 NOK,https://www.morjas.com/product/women-the-penny-loafer-burgundy-calf,in stock
p3674-v5429-s,NO,3900 NOK,https://www.morjas.com/product/women-the-penny-loafer-ivory-calf,in stock
p7717-v9472-s,NO,3900 NOK,https://www.morjas.com/product/women-the-penny-loafer-black-suede,in stock
p3702-v5457-s,NO,2800 NOK,https://www.morjas.com/product/women-the-paloma-sandal-tan-nappa,in stock
p3703-v5458-s,NO,2800 NOK,https://www.morjas.com/product/women-the-paloma-sandal-black-nappa,in stock
p3704-v5459-s,NO,2800 NOK,https://www.morjas.com/product/women-the-paloma-sandal-brown-nappa,in stock
p7788-v9570-s,NO,2800 NOK,https://www.morjas.com/product/women-the-paloma-sandal-taupe-grain,in stock
p7723-v9478-s,NO,5000 NOK,https://www.morjas.com/product/women-the-ankle-boot-brown-nappa,in stock
p7722-v9477-s,NO,5000 NOK,https://www.morjas.com/product/women-the-ankle-boot-black-nappa,in stock
p7724-v9479-s,NO,5000 NOK,https://www.morjas.com/product/women-the-ankle-boot-black-suede,in stock
p7725-v9480-s,NO,5000 NOK,https://www.morjas.com/product/women-the-ankle-boot-brown-suede,in stock
p3698-v5453-s,NO,1700 NOK,https://www.morjas.com/product/women-the-espadrille-beige-suede,in stock
p3697-v5452-s,NO,1700 NOK,https://www.morjas.com/product/women-the-espadrille-taupe-suede,in stock
p3699-v5454-s,NO,1700 NOK,https://www.morjas.com/product/women-the-espadrille-black-suede,in stock
p7790-v9572-s,NO,3400 NOK,https://www.morjas.com/product/women-the-boat-shoe-brown-suede,in stock
p7789-v9571-s,NO,3400 NOK,https://www.morjas.com/product/women-the-boat-shoe-black-grain,in stock
p3701-v5456-s,NO,3400 NOK,https://www.morjas.com/product/women-the-boat-shoe-sand-suede,in stock
p3700-v5455-s,NO,3400 NOK,https://www.morjas.com/product/women-the-boat-shoe-white-grain,in stock
p7820-v9602-s,NO,3600 NOK,https://www.morjas.com/product/women-the-flat-slingback-black-embossed,in stock
p7791-v9573-s,NO,4400 NOK,https://www.morjas.com/product/women-the-slingback-ivory-nappa,in stock
p3671-v5426-s,NO,4400 NOK,https://www.morjas.com/product/women-the-slingback-black-nappa,in stock
p3669-v5424-s,NO,4400 NOK,https://www.morjas.com/product/women-the-slingback-taupe-suede,in stock
p7749-v9507-s,NO,4800 NOK,https://www.morjas.com/product/women-the-city-boot-black-calf,in stock
p7750-v9508-s,NO,4800 NOK,https://www.morjas.com/product/women-the-city-boot-brown-calf,in stock
p7793-v9575-s,NO,4600 NOK,https://www.morjas.com/product/women-the-dorsay-pump-brown-nappa,in stock
p7792-v9574-s,NO,4600 NOK,https://www.morjas.com/product/women-the-dorsay-pump-black-nappa,in stock
p7748-v9506-s,NO,7600 NOK,https://www.morjas.com/product/women-the-riding-boot-black-calf,in stock
p7818-v9600-s,NO,3700 NOK,https://www.morjas.com/product/women-the-sandalette-brown-nappa,in stock
p7819-v9601-s,NO,3700 NOK,https://www.morjas.com/product/women-the-sandalette-black-nappa,in stock
p7817-v9599-s,NO,3700 NOK,https://www.morjas.com/product/women-the-sandalette-ivory-nappa,in stock
p7816-v9598-s,NO,3000 NOK,https://www.morjas.com/product/women-the-verona-sandal-black-nappa,in stock
p7815-v9597-s,NO,3000 NOK,https://www.morjas.com/product/women-the-verona-sandal-brown-suede,in stock
p7721-v9476-s,NO,4200 NOK,https://www.morjas.com/product/women-the-pump-black-nappa,in stock
p7719-v9474-s,NO,4200 NOK,https://www.morjas.com/product/women-the-pump-brown-suede,in stock
p7720-v9475-s,NO,4200 NOK,https://www.morjas.com/product/women-the-pump-caramel-nappa,in stock
p7794-v9576-s,NO,5100 NOK,https://www.morjas.com/product/women-the-stiletto-boot-black-nappa,in stock
p7795-v9577-s,NO,5100 NOK,https://www.morjas.com/product/women-the-stiletto-boot-truffle-suede,in stock
p7752-v9510-s,NO,220 NOK,https://www.morjas.com/product/women-the-sock-black,in stock
p7751-v9509-s,NO,220 NOK,https://www.morjas.com/product/women-the-sock-brown,in stock
p3954-v5709-s,NO,220 NOK,https://www.morjas.com/product/women-the-sock-off-white,in stock
p7740-v9495-s,NO,1500 NOK,https://www.morjas.com/product/women-the-belt-black-nappa-20-mm,in stock
p7798-v9580-s,NO,1500 NOK,https://www.morjas.com/product/women-the-belt-tan-grain-20-mm,in stock
p7797-v9579-s,NO,1500 NOK,https://www.morjas.com/product/women-the-belt-ivory-nappa-20-mm,in stock
p7742-v9497-s,NO,1700 NOK,https://www.morjas.com/product/women-the-belt-black-nappa-40-mm,in stock
p7741-v9496-s,NO,1700 NOK,https://www.morjas.com/product/women-the-belt-brown-nappa-40-mm,in stock
p7743-v9498-s,NO,1700 NOK,https://www.morjas.com/product/women-the-belt-black-suede-50-mm,in stock
p7744-v9499-s,NO,1700 NOK,https://www.morjas.com/product/women-the-belt-brown-suede-50-mm,in stock
p7821-v9605-s,NO,3400 NOK,https://www.morjas.com/product/women-the-ballet-flat-leather-sole-brown-nappa,in stock
p3670-v5425-s,NO,4400 NOK,https://www.morjas.com/product/women-the-slingback-dove-blue-suede,in stock
p7753-v9511-s,NO,5700 NOK,https://www.morjas.com/product/women-the-chalet-boot-brown-pony-hair,in stock
p3953-v9504-s,NO,5400 NOK,https://www.morjas.com/product/women-the-chalet-boot-brown-calf,in stock
p3952-v9503-s,NO,5400 NOK,https://www.morjas.com/product/women-the-chalet-boot-black-calf,out of stock
p7825-v9609-s,NL,370 EUR,https://www.morjas.com/product/the-ivy-loafer-rubber-sole-black-suede,in stock
p764-v2281-s,NL,400 EUR,https://www.morjas.com/product/the-penny-loafer-brown-suede-unlined,in stock
p1627-v3144-s,NL,400 EUR,https://www.morjas.com/product/the-penny-loafer-medium-brown-suede-unlined,in stock
p3118-v4799-s,NL,400 EUR,https://www.morjas.com/product/the-penny-loafer-sand-suede-unlined,in stock
p5-v1519-s,NL,350 EUR,https://www.morjas.com/product/the-penny-loafer-black-calf,in stock
p38-v1522-s,NL,350 EUR,https://www.morjas.com/product/the-penny-loafer-brown-suede,in stock
p7-v1521-s,NL,350 EUR,https://www.morjas.com/product/the-penny-loafer-brown-calf,in stock
p2446-v4058-s,NL,350 EUR,https://www.morjas.com/product/the-penny-loafer-leather-sole-black-grain,in stock
p6-v1520-s,NL,350 EUR,https://www.morjas.com/product/the-penny-loafer-burgundy-calf,in stock
p39-v1523-s,NL,350 EUR,https://www.morjas.com/product/the-penny-loafer-medium-brown-suede,in stock
p2447-v4059-s,NL,350 EUR,https://www.morjas.com/product/the-penny-loafer-leather-sole-brown-grain,in stock
p3120-v4801-s,NL,350 EUR,https://www.morjas.com/product/the-penny-loafer-black-suede-leather-sole,in stock
p1637-v3154-s,NL,350 EUR,https://www.morjas.com/product/the-penny-loafer-black-grain-black-suede,in stock
p3152-v4834-s,NL,350 EUR,https://www.morjas.com/product/the-penny-loafer-black-grain-navy-suede,in stock
p786-v2303-s,NL,350 EUR,https://www.morjas.com/product/the-penny-loafer-rubber-sole-black-calf,in stock
p785-v2302-s,NL,350 EUR,https://www.morjas.com/product/the-penny-loafer-rubber-sole-brown-suede,in stock
p2-v1524-s,NL,350 EUR,https://www.morjas.com/product/the-penny-loafer-black-grain,in stock
p1629-v3146-s,NL,350 EUR,https://www.morjas.com/product/the-penny-loafer-rubber-sole-brown-calf,in stock
p1630-v3147-s,NL,350 EUR,https://www.morjas.com/product/the-penny-loafer-rubber-sole-medium-brown-suede,in stock
p4-v1526-s,NL,350 EUR,https://www.morjas.com/product/the-penny-loafer-brown-grain,in stock
p1628-v3145-s,NL,350 EUR,https://www.morjas.com/product/the-penny-loafer-rubber-sole-burgundy-calf,in stock
p3122-v4803-s,NL,370 EUR,https://www.morjas.com/product/the-ivy-loafer-black-calf,in stock
p3124-v4805-s,NL,370 EUR,https://www.morjas.com/product/the-ivy-loafer-brown-suede,in stock
p7336-v9091-s,NL,370 EUR,https://www.morjas.com/product/the-ivy-loafer-black-grain,in stock
p3123-v4804-s,NL,370 EUR,https://www.morjas.com/product/the-ivy-loafer-burgundy-calf,in stock
p7803-v9585-s,NL,370 EUR,https://www.morjas.com/product/the-ivy-loafer-brown-grain,in stock
p7335-v9090-s,NL,370 EUR,https://www.morjas.com/product/the-ivy-loafer-black-suede,in stock
p3420-v5102-s,NL,370 EUR,https://www.morjas.com/product/the-ivy-loafer-black-calf-rubber-sole,in stock
p3422-v5104-s,NL,370 EUR,https://www.morjas.com/product/the-ivy-loafer-brown-suede-rubber-sole,in stock
p7805-v9587-s,NL,370 EUR,https://www.morjas.com/product/the-ivy-loafer-rubber-sole-black-grain,in stock
p3421-v5103-s,NL,370 EUR,https://www.morjas.com/product/the-ivy-loafer-burgundy-calf-rubber-sole,in stock
p7777-v9559-s,NL,370 EUR,https://www.morjas.com/product/the-ivy-loafer-rubber-sole-brown-grain,in stock
p35-v1527-s,NL,350 EUR,https://www.morjas.com/product/the-tassel-loafer-black-calf,in stock
p9-v1530-s,NL,350 EUR,https://www.morjas.com/product/the-tassel-loafer-brown-suede,in stock
p37-v1529-s,NL,350 EUR,https://www.morjas.com/product/the-tassel-loafer-brown-calf,in stock
p10-v1531-s,NL,350 EUR,https://www.morjas.com/product/the-tassel-loafer-medium-brown-suede,in stock
p36-v1528-s,NL,350 EUR,https://www.morjas.com/product/the-tassel-loafer-burgundy-calf,in stock
p788-v2305-s,NL,350 EUR,https://www.morjas.com/product/the-tassel-loafer-rubber-sole-black-calf,in stock
p787-v2304-s,NL,350 EUR,https://www.morjas.com/product/the-tassel-loafer-rubber-sole-brown-suede,in stock
p1624-v3141-s,NL,350 EUR,https://www.morjas.com/product/the-tassel-loafer-rubber-sole-brown-calf,in stock
p1625-v3142-s,NL,350 EUR,https://www.morjas.com/product/the-tassel-loafer-rubber-sole-medium-brown-suede,in stock
p1623-v3140-s,NL,350 EUR,https://www.morjas.com/product/the-tassel-loafer-rubber-sole-burgundy-calf,in stock
p3691-v5446-s,NL,340 EUR,https://www.morjas.com/product/the-belgian-unlined-beige-suede,in stock
p3690-v5445-s,NL,340 EUR,https://www.morjas.com/product/the-belgian-unlined-taupe-nubuck,in stock
p125-v1642-s,NL,320 EUR,https://www.morjas.com/product/the-belgian-black-suede,in stock
p1643-v3160-s,NL,320 EUR,https://www.morjas.com/product/the-belgian-black-deerskin,in stock
p1644-v3161-s,NL,320 EUR,https://www.morjas.com/product/the-belgian-brown-deerskin,in stock
p7766-v9534-s,NL,320 EUR,https://www.morjas.com/product/the-belgian-black-patent,in stock
p3428-v5110-s,NL,320 EUR,https://www.morjas.com/product/the-belgian-black-deerskin-rubber-sole,in stock
p3427-v5109-s,NL,320 EUR,https://www.morjas.com/product/the-belgian-brown-deerskin-rubber-sole,in stock
p3555-v5310-s,NL,320 EUR,https://www.morjas.com/product/the-belgian-black-suede-rubber-sole,in stock
p1638-v3155-s,NL,360 EUR,https://www.morjas.com/product/the-horsebit-loafer-black-calf,in stock
p1639-v3156-s,NL,360 EUR,https://www.morjas.com/product/the-horsebit-loafer-brown-suede,in stock
p7769-v9537-s,NL,360 EUR,https://www.morjas.com/product/the-horsebit-loafer-black-grain,in stock
p7770-v9538-s,NL,360 EUR,https://www.morjas.com/product/the-horsebit-loafer-brown-grain,in stock
p7773-v9541-s,NL,350 EUR,https://www.morjas.com/product/the-venetian-black-grain,in stock
p7774-v9542-s,NL,350 EUR,https://www.morjas.com/product/the-venetian-brown-grain,in stock
p7775-v9543-s,NL,350 EUR,https://www.morjas.com/product/the-venetian-brown-suede,in stock
p7776-v9544-s,NL,350 EUR,https://www.morjas.com/product/the-venetian-sand-suede,in stock
p7333-v9088-s,NL,370 EUR,https://www.morjas.com/product/the-full-strap-loafer-black-calf,in stock
p123-v1640-s,NL,320 EUR,https://www.morjas.com/product/the-opera-pump-black-patent,in stock
p3130-v4811-s,NL,150 EUR,https://www.morjas.com/product/the-espadrille-beige-suede,out of stock
p2453-v4065-s,NL,150 EUR,https://www.morjas.com/product/the-espadrille-all-black-suede,out of stock
p1648-v3165-s,NL,150 EUR,https://www.morjas.com/product/the-espadrille-taupe-suede,in stock
p783-v2300-s,NL,150 EUR,https://www.morjas.com/product/the-espadrille-navy-suede-1,in stock
p782-v2299-s,NL,150 EUR,https://www.morjas.com/product/the-espadrille-light-grey-suede,in stock
p1649-v3166-s,NL,140 EUR,https://www.morjas.com/product/the-espadrille-ivory-canvas,in stock
p7768-v9536-s,NL,150 EUR,https://www.morjas.com/product/the-espadrille-all-brown-suede,out of stock
p779-v2296-s,NL,150 EUR,https://www.morjas.com/product/the-espadrille-brown-suede,in stock
p3689-v5444-s,NL,300 EUR,https://www.morjas.com/product/the-boat-shoe-brown-grain,in stock
p3142-v4823-s,NL,300 EUR,https://www.morjas.com/product/the-boat-shoe-brown-suede,in stock
p3162-v4844-s,NL,300 EUR,https://www.morjas.com/product/the-boat-shoe-black-grain,in stock
p7782-v9564-s,NL,300 EUR,https://www.morjas.com/product/the-boat-shoe-sand-suede,in stock
p7783-v9565-s,NL,300 EUR,https://www.morjas.com/product/the-boat-shoe-brown-suede-and-brown-calf,in stock
p3141-v4822-s,NL,300 EUR,https://www.morjas.com/product/the-boat-shoe-black-suede-black,in stock
p7779-v9561-s,NL,180 EUR,https://www.morjas.com/product/the-deck-shoe-cream-canvas,in stock
p3685-v5440-s,NL,180 EUR,https://www.morjas.com/product/the-deck-shoe-navy-canvas,in stock
p7778-v9560-s,NL,180 EUR,https://www.morjas.com/product/the-deck-shoe-lavender-canvas,in stock
p7772-v9540-s,NL,200 EUR,https://www.morjas.com/product/the-plimsoll-cream-canvas,in stock
p3681-v5436-s,NL,200 EUR,https://www.morjas.com/product/the-plimsoll-taupe-nubuck,in stock
p7771-v9539-s,NL,200 EUR,https://www.morjas.com/product/the-plimsoll-olive-drab-canvas,in stock
p3682-v5437-s,NL,200 EUR,https://www.morjas.com/product/the-plimsoll-black-suede,in stock
p772-v2289-s,NL,240 EUR,https://www.morjas.com/product/the-sneaker-02-white-leather,in stock
p3678-v5433-s,NL,250 EUR,https://www.morjas.com/product/the-court-sneaker-off-white,in stock
p1659-v3176-s,NL,240 EUR,https://www.morjas.com/product/the-sneaker-02-all-dark-brown-suede,in stock
p2456-v4068-s,NL,240 EUR,https://www.morjas.com/product/the-sneaker-02-nougat-suede,in stock
p766-v2283-s,NL,240 EUR,https://www.morjas.com/product/the-sneaker-02-navy-suede,in stock
p3692-v5447-s,NL,240 EUR,https://www.morjas.com/product/the-sneaker-02-beige-suede,in stock
p7767-v9535-s,NL,250 EUR,https://www.morjas.com/product/the-court-sneaker-nougat-suede,in stock
p1660-v3177-s,NL,240 EUR,https://www.morjas.com/product/the-sneaker-02-all-black-suede,in stock
p3679-v5434-s,NL,250 EUR,https://www.morjas.com/product/the-court-sneaker-brown,in stock
p3680-v5435-s,NL,250 EUR,https://www.morjas.com/product/the-court-sneaker-black,in stock
p3675-v5430-s,NL,300 EUR,https://www.morjas.com/product/the-trainer-white,in stock
p3677-v5432-s,NL,300 EUR,https://www.morjas.com/product/the-trainer-navy-black,in stock
p3676-v5431-s,NL,300 EUR,https://www.morjas.com/product/the-trainer-taupe,in stock
p7802-v9584-s,NL,220 EUR,https://www.morjas.com/product/the-costa-sandal-black-grain,in stock
p7756-v9514-s,NL,380 EUR,https://www.morjas.com/product/the-camp-moc-mull-nubuck,in stock
p7755-v9513-s,NL,420 EUR,https://www.morjas.com/product/the-camp-moc-black-deerskin,out of stock
p11-v1533-s,NL,350 EUR,https://www.morjas.com/product/the-oxford-black-calf,in stock
p16-v1538-s,NL,350 EUR,https://www.morjas.com/product/the-oxford-black-patent,in stock
p13-v1535-s,NL,350 EUR,https://www.morjas.com/product/the-oxford-brown-calf,in stock
p12-v1534-s,NL,350 EUR,https://www.morjas.com/product/the-oxford-burgundy-calf,in stock
p14-v1536-s,NL,350 EUR,https://www.morjas.com/product/the-oxford-brown-suede,in stock
p789-v2306-s,NL,350 EUR,https://www.morjas.com/product/the-oxford-rubber-sole-black-calf,in stock
p1632-v3149-s,NL,350 EUR,https://www.morjas.com/product/the-oxford-rubber-sole-brown-calf,in stock
p1631-v3148-s,NL,350 EUR,https://www.morjas.com/product/the-oxford-rubber-sole-burgundy-calf,in stock
p1633-v3150-s,NL,350 EUR,https://www.morjas.com/product/the-oxford-rubber-sole-brown-suede,in stock
p803-v2320-s,NL,350 EUR,https://www.morjas.com/product/the-adelaide-black-calf,in stock
p2443-v4055-s,NL,350 EUR,https://www.morjas.com/product/the-adelaide-brown-calf,in stock
p1635-v3152-s,NL,350 EUR,https://www.morjas.com/product/the-adelaide-brown-suede,in stock
p3424-v5106-s,NL,370 EUR,https://www.morjas.com/product/the-split-toe-derby-brown-grain,in stock
p3425-v5107-s,NL,370 EUR,https://www.morjas.com/product/the-split-toe-derby-black-calf,in stock
p3660-v5415-s,NL,370 EUR,https://www.morjas.com/product/the-split-toe-derby-black-grain,in stock
p3423-v5105-s,NL,370 EUR,https://www.morjas.com/product/the-split-toe-derby-brown-suede,in stock
p7786-v9568-s,NL,370 EUR,https://www.morjas.com/product/the-split-toe-derby-polo-suede,in stock
p31-v1541-s,NL,370 EUR,https://www.morjas.com/product/the-derby-brown-calf,in stock
p29-v1539-s,NL,370 EUR,https://www.morjas.com/product/the-derby-black-calf,in stock
p32-v1542-s,NL,370 EUR,https://www.morjas.com/product/the-derby-brown-suede,in stock
p33-v1543-s,NL,370 EUR,https://www.morjas.com/product/the-derby-medium-brown-suede,in stock
p28-v1546-s,NL,370 EUR,https://www.morjas.com/product/the-derby-brown-grain,in stock
p30-v1540-s,NL,370 EUR,https://www.morjas.com/product/the-derby-burgundy-calf,in stock
p26-v1544-s,NL,370 EUR,https://www.morjas.com/product/the-derby-black-grain,in stock
p20-v1548-s,NL,370 EUR,https://www.morjas.com/product/the-plain-toe-blucher-black-calf,in stock
p7784-v9566-s,NL,370 EUR,https://www.morjas.com/product/the-plain-toe-blucher-beige-suede,in stock
p44-v1572-s,NL,350 EUR,https://www.morjas.com/product/the-double-monkstrap-black-calf,in stock
p45-v1574-s,NL,350 EUR,https://www.morjas.com/product/the-double-monkstrap-brown-calf,in stock
p49-v1567-s,NL,370 EUR,https://www.morjas.com/product/the-single-monkstrap-black-calf,in stock
p46-v1573-s,NL,350 EUR,https://www.morjas.com/product/the-double-monkstrap-burgundy-calf,in stock
p7787-v9569-s,NL,370 EUR,https://www.morjas.com/product/the-single-monkstrap-brown-suede,in stock
p47-v1575-s,NL,350 EUR,https://www.morjas.com/product/the-double-monkstrap-brown-suede,in stock
p54-v1562-s,NL,420 EUR,https://www.morjas.com/product/the-chelsea-black-calf,in stock
p57-v1565-s,NL,420 EUR,https://www.morjas.com/product/the-chelsea-brown-suede,in stock
p3426-v5108-s,NL,420 EUR,https://www.morjas.com/product/the-chelsea-black-suede,in stock
p56-v1564-s,NL,420 EUR,https://www.morjas.com/product/the-chelsea-brown-calf,in stock
p7757-v9515-s,NL,400 EUR,https://www.morjas.com/product/the-unlined-chukka-brown-suede,in stock
p63-v1561-s,NL,380 EUR,https://www.morjas.com/product/the-chukka-medium-brown-suede,in stock
p62-v1560-s,NL,380 EUR,https://www.morjas.com/product/the-chukka-brown-suede,in stock
p7733-v9488-s,NL,400 EUR,https://www.morjas.com/product/the-moc-toe-chukka-black-grain,in stock
p7732-v9487-s,NL,400 EUR,https://www.morjas.com/product/the-moc-toe-chukka-brown-suede-brown-grain,in stock
p77-v1594-s,NL,390 EUR,https://www.morjas.com/product/the-jumper-boot-black-grain,in stock
p78-v1595-s,NL,390 EUR,https://www.morjas.com/product/the-jumper-boot-brown-suede,in stock
p1684-v3212-s,NL,390 EUR,https://www.morjas.com/product/the-jumper-boot-brown-grain,in stock
p7726-v9481-s,NL,390 EUR,https://www.morjas.com/product/the-jumper-boot-black-calf,out of stock
p7745-v9500-s,NL,390 EUR,https://www.morjas.com/product/the-hybrid-hiker-black-leather,in stock
p3431-v5113-s,NL,380 EUR,https://www.morjas.com/product/the-hybrid-hiker-brown-nubuck,in stock
p3432-v5114-s,NL,380 EUR,https://www.morjas.com/product/the-hybrid-hiker-black-grain,in stock
p7731-v9486-s,NL,380 EUR,https://www.morjas.com/product/the-hybrid-hiker-taupe-suede,in stock
p3430-v5112-s,NL,380 EUR,https://www.morjas.com/product/the-hybrid-hiker-sand-suede,in stock
p7730-v9485-s,NL,390 EUR,https://www.morjas.com/product/the-hybrid-hiker-black-pony-hair,in stock
p1686-v3214-s,NL,440 EUR,https://www.morjas.com/product/the-hiking-boot-brown-grain,in stock
p813-v2330-s,NL,440 EUR,https://www.morjas.com/product/the-hiking-boot-black-grain,in stock
p3433-v5115-s,NL,440 EUR,https://www.morjas.com/product/the-hiking-boot-mudguard-edition,in stock
p7729-v9484-s,NL,440 EUR,https://www.morjas.com/product/the-hiking-boot-black-suede-mudguard,in stock
p1689-v3217-s,NL,450 EUR,https://www.morjas.com/product/the-alpine-boot-black-suede,in stock
p1690-v3218-s,NL,450 EUR,https://www.morjas.com/product/the-alpine-boot-brown-suede,in stock
p7728-v9483-s,NL,450 EUR,https://www.morjas.com/product/the-alpine-boot-black-grain,in stock
p7727-v9482-s,NL,450 EUR,https://www.morjas.com/product/the-alpine-boot-brown-grain,in stock
p7746-v9501-s,NL,450 EUR,https://www.morjas.com/product/the-country-boot-brown-nubuck-and-brown-grain,in stock
p1687-v3215-s,NL,390 EUR,https://www.morjas.com/product/the-monkey-boot-black-grain,in stock
p7337-v9092-s,NL,140 EUR,https://www.morjas.com/product/the-belt-black-suede,in stock
p7338-v9093-s,NL,150 EUR,https://www.morjas.com/product/the-belt-brown-pony-hair,in stock
p7339-v9094-s,NL,150 EUR,https://www.morjas.com/product/the-belt-black-pony-hair,in stock
p2460-v4072-s,NL,140 EUR,https://www.morjas.com/product/the-belt-sand-suede,in stock
p2461-v4073-s,NL,140 EUR,https://www.morjas.com/product/the-belt-taupe-suede,in stock
p7763-v9531-s,NL,140 EUR,https://www.morjas.com/product/the-belt-black-suede-wide-braided,in stock
p7764-v9532-s,NL,140 EUR,https://www.morjas.com/product/the-belt-brown-suede-wide-braided,in stock
p664-v2181-s,NL,140 EUR,https://www.morjas.com/product/the-belt-black-grain,in stock
p665-v2182-s,NL,140 EUR,https://www.morjas.com/product/the-belt-brown-grain,in stock
p760-v2277-s,NL,140 EUR,https://www.morjas.com/product/the-belt-brown-suede-1,in stock
p761-v2278-s,NL,140 EUR,https://www.morjas.com/product/the-belt-medium-brown-suede-1,in stock
p762-v2279-s,NL,140 EUR,https://www.morjas.com/product/the-belt-black-braided,in stock
p763-v2280-s,NL,140 EUR,https://www.morjas.com/product/the-belt-brown-braided,in stock
p3126-v4807-s,NL,140 EUR,https://www.morjas.com/product/the-belt-black-wide-braided,in stock
p3127-v4808-s,NL,140 EUR,https://www.morjas.com/product/the-belt-brown-wide-braided,in stock
p3418-v5100-s,NL,140 EUR,https://www.morjas.com/product/the-belt-black-calf-matte-gold-buckle,in stock
p666-v2183-s,NL,140 EUR,https://www.morjas.com/product/the-belt-black-embossed,in stock
p757-v2274-s,NL,140 EUR,https://www.morjas.com/product/the-belt-black-calf-1,in stock
p758-v2275-s,NL,140 EUR,https://www.morjas.com/product/the-belt-burgundy-calf-1,in stock
p759-v2276-s,NL,140 EUR,https://www.morjas.com/product/the-belt-brown-calf-1,in stock
p3419-v5101-s,NL,140 EUR,https://www.morjas.com/product/the-belt-black-grain-silver-buckle,in stock
p7765-v9533-s,NL,140 EUR,https://www.morjas.com/product/the-belt-mull-nubuck-silver-buckle,in stock
p7813-v9595-s,NL,140 EUR,https://www.morjas.com/product/the-belt-matte-gold-buckle-black-embossed,in stock
p7807-v9589-s,NL,140 EUR,https://www.morjas.com/product/the-belt-matte-gold-buckle-brown-calf,in stock
p7806-v9588-s,NL,140 EUR,https://www.morjas.com/product/the-belt-matte-gold-buckle-burgundy-calf,in stock
p7808-v9590-s,NL,140 EUR,https://www.morjas.com/product/the-belt-silver-buckle-black-suede,in stock
p7809-v9591-s,NL,140 EUR,https://www.morjas.com/product/the-belt-silver-buckle-brown-suede,in stock
p7810-v9592-s,NL,140 EUR,https://www.morjas.com/product/the-belt-silver-buckle-medium-brown-suede,in stock
p7811-v9593-s,NL,140 EUR,https://www.morjas.com/product/the-belt-silver-buckle-sand-suede,in stock
p7812-v9594-s,NL,140 EUR,https://www.morjas.com/product/the-belt-silver-buckle-taupe-suede,in stock
p7814-v9596-s,NL,140 EUR,https://www.morjas.com/product/the-belt-silver-buckle-brown-grain,in stock
p7759-v9527-s,NL,110 EUR,https://www.morjas.com/product/the-card-holder-truffle-grey-embossed,in stock
p7760-v9528-s,NL,130 EUR,https://www.morjas.com/product/the-foldable-card-holder-truffle-grey-embossed,in stock
p7761-v9529-s,NL,90 EUR,https://www.morjas.com/product/the-luggage-tag-truffle-grey-embossed,in stock
p7762-v9530-s,NL,130 EUR,https://www.morjas.com/product/the-passport-holder-truffle-grey-embossed,in stock
p2449-v4061-s,NL,200 EUR,https://www.morjas.com/product/the-sleeve-black-grain,in stock
p1697-v3225-s,NL,250 EUR,https://www.morjas.com/product/the-toiletry-bag-black-grain,in stock
p1693-v3221-s,NL,140 EUR,https://www.morjas.com/product/the-wallet-black-grain,out of stock
p1694-v3222-s,NL,140 EUR,https://www.morjas.com/product/the-wallet-brown-grain,out of stock
p3121-v4802-s,NL,40 EUR,https://www.morjas.com/product/the-silk-sock-black-knee-high,in stock
p1471-v2988-s,NL,20 EUR,https://www.morjas.com/product/the-sock-black-ribbed-knee-high,in stock
p1472-v2989-s,NL,20 EUR,https://www.morjas.com/product/the-sock-navy-ribbed-knee-high,in stock
p1473-v2990-s,NL,20 EUR,https://www.morjas.com/product/the-sock-brown-ribbed-knee-high,in stock
p1474-v2991-s,NL,20 EUR,https://www.morjas.com/product/the-sock-dark-grey-ribbed-ribbed-knee-high,in stock
p1475-v2992-s,NL,20 EUR,https://www.morjas.com/product/the-sock-mid-grey-ribbed-knee-high,in stock
p1621-v3138-s,NL,20 EUR,https://www.morjas.com/product/the-sock-sand-ribbed-knee-high,in stock
p3694-v5449-s,NL,20 EUR,https://www.morjas.com/product/the-sock-knee-high-light-blue-ribbed,in stock
p76-v1593-s,NL,20 EUR,https://www.morjas.com/product/the-sock-navy-ribbed-mid-calf,in stock
p1700-v3228-s,NL,20 EUR,https://www.morjas.com/product/the-sock-dark-grey-ribbed-mid-calf,in stock
p1701-v3229-s,NL,20 EUR,https://www.morjas.com/product/the-sock-mid-grey-ribbed-mid-calf,in stock
p75-v1592-s,NL,20 EUR,https://www.morjas.com/product/the-sock-black-ribbed-mid-calf,in stock
p1702-v3230-s,NL,20 EUR,https://www.morjas.com/product/the-sock-brown-ribbed-mid-calf,out of stock
p1703-v3231-s,NL,20 EUR,https://www.morjas.com/product/the-sock-sand-ribbed-mid-calf,in stock
p3693-v5448-s,NL,20 EUR,https://www.morjas.com/product/the-sock-mid-calf-off-white-ribbed,in stock
p3115-v4796-s,NL,20 EUR,https://www.morjas.com/product/the-wool-sock-navy-ribbed-mid-calf,out of stock
p3116-v4797-s,NL,20 EUR,https://www.morjas.com/product/the-wool-sock-mid-brown-ribbed-mid-calf,out of stock
p3117-v4798-s,NL,20 EUR,https://www.morjas.com/product/the-wool-sock-ecru-ribbed-mid-calf,out of stock
p3668-v5423-s,NL,350 EUR,https://www.morjas.com/product/women-the-ballet-flat-black-nappa,in stock
p3667-v5422-s,NL,350 EUR,https://www.morjas.com/product/women-the-ballet-flat-brown-nappa,in stock
p7716-v9471-s,NL,350 EUR,https://www.morjas.com/product/women-the-ballet-flat-black-suede,in stock
p7796-v9578-s,NL,350 EUR,https://www.morjas.com/product/women-the-ballet-flat-ruby-nappa,in stock
p3665-v5420-s,NL,350 EUR,https://www.morjas.com/product/women-the-ballet-flat-greige-suede,in stock
p3666-v5421-s,NL,350 EUR,https://www.morjas.com/product/women-the-ballet-flat-ivory-nappa,in stock
p7822-v9606-s,NL,350 EUR,https://www.morjas.com/product/women-the-ballet-flat-leather-sole-black-nappa,in stock
p7823-v9607-s,NL,350 EUR,https://www.morjas.com/product/women-the-ballet-flat-leather-sole-black-suede,in stock
p7800-v9582-s,NL,390 EUR,https://www.morjas.com/product/women-the-soft-moc-brown-grain,in stock
p7799-v9581-s,NL,390 EUR,https://www.morjas.com/product/women-the-soft-moc-black-grain,in stock
p7801-v9583-s,NL,390 EUR,https://www.morjas.com/product/women-the-soft-moc-brown-suede,in stock
p3672-v5427-s,NL,370 EUR,https://www.morjas.com/product/women-the-penny-loafer-black-calf,in stock
p7718-v9473-s,NL,370 EUR,https://www.morjas.com/product/women-the-penny-loafer-brown-suede,in stock
p3673-v5428-s,NL,370 EUR,https://www.morjas.com/product/women-the-penny-loafer-burgundy-calf,in stock
p3674-v5429-s,NL,370 EUR,https://www.morjas.com/product/women-the-penny-loafer-ivory-calf,in stock
p7717-v9472-s,NL,370 EUR,https://www.morjas.com/product/women-the-penny-loafer-black-suede,in stock
p3702-v5457-s,NL,280 EUR,https://www.morjas.com/product/women-the-paloma-sandal-tan-nappa,in stock
p3703-v5458-s,NL,280 EUR,https://www.morjas.com/product/women-the-paloma-sandal-black-nappa,in stock
p3704-v5459-s,NL,280 EUR,https://www.morjas.com/product/women-the-paloma-sandal-brown-nappa,in stock
p7788-v9570-s,NL,280 EUR,https://www.morjas.com/product/women-the-paloma-sandal-taupe-grain,in stock
p7723-v9478-s,NL,480 EUR,https://www.morjas.com/product/women-the-ankle-boot-brown-nappa,in stock
p7722-v9477-s,NL,480 EUR,https://www.morjas.com/product/women-the-ankle-boot-black-nappa,in stock
p7724-v9479-s,NL,480 EUR,https://www.morjas.com/product/women-the-ankle-boot-black-suede,in stock
p7725-v9480-s,NL,480 EUR,https://www.morjas.com/product/women-the-ankle-boot-brown-suede,in stock
p3698-v5453-s,NL,150 EUR,https://www.morjas.com/product/women-the-espadrille-beige-suede,in stock
p3697-v5452-s,NL,150 EUR,https://www.morjas.com/product/women-the-espadrille-taupe-suede,in stock
p3699-v5454-s,NL,150 EUR,https://www.morjas.com/product/women-the-espadrille-black-suede,in stock
p7790-v9572-s,NL,350 EUR,https://www.morjas.com/product/women-the-boat-shoe-brown-suede,in stock
p7789-v9571-s,NL,350 EUR,https://www.morjas.com/product/women-the-boat-shoe-black-grain,in stock
p3701-v5456-s,NL,350 EUR,https://www.morjas.com/product/women-the-boat-shoe-sand-suede,in stock
p3700-v5455-s,NL,350 EUR,https://www.morjas.com/product/women-the-boat-shoe-white-grain,in stock
p7820-v9602-s,NL,350 EUR,https://www.morjas.com/product/women-the-flat-slingback-black-embossed,in stock
p7791-v9573-s,NL,440 EUR,https://www.morjas.com/product/women-the-slingback-ivory-nappa,in stock
p3671-v5426-s,NL,440 EUR,https://www.morjas.com/product/women-the-slingback-black-nappa,in stock
p3669-v5424-s,NL,440 EUR,https://www.morjas.com/product/women-the-slingback-taupe-suede,in stock
p7749-v9507-s,NL,470 EUR,https://www.morjas.com/product/women-the-city-boot-black-calf,in stock
p7750-v9508-s,NL,470 EUR,https://www.morjas.com/product/women-the-city-boot-brown-calf,in stock
p7793-v9575-s,NL,460 EUR,https://www.morjas.com/product/women-the-dorsay-pump-brown-nappa,in stock
p7792-v9574-s,NL,460 EUR,https://www.morjas.com/product/women-the-dorsay-pump-black-nappa,in stock
p7748-v9506-s,NL,730 EUR,https://www.morjas.com/product/women-the-riding-boot-black-calf,in stock
p7818-v9600-s,NL,350 EUR,https://www.morjas.com/product/women-the-sandalette-brown-nappa,in stock
p7819-v9601-s,NL,350 EUR,https://www.morjas.com/product/women-the-sandalette-black-nappa,in stock
p7817-v9599-s,NL,350 EUR,https://www.morjas.com/product/women-the-sandalette-ivory-nappa,in stock
p7816-v9598-s,NL,300 EUR,https://www.morjas.com/product/women-the-verona-sandal-black-nappa,in stock
p7815-v9597-s,NL,300 EUR,https://www.morjas.com/product/women-the-verona-sandal-brown-suede,in stock
p7721-v9476-s,NL,420 EUR,https://www.morjas.com/product/women-the-pump-black-nappa,in stock
p7719-v9474-s,NL,420 EUR,https://www.morjas.com/product/women-the-pump-brown-suede,in stock
p7720-v9475-s,NL,420 EUR,https://www.morjas.com/product/women-the-pump-caramel-nappa,in stock
p7794-v9576-s,NL,490 EUR,https://www.morjas.com/product/women-the-stiletto-boot-black-nappa,in stock
p7795-v9577-s,NL,490 EUR,https://www.morjas.com/product/women-the-stiletto-boot-truffle-suede,in stock
p7752-v9510-s,NL,20 EUR,https://www.morjas.com/product/women-the-sock-black,in stock
p7751-v9509-s,NL,20 EUR,https://www.morjas.com/product/women-the-sock-brown,in stock
p3954-v5709-s,NL,20 EUR,https://www.morjas.com/product/women-the-sock-off-white,in stock
p7740-v9495-s,NL,140 EUR,https://www.morjas.com/product/women-the-belt-black-nappa-20-mm,in stock
p7798-v9580-s,NL,140 EUR,https://www.morjas.com/product/women-the-belt-tan-grain-20-mm,in stock
p7797-v9579-s,NL,140 EUR,https://www.morjas.com/product/women-the-belt-ivory-nappa-20-mm,in stock
p7742-v9497-s,NL,160 EUR,https://www.morjas.com/product/women-the-belt-black-nappa-40-mm,in stock
p7741-v9496-s,NL,160 EUR,https://www.morjas.com/product/women-the-belt-brown-nappa-40-mm,in stock
p7743-v9498-s,NL,160 EUR,https://www.morjas.com/product/women-the-belt-black-suede-50-mm,in stock
p7744-v9499-s,NL,160 EUR,https://www.morjas.com/product/women-the-belt-brown-suede-50-mm,in stock
p7821-v9605-s,NL,350 EUR,https://www.morjas.com/product/women-the-ballet-flat-leather-sole-brown-nappa,in stock
p3670-v5425-s,NL,440 EUR,https://www.morjas.com/product/women-the-slingback-dove-blue-suede,in stock
p7753-v9511-s,NL,550 EUR,https://www.morjas.com/product/women-the-chalet-boot-brown-pony-hair,in stock
p3953-v9504-s,NL,520 EUR,https://www.morjas.com/product/women-the-chalet-boot-brown-calf,in stock
p3952-v9503-s,NL,520 EUR,https://www.morjas.com/product/women-the-chalet-boot-black-calf,out of stock
p7825-v9609-s,CH,350 EUR,https://www.morjas.com/product/the-ivy-loafer-rubber-sole-black-suede,in stock
p764-v2281-s,CH,380 EUR,https://www.morjas.com/product/the-penny-loafer-brown-suede-unlined,in stock
p1627-v3144-s,CH,380 EUR,https://www.morjas.com/product/the-penny-loafer-medium-brown-suede-unlined,in stock
p3118-v4799-s,CH,380 EUR,https://www.morjas.com/product/the-penny-loafer-sand-suede-unlined,in stock
p5-v1519-s,CH,330 EUR,https://www.morjas.com/product/the-penny-loafer-black-calf,in stock
p38-v1522-s,CH,330 EUR,https://www.morjas.com/product/the-penny-loafer-brown-suede,in stock
p7-v1521-s,CH,330 EUR,https://www.morjas.com/product/the-penny-loafer-brown-calf,in stock
p2446-v4058-s,CH,330 EUR,https://www.morjas.com/product/the-penny-loafer-leather-sole-black-grain,in stock
p6-v1520-s,CH,330 EUR,https://www.morjas.com/product/the-penny-loafer-burgundy-calf,in stock
p39-v1523-s,CH,330 EUR,https://www.morjas.com/product/the-penny-loafer-medium-brown-suede,in stock
p2447-v4059-s,CH,330 EUR,https://www.morjas.com/product/the-penny-loafer-leather-sole-brown-grain,in stock
p3120-v4801-s,CH,330 EUR,https://www.morjas.com/product/the-penny-loafer-black-suede-leather-sole,in stock
p1637-v3154-s,CH,330 EUR,https://www.morjas.com/product/the-penny-loafer-black-grain-black-suede,in stock
p3152-v4834-s,CH,330 EUR,https://www.morjas.com/product/the-penny-loafer-black-grain-navy-suede,in stock
p786-v2303-s,CH,330 EUR,https://www.morjas.com/product/the-penny-loafer-rubber-sole-black-calf,in stock
p785-v2302-s,CH,330 EUR,https://www.morjas.com/product/the-penny-loafer-rubber-sole-brown-suede,in stock
p2-v1524-s,CH,330 EUR,https://www.morjas.com/product/the-penny-loafer-black-grain,in stock
p1629-v3146-s,CH,330 EUR,https://www.morjas.com/product/the-penny-loafer-rubber-sole-brown-calf,in stock
p1630-v3147-s,CH,330 EUR,https://www.morjas.com/product/the-penny-loafer-rubber-sole-medium-brown-suede,in stock
p4-v1526-s,CH,330 EUR,https://www.morjas.com/product/the-penny-loafer-brown-grain,in stock
p1628-v3145-s,CH,330 EUR,https://www.morjas.com/product/the-penny-loafer-rubber-sole-burgundy-calf,in stock
p3122-v4803-s,CH,350 EUR,https://www.morjas.com/product/the-ivy-loafer-black-calf,in stock
p3124-v4805-s,CH,350 EUR,https://www.morjas.com/product/the-ivy-loafer-brown-suede,in stock
p7336-v9091-s,CH,350 EUR,https://www.morjas.com/product/the-ivy-loafer-black-grain,in stock
p3123-v4804-s,CH,350 EUR,https://www.morjas.com/product/the-ivy-loafer-burgundy-calf,in stock
p7803-v9585-s,CH,350 EUR,https://www.morjas.com/product/the-ivy-loafer-brown-grain,in stock
p7335-v9090-s,CH,350 EUR,https://www.morjas.com/product/the-ivy-loafer-black-suede,in stock
p3420-v5102-s,CH,350 EUR,https://www.morjas.com/product/the-ivy-loafer-black-calf-rubber-sole,in stock
p3422-v5104-s,CH,350 EUR,https://www.morjas.com/product/the-ivy-loafer-brown-suede-rubber-sole,in stock
p7805-v9587-s,CH,350 EUR,https://www.morjas.com/product/the-ivy-loafer-rubber-sole-black-grain,in stock
p3421-v5103-s,CH,350 EUR,https://www.morjas.com/product/the-ivy-loafer-burgundy-calf-rubber-sole,in stock
p7777-v9559-s,CH,350 EUR,https://www.morjas.com/product/the-ivy-loafer-rubber-sole-brown-grain,in stock
p35-v1527-s,CH,330 EUR,https://www.morjas.com/product/the-tassel-loafer-black-calf,in stock
p9-v1530-s,CH,330 EUR,https://www.morjas.com/product/the-tassel-loafer-brown-suede,in stock
p37-v1529-s,CH,330 EUR,https://www.morjas.com/product/the-tassel-loafer-brown-calf,in stock
p10-v1531-s,CH,330 EUR,https://www.morjas.com/product/the-tassel-loafer-medium-brown-suede,in stock
p36-v1528-s,CH,330 EUR,https://www.morjas.com/product/the-tassel-loafer-burgundy-calf,in stock
p788-v2305-s,CH,330 EUR,https://www.morjas.com/product/the-tassel-loafer-rubber-sole-black-calf,in stock
p787-v2304-s,CH,330 EUR,https://www.morjas.com/product/the-tassel-loafer-rubber-sole-brown-suede,in stock
p1624-v3141-s,CH,330 EUR,https://www.morjas.com/product/the-tassel-loafer-rubber-sole-brown-calf,in stock
p1625-v3142-s,CH,330 EUR,https://www.morjas.com/product/the-tassel-loafer-rubber-sole-medium-brown-suede,in stock
p1623-v3140-s,CH,330 EUR,https://www.morjas.com/product/the-tassel-loafer-rubber-sole-burgundy-calf,in stock
p3691-v5446-s,CH,320 EUR,https://www.morjas.com/product/the-belgian-unlined-beige-suede,in stock
p3690-v5445-s,CH,320 EUR,https://www.morjas.com/product/the-belgian-unlined-taupe-nubuck,in stock
p125-v1642-s,CH,300 EUR,https://www.morjas.com/product/the-belgian-black-suede,in stock
p1643-v3160-s,CH,300 EUR,https://www.morjas.com/product/the-belgian-black-deerskin,in stock
p1644-v3161-s,CH,300 EUR,https://www.morjas.com/product/the-belgian-brown-deerskin,in stock
p7766-v9534-s,CH,300 EUR,https://www.morjas.com/product/the-belgian-black-patent,in stock
p3428-v5110-s,CH,300 EUR,https://www.morjas.com/product/the-belgian-black-deerskin-rubber-sole,in stock
p3427-v5109-s,CH,300 EUR,https://www.morjas.com/product/the-belgian-brown-deerskin-rubber-sole,in stock
p3555-v5310-s,CH,300 EUR,https://www.morjas.com/product/the-belgian-black-suede-rubber-sole,in stock
p1638-v3155-s,CH,340 EUR,https://www.morjas.com/product/the-horsebit-loafer-black-calf,in stock
p1639-v3156-s,CH,340 EUR,https://www.morjas.com/product/the-horsebit-loafer-brown-suede,in stock
p7769-v9537-s,CH,340 EUR,https://www.morjas.com/product/the-horsebit-loafer-black-grain,in stock
p7770-v9538-s,CH,340 EUR,https://www.morjas.com/product/the-horsebit-loafer-brown-grain,in stock
p7773-v9541-s,CH,320 EUR,https://www.morjas.com/product/the-venetian-black-grain,in stock
p7774-v9542-s,CH,320 EUR,https://www.morjas.com/product/the-venetian-brown-grain,in stock
p7775-v9543-s,CH,320 EUR,https://www.morjas.com/product/the-venetian-brown-suede,in stock
p7776-v9544-s,CH,320 EUR,https://www.morjas.com/product/the-venetian-sand-suede,in stock
p7333-v9088-s,CH,350 EUR,https://www.morjas.com/product/the-full-strap-loafer-black-calf,in stock
p123-v1640-s,CH,300 EUR,https://www.morjas.com/product/the-opera-pump-black-patent,in stock
p3130-v4811-s,CH,140 EUR,https://www.morjas.com/product/the-espadrille-beige-suede,out of stock
p2453-v4065-s,CH,140 EUR,https://www.morjas.com/product/the-espadrille-all-black-suede,out of stock
p1648-v3165-s,CH,140 EUR,https://www.morjas.com/product/the-espadrille-taupe-suede,in stock
p783-v2300-s,CH,140 EUR,https://www.morjas.com/product/the-espadrille-navy-suede-1,in stock
p782-v2299-s,CH,140 EUR,https://www.morjas.com/product/the-espadrille-light-grey-suede,in stock
p1649-v3166-s,CH,130 EUR,https://www.morjas.com/product/the-espadrille-ivory-canvas,in stock
p7768-v9536-s,CH,140 EUR,https://www.morjas.com/product/the-espadrille-all-brown-suede,out of stock
p779-v2296-s,CH,140 EUR,https://www.morjas.com/product/the-espadrille-brown-suede,in stock
p3689-v5444-s,CH,270 EUR,https://www.morjas.com/product/the-boat-shoe-brown-grain,in stock
p3142-v4823-s,CH,270 EUR,https://www.morjas.com/product/the-boat-shoe-brown-suede,in stock
p3162-v4844-s,CH,270 EUR,https://www.morjas.com/product/the-boat-shoe-black-grain,in stock
p7782-v9564-s,CH,270 EUR,https://www.morjas.com/product/the-boat-shoe-sand-suede,in stock
p7783-v9565-s,CH,270 EUR,https://www.morjas.com/product/the-boat-shoe-brown-suede-and-brown-calf,in stock
p3141-v4822-s,CH,270 EUR,https://www.morjas.com/product/the-boat-shoe-black-suede-black,in stock
p7779-v9561-s,CH,160 EUR,https://www.morjas.com/product/the-deck-shoe-cream-canvas,in stock
p3685-v5440-s,CH,160 EUR,https://www.morjas.com/product/the-deck-shoe-navy-canvas,in stock
p7778-v9560-s,CH,160 EUR,https://www.morjas.com/product/the-deck-shoe-lavender-canvas,in stock
p7772-v9540-s,CH,180 EUR,https://www.morjas.com/product/the-plimsoll-cream-canvas,in stock
p3681-v5436-s,CH,180 EUR,https://www.morjas.com/product/the-plimsoll-taupe-nubuck,in stock
p7771-v9539-s,CH,180 EUR,https://www.morjas.com/product/the-plimsoll-olive-drab-canvas,in stock
p3682-v5437-s,CH,180 EUR,https://www.morjas.com/product/the-plimsoll-black-suede,in stock
p772-v2289-s,CH,220 EUR,https://www.morjas.com/product/the-sneaker-02-white-leather,in stock
p3678-v5433-s,CH,230 EUR,https://www.morjas.com/product/the-court-sneaker-off-white,in stock
p1659-v3176-s,CH,220 EUR,https://www.morjas.com/product/the-sneaker-02-all-dark-brown-suede,in stock
p2456-v4068-s,CH,220 EUR,https://www.morjas.com/product/the-sneaker-02-nougat-suede,in stock
p766-v2283-s,CH,220 EUR,https://www.morjas.com/product/the-sneaker-02-navy-suede,in stock
p3692-v5447-s,CH,220 EUR,https://www.morjas.com/product/the-sneaker-02-beige-suede,in stock
p7767-v9535-s,CH,230 EUR,https://www.morjas.com/product/the-court-sneaker-nougat-suede,in stock
p1660-v3177-s,CH,220 EUR,https://www.morjas.com/product/the-sneaker-02-all-black-suede,in stock
p3679-v5434-s,CH,230 EUR,https://www.morjas.com/product/the-court-sneaker-brown,in stock
p3680-v5435-s,CH,230 EUR,https://www.morjas.com/product/the-court-sneaker-black,in stock
p3675-v5430-s,CH,280 EUR,https://www.morjas.com/product/the-trainer-white,in stock
p3677-v5432-s,CH,280 EUR,https://www.morjas.com/product/the-trainer-navy-black,in stock
p3676-v5431-s,CH,280 EUR,https://www.morjas.com/product/the-trainer-taupe,in stock
p7802-v9584-s,CH,200 EUR,https://www.morjas.com/product/the-costa-sandal-black-grain,in stock
p7756-v9514-s,CH,350 EUR,https://www.morjas.com/product/the-camp-moc-mull-nubuck,in stock
p7755-v9513-s,CH,390 EUR,https://www.morjas.com/product/the-camp-moc-black-deerskin,out of stock
p11-v1533-s,CH,330 EUR,https://www.morjas.com/product/the-oxford-black-calf,in stock
p16-v1538-s,CH,330 EUR,https://www.morjas.com/product/the-oxford-black-patent,in stock
p13-v1535-s,CH,330 EUR,https://www.morjas.com/product/the-oxford-brown-calf,in stock
p12-v1534-s,CH,330 EUR,https://www.morjas.com/product/the-oxford-burgundy-calf,in stock
p14-v1536-s,CH,330 EUR,https://www.morjas.com/product/the-oxford-brown-suede,in stock
p789-v2306-s,CH,330 EUR,https://www.morjas.com/product/the-oxford-rubber-sole-black-calf,in stock
p1632-v3149-s,CH,330 EUR,https://www.morjas.com/product/the-oxford-rubber-sole-brown-calf,in stock
p1631-v3148-s,CH,330 EUR,https://www.morjas.com/product/the-oxford-rubber-sole-burgundy-calf,in stock
p1633-v3150-s,CH,330 EUR,https://www.morjas.com/product/the-oxford-rubber-sole-brown-suede,in stock
p803-v2320-s,CH,330 EUR,https://www.morjas.com/product/the-adelaide-black-calf,in stock
p2443-v4055-s,CH,330 EUR,https://www.morjas.com/product/the-adelaide-brown-calf,in stock
p1635-v3152-s,CH,330 EUR,https://www.morjas.com/product/the-adelaide-brown-suede,in stock
p3424-v5106-s,CH,350 EUR,https://www.morjas.com/product/the-split-toe-derby-brown-grain,in stock
p3425-v5107-s,CH,350 EUR,https://www.morjas.com/product/the-split-toe-derby-black-calf,in stock
p3660-v5415-s,CH,350 EUR,https://www.morjas.com/product/the-split-toe-derby-black-grain,in stock
p3423-v5105-s,CH,350 EUR,https://www.morjas.com/product/the-split-toe-derby-brown-suede,in stock
p7786-v9568-s,CH,350 EUR,https://www.morjas.com/product/the-split-toe-derby-polo-suede,in stock
p31-v1541-s,CH,350 EUR,https://www.morjas.com/product/the-derby-brown-calf,in stock
p29-v1539-s,CH,350 EUR,https://www.morjas.com/product/the-derby-black-calf,in stock
p32-v1542-s,CH,350 EUR,https://www.morjas.com/product/the-derby-brown-suede,in stock
p33-v1543-s,CH,350 EUR,https://www.morjas.com/product/the-derby-medium-brown-suede,in stock
p28-v1546-s,CH,350 EUR,https://www.morjas.com/product/the-derby-brown-grain,in stock
p30-v1540-s,CH,350 EUR,https://www.morjas.com/product/the-derby-burgundy-calf,in stock
p26-v1544-s,CH,350 EUR,https://www.morjas.com/product/the-derby-black-grain,in stock
p20-v1548-s,CH,350 EUR,https://www.morjas.com/product/the-plain-toe-blucher-black-calf,in stock
p7784-v9566-s,CH,350 EUR,https://www.morjas.com/product/the-plain-toe-blucher-beige-suede,in stock
p44-v1572-s,CH,330 EUR,https://www.morjas.com/product/the-double-monkstrap-black-calf,in stock
p45-v1574-s,CH,330 EUR,https://www.morjas.com/product/the-double-monkstrap-brown-calf,in stock
p49-v1567-s,CH,350 EUR,https://www.morjas.com/product/the-single-monkstrap-black-calf,in stock
p46-v1573-s,CH,330 EUR,https://www.morjas.com/product/the-double-monkstrap-burgundy-calf,in stock
p7787-v9569-s,CH,350 EUR,https://www.morjas.com/product/the-single-monkstrap-brown-suede,in stock
p47-v1575-s,CH,330 EUR,https://www.morjas.com/product/the-double-monkstrap-brown-suede,in stock
p54-v1562-s,CH,390 EUR,https://www.morjas.com/product/the-chelsea-black-calf,in stock
p57-v1565-s,CH,390 EUR,https://www.morjas.com/product/the-chelsea-brown-suede,in stock
p3426-v5108-s,CH,390 EUR,https://www.morjas.com/product/the-chelsea-black-suede,in stock
p56-v1564-s,CH,390 EUR,https://www.morjas.com/product/the-chelsea-brown-calf,in stock
p7757-v9515-s,CH,380 EUR,https://www.morjas.com/product/the-unlined-chukka-brown-suede,in stock
p63-v1561-s,CH,360 EUR,https://www.morjas.com/product/the-chukka-medium-brown-suede,in stock
p62-v1560-s,CH,360 EUR,https://www.morjas.com/product/the-chukka-brown-suede,in stock
p7733-v9488-s,CH,380 EUR,https://www.morjas.com/product/the-moc-toe-chukka-black-grain,in stock
p7732-v9487-s,CH,380 EUR,https://www.morjas.com/product/the-moc-toe-chukka-brown-suede-brown-grain,in stock
p77-v1594-s,CH,370 EUR,https://www.morjas.com/product/the-jumper-boot-black-grain,in stock
p78-v1595-s,CH,370 EUR,https://www.morjas.com/product/the-jumper-boot-brown-suede,in stock
p1684-v3212-s,CH,370 EUR,https://www.morjas.com/product/the-jumper-boot-brown-grain,in stock
p7726-v9481-s,CH,370 EUR,https://www.morjas.com/product/the-jumper-boot-black-calf,out of stock
p7745-v9500-s,CH,370 EUR,https://www.morjas.com/product/the-hybrid-hiker-black-leather,in stock
p3431-v5113-s,CH,360 EUR,https://www.morjas.com/product/the-hybrid-hiker-brown-nubuck,in stock
p3432-v5114-s,CH,360 EUR,https://www.morjas.com/product/the-hybrid-hiker-black-grain,in stock
p7731-v9486-s,CH,360 EUR,https://www.morjas.com/product/the-hybrid-hiker-taupe-suede,in stock
p3430-v5112-s,CH,360 EUR,https://www.morjas.com/product/the-hybrid-hiker-sand-suede,in stock
p7730-v9485-s,CH,370 EUR,https://www.morjas.com/product/the-hybrid-hiker-black-pony-hair,in stock
p1686-v3214-s,CH,420 EUR,https://www.morjas.com/product/the-hiking-boot-brown-grain,in stock
p813-v2330-s,CH,420 EUR,https://www.morjas.com/product/the-hiking-boot-black-grain,in stock
p3433-v5115-s,CH,420 EUR,https://www.morjas.com/product/the-hiking-boot-mudguard-edition,in stock
p7729-v9484-s,CH,420 EUR,https://www.morjas.com/product/the-hiking-boot-black-suede-mudguard,in stock
p1689-v3217-s,CH,430 EUR,https://www.morjas.com/product/the-alpine-boot-black-suede,in stock
p1690-v3218-s,CH,430 EUR,https://www.morjas.com/product/the-alpine-boot-brown-suede,in stock
p7728-v9483-s,CH,430 EUR,https://www.morjas.com/product/the-alpine-boot-black-grain,in stock
p7727-v9482-s,CH,430 EUR,https://www.morjas.com/product/the-alpine-boot-brown-grain,in stock
p7746-v9501-s,CH,430 EUR,https://www.morjas.com/product/the-country-boot-brown-nubuck-and-brown-grain,in stock
p1687-v3215-s,CH,370 EUR,https://www.morjas.com/product/the-monkey-boot-black-grain,in stock
p7337-v9092-s,CH,120 EUR,https://www.morjas.com/product/the-belt-black-suede,in stock
p7338-v9093-s,CH,130 EUR,https://www.morjas.com/product/the-belt-brown-pony-hair,in stock
p7339-v9094-s,CH,130 EUR,https://www.morjas.com/product/the-belt-black-pony-hair,in stock
p2460-v4072-s,CH,120 EUR,https://www.morjas.com/product/the-belt-sand-suede,in stock
p2461-v4073-s,CH,120 EUR,https://www.morjas.com/product/the-belt-taupe-suede,in stock
p7763-v9531-s,CH,120 EUR,https://www.morjas.com/product/the-belt-black-suede-wide-braided,in stock
p7764-v9532-s,CH,120 EUR,https://www.morjas.com/product/the-belt-brown-suede-wide-braided,in stock
p664-v2181-s,CH,120 EUR,https://www.morjas.com/product/the-belt-black-grain,in stock
p665-v2182-s,CH,120 EUR,https://www.morjas.com/product/the-belt-brown-grain,in stock
p760-v2277-s,CH,120 EUR,https://www.morjas.com/product/the-belt-brown-suede-1,in stock
p761-v2278-s,CH,120 EUR,https://www.morjas.com/product/the-belt-medium-brown-suede-1,in stock
p762-v2279-s,CH,120 EUR,https://www.morjas.com/product/the-belt-black-braided,in stock
p763-v2280-s,CH,120 EUR,https://www.morjas.com/product/the-belt-brown-braided,in stock
p3126-v4807-s,CH,120 EUR,https://www.morjas.com/product/the-belt-black-wide-braided,in stock
p3127-v4808-s,CH,120 EUR,https://www.morjas.com/product/the-belt-brown-wide-braided,in stock
p3418-v5100-s,CH,140 EUR,https://www.morjas.com/product/the-belt-black-calf-matte-gold-buckle,in stock
p666-v2183-s,CH,120 EUR,https://www.morjas.com/product/the-belt-black-embossed,in stock
p757-v2274-s,CH,120 EUR,https://www.morjas.com/product/the-belt-black-calf-1,in stock
p758-v2275-s,CH,120 EUR,https://www.morjas.com/product/the-belt-burgundy-calf-1,in stock
p759-v2276-s,CH,120 EUR,https://www.morjas.com/product/the-belt-brown-calf-1,in stock
p3419-v5101-s,CH,140 EUR,https://www.morjas.com/product/the-belt-black-grain-silver-buckle,in stock
p7765-v9533-s,CH,120 EUR,https://www.morjas.com/product/the-belt-mull-nubuck-silver-buckle,in stock
p7813-v9595-s,CH,140 EUR,https://www.morjas.com/product/the-belt-matte-gold-buckle-black-embossed,in stock
p7807-v9589-s,CH,140 EUR,https://www.morjas.com/product/the-belt-matte-gold-buckle-brown-calf,in stock
p7806-v9588-s,CH,140 EUR,https://www.morjas.com/product/the-belt-matte-gold-buckle-burgundy-calf,in stock
p7808-v9590-s,CH,140 EUR,https://www.morjas.com/product/the-belt-silver-buckle-black-suede,in stock
p7809-v9591-s,CH,140 EUR,https://www.morjas.com/product/the-belt-silver-buckle-brown-suede,in stock
p7810-v9592-s,CH,140 EUR,https://www.morjas.com/product/the-belt-silver-buckle-medium-brown-suede,in stock
p7811-v9593-s,CH,140 EUR,https://www.morjas.com/product/the-belt-silver-buckle-sand-suede,in stock
p7812-v9594-s,CH,140 EUR,https://www.morjas.com/product/the-belt-silver-buckle-taupe-suede,in stock
p7814-v9596-s,CH,140 EUR,https://www.morjas.com/product/the-belt-silver-buckle-brown-grain,in stock
p7759-v9527-s,CH,90 EUR,https://www.morjas.com/product/the-card-holder-truffle-grey-embossed,in stock
p7760-v9528-s,CH,110 EUR,https://www.morjas.com/product/the-foldable-card-holder-truffle-grey-embossed,in stock
p7761-v9529-s,CH,75 EUR,https://www.morjas.com/product/the-luggage-tag-truffle-grey-embossed,in stock
p7762-v9530-s,CH,110 EUR,https://www.morjas.com/product/the-passport-holder-truffle-grey-embossed,in stock
p2449-v4061-s,CH,180 EUR,https://www.morjas.com/product/the-sleeve-black-grain,in stock
p1697-v3225-s,CH,230 EUR,https://www.morjas.com/product/the-toiletry-bag-black-grain,in stock
p1693-v3221-s,CH,120 EUR,https://www.morjas.com/product/the-wallet-black-grain,out of stock
p1694-v3222-s,CH,120 EUR,https://www.morjas.com/product/the-wallet-brown-grain,out of stock
p3121-v4802-s,CH,35 EUR,https://www.morjas.com/product/the-silk-sock-black-knee-high,in stock
p1471-v2988-s,CH,20 EUR,https://www.morjas.com/product/the-sock-black-ribbed-knee-high,in stock
p1472-v2989-s,CH,20 EUR,https://www.morjas.com/product/the-sock-navy-ribbed-knee-high,in stock
p1473-v2990-s,CH,20 EUR,https://www.morjas.com/product/the-sock-brown-ribbed-knee-high,in stock
p1474-v2991-s,CH,20 EUR,https://www.morjas.com/product/the-sock-dark-grey-ribbed-ribbed-knee-high,in stock
p1475-v2992-s,CH,20 EUR,https://www.morjas.com/product/the-sock-mid-grey-ribbed-knee-high,in stock
p1621-v3138-s,CH,20 EUR,https://www.morjas.com/product/the-sock-sand-ribbed-knee-high,in stock
p3694-v5449-s,CH,20 EUR,https://www.morjas.com/product/the-sock-knee-high-light-blue-ribbed,in stock
p76-v1593-s,CH,20 EUR,https://www.morjas.com/product/the-sock-navy-ribbed-mid-calf,in stock
p1700-v3228-s,CH,20 EUR,https://www.morjas.com/product/the-sock-dark-grey-ribbed-mid-calf,in stock
p1701-v3229-s,CH,20 EUR,https://www.morjas.com/product/the-sock-mid-grey-ribbed-mid-calf,in stock
p75-v1592-s,CH,20 EUR,https://www.morjas.com/product/the-sock-black-ribbed-mid-calf,in stock
p1702-v3230-s,CH,20 EUR,https://www.morjas.com/product/the-sock-brown-ribbed-mid-calf,out of stock
p1703-v3231-s,CH,20 EUR,https://www.morjas.com/product/the-sock-sand-ribbed-mid-calf,in stock
p3693-v5448-s,CH,20 EUR,https://www.morjas.com/product/the-sock-mid-calf-off-white-ribbed,in stock
p3115-v4796-s,CH,20 EUR,https://www.morjas.com/product/the-wool-sock-navy-ribbed-mid-calf,out of stock
p3116-v4797-s,CH,20 EUR,https://www.morjas.com/product/the-wool-sock-mid-brown-ribbed-mid-calf,out of stock
p3117-v4798-s,CH,20 EUR,https://www.morjas.com/product/the-wool-sock-ecru-ribbed-mid-calf,out of stock
p3668-v5423-s,CH,330 EUR,https://www.morjas.com/product/women-the-ballet-flat-black-nappa,in stock
p3667-v5422-s,CH,330 EUR,https://www.morjas.com/product/women-the-ballet-flat-brown-nappa,in stock
p7716-v9471-s,CH,330 EUR,https://www.morjas.com/product/women-the-ballet-flat-black-suede,in stock
p7796-v9578-s,CH,330 EUR,https://www.morjas.com/product/women-the-ballet-flat-ruby-nappa,in stock
p3665-v5420-s,CH,330 EUR,https://www.morjas.com/product/women-the-ballet-flat-greige-suede,in stock
p3666-v5421-s,CH,330 EUR,https://www.morjas.com/product/women-the-ballet-flat-ivory-nappa,in stock
p7822-v9606-s,CH,330 EUR,https://www.morjas.com/product/women-the-ballet-flat-leather-sole-black-nappa,in stock
p7823-v9607-s,CH,330 EUR,https://www.morjas.com/product/women-the-ballet-flat-leather-sole-black-suede,in stock
p7800-v9582-s,CH,370 EUR,https://www.morjas.com/product/women-the-soft-moc-brown-grain,in stock
p7799-v9581-s,CH,370 EUR,https://www.morjas.com/product/women-the-soft-moc-black-grain,in stock
p7801-v9583-s,CH,370 EUR,https://www.morjas.com/product/women-the-soft-moc-brown-suede,in stock
p3672-v5427-s,CH,350 EUR,https://www.morjas.com/product/women-the-penny-loafer-black-calf,in stock
p7718-v9473-s,CH,350 EUR,https://www.morjas.com/product/women-the-penny-loafer-brown-suede,in stock
p3673-v5428-s,CH,350 EUR,https://www.morjas.com/product/women-the-penny-loafer-burgundy-calf,in stock
p3674-v5429-s,CH,350 EUR,https://www.morjas.com/product/women-the-penny-loafer-ivory-calf,in stock
p7717-v9472-s,CH,350 EUR,https://www.morjas.com/product/women-the-penny-loafer-black-suede,in stock
p3702-v5457-s,CH,260 EUR,https://www.morjas.com/product/women-the-paloma-sandal-tan-nappa,in stock
p3703-v5458-s,CH,260 EUR,https://www.morjas.com/product/women-the-paloma-sandal-black-nappa,in stock
p3704-v5459-s,CH,260 EUR,https://www.morjas.com/product/women-the-paloma-sandal-brown-nappa,in stock
p7788-v9570-s,CH,260 EUR,https://www.morjas.com/product/women-the-paloma-sandal-taupe-grain,in stock
p7723-v9478-s,CH,440 EUR,https://www.morjas.com/product/women-the-ankle-boot-brown-nappa,in stock
p7722-v9477-s,CH,440 EUR,https://www.morjas.com/product/women-the-ankle-boot-black-nappa,in stock
p7724-v9479-s,CH,440 EUR,https://www.morjas.com/product/women-the-ankle-boot-black-suede,in stock
p7725-v9480-s,CH,440 EUR,https://www.morjas.com/product/women-the-ankle-boot-brown-suede,in stock
p3698-v5453-s,CH,140 EUR,https://www.morjas.com/product/women-the-espadrille-beige-suede,in stock
p3697-v5452-s,CH,140 EUR,https://www.morjas.com/product/women-the-espadrille-taupe-suede,in stock
p3699-v5454-s,CH,140 EUR,https://www.morjas.com/product/women-the-espadrille-black-suede,in stock
p7790-v9572-s,CH,320 EUR,https://www.morjas.com/product/women-the-boat-shoe-brown-suede,in stock
p7789-v9571-s,CH,320 EUR,https://www.morjas.com/product/women-the-boat-shoe-black-grain,in stock
p3701-v5456-s,CH,320 EUR,https://www.morjas.com/product/women-the-boat-shoe-sand-suede,in stock
p3700-v5455-s,CH,320 EUR,https://www.morjas.com/product/women-the-boat-shoe-white-grain,in stock
p7820-v9602-s,CH,320 EUR,https://www.morjas.com/product/women-the-flat-slingback-black-embossed,in stock
p7791-v9573-s,CH,420 EUR,https://www.morjas.com/product/women-the-slingback-ivory-nappa,in stock
p3671-v5426-s,CH,420 EUR,https://www.morjas.com/product/women-the-slingback-black-nappa,in stock
p3669-v5424-s,CH,420 EUR,https://www.morjas.com/product/women-the-slingback-taupe-suede,in stock
p7749-v9507-s,CH,420 EUR,https://www.morjas.com/product/women-the-city-boot-black-calf,in stock
p7750-v9508-s,CH,420 EUR,https://www.morjas.com/product/women-the-city-boot-brown-calf,in stock
p7793-v9575-s,CH,440 EUR,https://www.morjas.com/product/women-the-dorsay-pump-brown-nappa,in stock
p7792-v9574-s,CH,440 EUR,https://www.morjas.com/product/women-the-dorsay-pump-black-nappa,in stock
p7748-v9506-s,CH,660 EUR,https://www.morjas.com/product/women-the-riding-boot-black-calf,in stock
p7818-v9600-s,CH,330 EUR,https://www.morjas.com/product/women-the-sandalette-brown-nappa,in stock
p7819-v9601-s,CH,330 EUR,https://www.morjas.com/product/women-the-sandalette-black-nappa,in stock
p7817-v9599-s,CH,330 EUR,https://www.morjas.com/product/women-the-sandalette-ivory-nappa,in stock
p7816-v9598-s,CH,290 EUR,https://www.morjas.com/product/women-the-verona-sandal-black-nappa,in stock
p7815-v9597-s,CH,290 EUR,https://www.morjas.com/product/women-the-verona-sandal-brown-suede,in stock
p7721-v9476-s,CH,400 EUR,https://www.morjas.com/product/women-the-pump-black-nappa,in stock
p7719-v9474-s,CH,400 EUR,https://www.morjas.com/product/women-the-pump-brown-suede,in stock
p7720-v9475-s,CH,400 EUR,https://www.morjas.com/product/women-the-pump-caramel-nappa,in stock
p7794-v9576-s,CH,450 EUR,https://www.morjas.com/product/women-the-stiletto-boot-black-nappa,in stock
p7795-v9577-s,CH,450 EUR,https://www.morjas.com/product/women-the-stiletto-boot-truffle-suede,in stock
p7752-v9510-s,CH,20 EUR,https://www.morjas.com/product/women-the-sock-black,in stock
p7751-v9509-s,CH,20 EUR,https://www.morjas.com/product/women-the-sock-brown,in stock
p3954-v5709-s,CH,20 EUR,https://www.morjas.com/product/women-the-sock-off-white,in stock
p7740-v9495-s,CH,140 EUR,https://www.morjas.com/product/women-the-belt-black-nappa-20-mm,in stock
p7798-v9580-s,CH,140 EUR,https://www.morjas.com/product/women-the-belt-tan-grain-20-mm,in stock
p7797-v9579-s,CH,140 EUR,https://www.morjas.com/product/women-the-belt-ivory-nappa-20-mm,in stock
p7742-v9497-s,CH,160 EUR,https://www.morjas.com/product/women-the-belt-black-nappa-40-mm,in stock
p7741-v9496-s,CH,160 EUR,https://www.morjas.com/product/women-the-belt-brown-nappa-40-mm,in stock
p7743-v9498-s,CH,160 EUR,https://www.morjas.com/product/women-the-belt-black-suede-50-mm,in stock
p7744-v9499-s,CH,160 EUR,https://www.morjas.com/product/women-the-belt-brown-suede-50-mm,in stock
p7821-v9605-s,CH,330 EUR,https://www.morjas.com/product/women-the-ballet-flat-leather-sole-brown-nappa,in stock
p3670-v5425-s,CH,420 EUR,https://www.morjas.com/product/women-the-slingback-dove-blue-suede,in stock
p7753-v9511-s,CH,510 EUR,https://www.morjas.com/product/women-the-chalet-boot-brown-pony-hair,in stock
p3953-v9504-s,CH,470 EUR,https://www.morjas.com/product/women-the-chalet-boot-brown-calf,in stock
p3952-v9503-s,CH,470 EUR,https://www.morjas.com/product/women-the-chalet-boot-black-calf,out of stock
p7825-v9609-s,JP,380 USD,https://www.morjas.com/product/the-ivy-loafer-rubber-sole-black-suede,in stock
p764-v2281-s,JP,400 USD,https://www.morjas.com/product/the-penny-loafer-brown-suede-unlined,in stock
p1627-v3144-s,JP,400 USD,https://www.morjas.com/product/the-penny-loafer-medium-brown-suede-unlined,in stock
p3118-v4799-s,JP,400 USD,https://www.morjas.com/product/the-penny-loafer-sand-suede-unlined,in stock
p5-v1519-s,JP,360 USD,https://www.morjas.com/product/the-penny-loafer-black-calf,in stock
p38-v1522-s,JP,360 USD,https://www.morjas.com/product/the-penny-loafer-brown-suede,in stock
p7-v1521-s,JP,360 USD,https://www.morjas.com/product/the-penny-loafer-brown-calf,in stock
p2446-v4058-s,JP,360 USD,https://www.morjas.com/product/the-penny-loafer-leather-sole-black-grain,in stock
p6-v1520-s,JP,360 USD,https://www.morjas.com/product/the-penny-loafer-burgundy-calf,in stock
p39-v1523-s,JP,360 USD,https://www.morjas.com/product/the-penny-loafer-medium-brown-suede,in stock
p2447-v4059-s,JP,360 USD,https://www.morjas.com/product/the-penny-loafer-leather-sole-brown-grain,in stock
p3120-v4801-s,JP,360 USD,https://www.morjas.com/product/the-penny-loafer-black-suede-leather-sole,in stock
p1637-v3154-s,JP,360 USD,https://www.morjas.com/product/the-penny-loafer-black-grain-black-suede,in stock
p3152-v4834-s,JP,360 USD,https://www.morjas.com/product/the-penny-loafer-black-grain-navy-suede,in stock
p786-v2303-s,JP,360 USD,https://www.morjas.com/product/the-penny-loafer-rubber-sole-black-calf,in stock
p785-v2302-s,JP,360 USD,https://www.morjas.com/product/the-penny-loafer-rubber-sole-brown-suede,in stock
p2-v1524-s,JP,360 USD,https://www.morjas.com/product/the-penny-loafer-black-grain,in stock
p1629-v3146-s,JP,360 USD,https://www.morjas.com/product/the-penny-loafer-rubber-sole-brown-calf,in stock
p1630-v3147-s,JP,360 USD,https://www.morjas.com/product/the-penny-loafer-rubber-sole-medium-brown-suede,in stock
p4-v1526-s,JP,360 USD,https://www.morjas.com/product/the-penny-loafer-brown-grain,in stock
p1628-v3145-s,JP,360 USD,https://www.morjas.com/product/the-penny-loafer-rubber-sole-burgundy-calf,in stock
p3122-v4803-s,JP,380 USD,https://www.morjas.com/product/the-ivy-loafer-black-calf,in stock
p3124-v4805-s,JP,380 USD,https://www.morjas.com/product/the-ivy-loafer-brown-suede,in stock
p7336-v9091-s,JP,380 USD,https://www.morjas.com/product/the-ivy-loafer-black-grain,in stock
p3123-v4804-s,JP,380 USD,https://www.morjas.com/product/the-ivy-loafer-burgundy-calf,in stock
p7803-v9585-s,JP,380 USD,https://www.morjas.com/product/the-ivy-loafer-brown-grain,in stock
p7335-v9090-s,JP,380 USD,https://www.morjas.com/product/the-ivy-loafer-black-suede,in stock
p3420-v5102-s,JP,380 USD,https://www.morjas.com/product/the-ivy-loafer-black-calf-rubber-sole,in stock
p3422-v5104-s,JP,380 USD,https://www.morjas.com/product/the-ivy-loafer-brown-suede-rubber-sole,in stock
p7805-v9587-s,JP,380 USD,https://www.morjas.com/product/the-ivy-loafer-rubber-sole-black-grain,in stock
p3421-v5103-s,JP,380 USD,https://www.morjas.com/product/the-ivy-loafer-burgundy-calf-rubber-sole,in stock
p7777-v9559-s,JP,380 USD,https://www.morjas.com/product/the-ivy-loafer-rubber-sole-brown-grain,in stock
p35-v1527-s,JP,360 USD,https://www.morjas.com/product/the-tassel-loafer-black-calf,in stock
p9-v1530-s,JP,360 USD,https://www.morjas.com/product/the-tassel-loafer-brown-suede,in stock
p37-v1529-s,JP,360 USD,https://www.morjas.com/product/the-tassel-loafer-brown-calf,in stock
p10-v1531-s,JP,360 USD,https://www.morjas.com/product/the-tassel-loafer-medium-brown-suede,in stock
p36-v1528-s,JP,360 USD,https://www.morjas.com/product/the-tassel-loafer-burgundy-calf,in stock
p788-v2305-s,JP,360 USD,https://www.morjas.com/product/the-tassel-loafer-rubber-sole-black-calf,in stock
p787-v2304-s,JP,360 USD,https://www.morjas.com/product/the-tassel-loafer-rubber-sole-brown-suede,in stock
p1624-v3141-s,JP,360 USD,https://www.morjas.com/product/the-tassel-loafer-rubber-sole-brown-calf,in stock
p1625-v3142-s,JP,360 USD,https://www.morjas.com/product/the-tassel-loafer-rubber-sole-medium-brown-suede,in stock
p1623-v3140-s,JP,360 USD,https://www.morjas.com/product/the-tassel-loafer-rubber-sole-burgundy-calf,in stock
p3691-v5446-s,JP,370 USD,https://www.morjas.com/product/the-belgian-unlined-beige-suede,in stock
p3690-v5445-s,JP,370 USD,https://www.morjas.com/product/the-belgian-unlined-taupe-nubuck,in stock
p125-v1642-s,JP,350 USD,https://www.morjas.com/product/the-belgian-black-suede,in stock
p1643-v3160-s,JP,350 USD,https://www.morjas.com/product/the-belgian-black-deerskin,in stock
p1644-v3161-s,JP,350 USD,https://www.morjas.com/product/the-belgian-brown-deerskin,in stock
p7766-v9534-s,JP,350 USD,https://www.morjas.com/product/the-belgian-black-patent,in stock
p3428-v5110-s,JP,350 USD,https://www.morjas.com/product/the-belgian-black-deerskin-rubber-sole,in stock
p3427-v5109-s,JP,350 USD,https://www.morjas.com/product/the-belgian-brown-deerskin-rubber-sole,in stock
p3555-v5310-s,JP,350 USD,https://www.morjas.com/product/the-belgian-black-suede-rubber-sole,in stock
p1638-v3155-s,JP,370 USD,https://www.morjas.com/product/the-horsebit-loafer-black-calf,in stock
p1639-v3156-s,JP,370 USD,https://www.morjas.com/product/the-horsebit-loafer-brown-suede,in stock
p7769-v9537-s,JP,370 USD,https://www.morjas.com/product/the-horsebit-loafer-black-grain,in stock
p7770-v9538-s,JP,370 USD,https://www.morjas.com/product/the-horsebit-loafer-brown-grain,in stock
p7773-v9541-s,JP,340 USD,https://www.morjas.com/product/the-venetian-black-grain,in stock
p7774-v9542-s,JP,340 USD,https://www.morjas.com/product/the-venetian-brown-grain,in stock
p7775-v9543-s,JP,340 USD,https://www.morjas.com/product/the-venetian-brown-suede,in stock
p7776-v9544-s,JP,340 USD,https://www.morjas.com/product/the-venetian-sand-suede,in stock
p7333-v9088-s,JP,380 USD,https://www.morjas.com/product/the-full-strap-loafer-black-calf,in stock
p123-v1640-s,JP,350 USD,https://www.morjas.com/product/the-opera-pump-black-patent,in stock
p3130-v4811-s,JP,160 USD,https://www.morjas.com/product/the-espadrille-beige-suede,out of stock
p2453-v4065-s,JP,160 USD,https://www.morjas.com/product/the-espadrille-all-black-suede,out of stock
p1648-v3165-s,JP,160 USD,https://www.morjas.com/product/the-espadrille-taupe-suede,in stock
p783-v2300-s,JP,160 USD,https://www.morjas.com/product/the-espadrille-navy-suede-1,in stock
p782-v2299-s,JP,160 USD,https://www.morjas.com/product/the-espadrille-light-grey-suede,in stock
p1649-v3166-s,JP,150 USD,https://www.morjas.com/product/the-espadrille-ivory-canvas,in stock
p7768-v9536-s,JP,160 USD,https://www.morjas.com/product/the-espadrille-all-brown-suede,out of stock
p779-v2296-s,JP,160 USD,https://www.morjas.com/product/the-espadrille-brown-suede,in stock
p3689-v5444-s,JP,300 USD,https://www.morjas.com/product/the-boat-shoe-brown-grain,in stock
p3142-v4823-s,JP,300 USD,https://www.morjas.com/product/the-boat-shoe-brown-suede,in stock
p3162-v4844-s,JP,300 USD,https://www.morjas.com/product/the-boat-shoe-black-grain,in stock
p7782-v9564-s,JP,300 USD,https://www.morjas.com/product/the-boat-shoe-sand-suede,in stock
p7783-v9565-s,JP,300 USD,https://www.morjas.com/product/the-boat-shoe-brown-suede-and-brown-calf,in stock
p3141-v4822-s,JP,300 USD,https://www.morjas.com/product/the-boat-shoe-black-suede-black,in stock
p7779-v9561-s,JP,180 USD,https://www.morjas.com/product/the-deck-shoe-cream-canvas,in stock
p3685-v5440-s,JP,180 USD,https://www.morjas.com/product/the-deck-shoe-navy-canvas,in stock
p7778-v9560-s,JP,180 USD,https://www.morjas.com/product/the-deck-shoe-lavender-canvas,in stock
p7772-v9540-s,JP,200 USD,https://www.morjas.com/product/the-plimsoll-cream-canvas,in stock
p3681-v5436-s,JP,200 USD,https://www.morjas.com/product/the-plimsoll-taupe-nubuck,in stock
p7771-v9539-s,JP,180 USD,https://www.morjas.com/product/the-plimsoll-olive-drab-canvas,in stock
p3682-v5437-s,JP,200 USD,https://www.morjas.com/product/the-plimsoll-black-suede,in stock
p772-v2289-s,JP,250 USD,https://www.morjas.com/product/the-sneaker-02-white-leather,in stock
p3678-v5433-s,JP,260 USD,https://www.morjas.com/product/the-court-sneaker-off-white,in stock
p1659-v3176-s,JP,250 USD,https://www.morjas.com/product/the-sneaker-02-all-dark-brown-suede,in stock
p2456-v4068-s,JP,250 USD,https://www.morjas.com/product/the-sneaker-02-nougat-suede,in stock
p766-v2283-s,JP,250 USD,https://www.morjas.com/product/the-sneaker-02-navy-suede,in stock
p3692-v5447-s,JP,250 USD,https://www.morjas.com/product/the-sneaker-02-beige-suede,in stock
p7767-v9535-s,JP,260 USD,https://www.morjas.com/product/the-court-sneaker-nougat-suede,in stock
p1660-v3177-s,JP,250 USD,https://www.morjas.com/product/the-sneaker-02-all-black-suede,in stock
p3679-v5434-s,JP,260 USD,https://www.morjas.com/product/the-court-sneaker-brown,in stock
p3680-v5435-s,JP,260 USD,https://www.morjas.com/product/the-court-sneaker-black,in stock
p3675-v5430-s,JP,310 USD,https://www.morjas.com/product/the-trainer-white,in stock
p3677-v5432-s,JP,310 USD,https://www.morjas.com/product/the-trainer-navy-black,in stock
p3676-v5431-s,JP,310 USD,https://www.morjas.com/product/the-trainer-taupe,in stock
p7802-v9584-s,JP,220 USD,https://www.morjas.com/product/the-costa-sandal-black-grain,in stock
p7756-v9514-s,JP,380 USD,https://www.morjas.com/product/the-camp-moc-mull-nubuck,in stock
p7755-v9513-s,JP,410 USD,https://www.morjas.com/product/the-camp-moc-black-deerskin,out of stock
p11-v1533-s,JP,360 USD,https://www.morjas.com/product/the-oxford-black-calf,in stock
p16-v1538-s,JP,360 USD,https://www.morjas.com/product/the-oxford-black-patent,in stock
p13-v1535-s,JP,360 USD,https://www.morjas.com/product/the-oxford-brown-calf,in stock
p12-v1534-s,JP,360 USD,https://www.morjas.com/product/the-oxford-burgundy-calf,in stock
p14-v1536-s,JP,360 USD,https://www.morjas.com/product/the-oxford-brown-suede,in stock
p789-v2306-s,JP,360 USD,https://www.morjas.com/product/the-oxford-rubber-sole-black-calf,in stock
p1632-v3149-s,JP,360 USD,https://www.morjas.com/product/the-oxford-rubber-sole-brown-calf,in stock
p1631-v3148-s,JP,360 USD,https://www.morjas.com/product/the-oxford-rubber-sole-burgundy-calf,in stock
p1633-v3150-s,JP,360 USD,https://www.morjas.com/product/the-oxford-rubber-sole-brown-suede,in stock
p803-v2320-s,JP,360 USD,https://www.morjas.com/product/the-adelaide-black-calf,in stock
p2443-v4055-s,JP,360 USD,https://www.morjas.com/product/the-adelaide-brown-calf,in stock
p1635-v3152-s,JP,360 USD,https://www.morjas.com/product/the-adelaide-brown-suede,in stock
p3424-v5106-s,JP,380 USD,https://www.morjas.com/product/the-split-toe-derby-brown-grain,in stock
p3425-v5107-s,JP,380 USD,https://www.morjas.com/product/the-split-toe-derby-black-calf,in stock
p3660-v5415-s,JP,380 USD,https://www.morjas.com/product/the-split-toe-derby-black-grain,in stock
p3423-v5105-s,JP,380 USD,https://www.morjas.com/product/the-split-toe-derby-brown-suede,in stock
p7786-v9568-s,JP,380 USD,https://www.morjas.com/product/the-split-toe-derby-polo-suede,in stock
p31-v1541-s,JP,380 USD,https://www.morjas.com/product/the-derby-brown-calf,in stock
p29-v1539-s,JP,380 USD,https://www.morjas.com/product/the-derby-black-calf,in stock
p32-v1542-s,JP,380 USD,https://www.morjas.com/product/the-derby-brown-suede,in stock
p33-v1543-s,JP,380 USD,https://www.morjas.com/product/the-derby-medium-brown-suede,in stock
p28-v1546-s,JP,380 USD,https://www.morjas.com/product/the-derby-brown-grain,in stock
p30-v1540-s,JP,380 USD,https://www.morjas.com/product/the-derby-burgundy-calf,in stock
p26-v1544-s,JP,380 USD,https://www.morjas.com/product/the-derby-black-grain,in stock
p20-v1548-s,JP,380 USD,https://www.morjas.com/product/the-plain-toe-blucher-black-calf,in stock
p7784-v9566-s,JP,380 USD,https://www.morjas.com/product/the-plain-toe-blucher-beige-suede,in stock
p44-v1572-s,JP,360 USD,https://www.morjas.com/product/the-double-monkstrap-black-calf,in stock
p45-v1574-s,JP,360 USD,https://www.morjas.com/product/the-double-monkstrap-brown-calf,in stock
p49-v1567-s,JP,380 USD,https://www.morjas.com/product/the-single-monkstrap-black-calf,in stock
p46-v1573-s,JP,360 USD,https://www.morjas.com/product/the-double-monkstrap-burgundy-calf,in stock
p7787-v9569-s,JP,380 USD,https://www.morjas.com/product/the-single-monkstrap-brown-suede,in stock
p47-v1575-s,JP,360 USD,https://www.morjas.com/product/the-double-monkstrap-brown-suede,in stock
p54-v1562-s,JP,410 USD,https://www.morjas.com/product/the-chelsea-black-calf,in stock
p57-v1565-s,JP,410 USD,https://www.morjas.com/product/the-chelsea-brown-suede,in stock
p3426-v5108-s,JP,410 USD,https://www.morjas.com/product/the-chelsea-black-suede,in stock
p56-v1564-s,JP,410 USD,https://www.morjas.com/product/the-chelsea-brown-calf,in stock
p7757-v9515-s,JP,410 USD,https://www.morjas.com/product/the-unlined-chukka-brown-suede,in stock
p63-v1561-s,JP,380 USD,https://www.morjas.com/product/the-chukka-medium-brown-suede,in stock
p62-v1560-s,JP,380 USD,https://www.morjas.com/product/the-chukka-brown-suede,in stock
p7733-v9488-s,JP,410 USD,https://www.morjas.com/product/the-moc-toe-chukka-black-grain,in stock
p7732-v9487-s,JP,410 USD,https://www.morjas.com/product/the-moc-toe-chukka-brown-suede-brown-grain,in stock
p77-v1594-s,JP,390 USD,https://www.morjas.com/product/the-jumper-boot-black-grain,in stock
p78-v1595-s,JP,390 USD,https://www.morjas.com/product/the-jumper-boot-brown-suede,in stock
p1684-v3212-s,JP,390 USD,https://www.morjas.com/product/the-jumper-boot-brown-grain,in stock
p7726-v9481-s,JP,390 USD,https://www.morjas.com/product/the-jumper-boot-black-calf,out of stock
p7745-v9500-s,JP,390 USD,https://www.morjas.com/product/the-hybrid-hiker-black-leather,in stock
p3431-v5113-s,JP,380 USD,https://www.morjas.com/product/the-hybrid-hiker-brown-nubuck,in stock
p3432-v5114-s,JP,380 USD,https://www.morjas.com/product/the-hybrid-hiker-black-grain,in stock
p7731-v9486-s,JP,380 USD,https://www.morjas.com/product/the-hybrid-hiker-taupe-suede,in stock
p3430-v5112-s,JP,380 USD,https://www.morjas.com/product/the-hybrid-hiker-sand-suede,in stock
p7730-v9485-s,JP,390 USD,https://www.morjas.com/product/the-hybrid-hiker-black-pony-hair,in stock
p1686-v3214-s,JP,440 USD,https://www.morjas.com/product/the-hiking-boot-brown-grain,in stock
p813-v2330-s,JP,440 USD,https://www.morjas.com/product/the-hiking-boot-black-grain,in stock
p3433-v5115-s,JP,440 USD,https://www.morjas.com/product/the-hiking-boot-mudguard-edition,in stock
p7729-v9484-s,JP,440 USD,https://www.morjas.com/product/the-hiking-boot-black-suede-mudguard,in stock
p1689-v3217-s,JP,480 USD,https://www.morjas.com/product/the-alpine-boot-black-suede,in stock
p1690-v3218-s,JP,480 USD,https://www.morjas.com/product/the-alpine-boot-brown-suede,in stock
p7728-v9483-s,JP,480 USD,https://www.morjas.com/product/the-alpine-boot-black-grain,in stock
p7727-v9482-s,JP,480 USD,https://www.morjas.com/product/the-alpine-boot-brown-grain,in stock
p7746-v9501-s,JP,480 USD,https://www.morjas.com/product/the-country-boot-brown-nubuck-and-brown-grain,in stock
p1687-v3215-s,JP,390 USD,https://www.morjas.com/product/the-monkey-boot-black-grain,in stock
p7337-v9092-s,JP,130 USD,https://www.morjas.com/product/the-belt-black-suede,in stock
p7338-v9093-s,JP,150 USD,https://www.morjas.com/product/the-belt-brown-pony-hair,in stock
p7339-v9094-s,JP,150 USD,https://www.morjas.com/product/the-belt-black-pony-hair,in stock
p2460-v4072-s,JP,130 USD,https://www.morjas.com/product/the-belt-sand-suede,in stock
p2461-v4073-s,JP,130 USD,https://www.morjas.com/product/the-belt-taupe-suede,in stock
p7763-v9531-s,JP,130 USD,https://www.morjas.com/product/the-belt-black-suede-wide-braided,in stock
p7764-v9532-s,JP,130 USD,https://www.morjas.com/product/the-belt-brown-suede-wide-braided,in stock
p664-v2181-s,JP,130 USD,https://www.morjas.com/product/the-belt-black-grain,in stock
p665-v2182-s,JP,130 USD,https://www.morjas.com/product/the-belt-brown-grain,in stock
p760-v2277-s,JP,130 USD,https://www.morjas.com/product/the-belt-brown-suede-1,in stock
p761-v2278-s,JP,130 USD,https://www.morjas.com/product/the-belt-medium-brown-suede-1,in stock
p762-v2279-s,JP,130 USD,https://www.morjas.com/product/the-belt-black-braided,in stock
p763-v2280-s,JP,130 USD,https://www.morjas.com/product/the-belt-brown-braided,in stock
p3126-v4807-s,JP,130 USD,https://www.morjas.com/product/the-belt-black-wide-braided,in stock
p3127-v4808-s,JP,130 USD,https://www.morjas.com/product/the-belt-brown-wide-braided,in stock
p3418-v5100-s,JP,130 USD,https://www.morjas.com/product/the-belt-black-calf-matte-gold-buckle,in stock
p666-v2183-s,JP,130 USD,https://www.morjas.com/product/the-belt-black-embossed,in stock
p757-v2274-s,JP,130 USD,https://www.morjas.com/product/the-belt-black-calf-1,in stock
p758-v2275-s,JP,130 USD,https://www.morjas.com/product/the-belt-burgundy-calf-1,in stock
p759-v2276-s,JP,130 USD,https://www.morjas.com/product/the-belt-brown-calf-1,in stock
p3419-v5101-s,JP,130 USD,https://www.morjas.com/product/the-belt-black-grain-silver-buckle,in stock
p7765-v9533-s,JP,130 USD,https://www.morjas.com/product/the-belt-mull-nubuck-silver-buckle,in stock
p7813-v9595-s,JP,130 USD,https://www.morjas.com/product/the-belt-matte-gold-buckle-black-embossed,in stock
p7807-v9589-s,JP,130 USD,https://www.morjas.com/product/the-belt-matte-gold-buckle-brown-calf,in stock
p7806-v9588-s,JP,130 USD,https://www.morjas.com/product/the-belt-matte-gold-buckle-burgundy-calf,in stock
p7808-v9590-s,JP,130 USD,https://www.morjas.com/product/the-belt-silver-buckle-black-suede,in stock
p7809-v9591-s,JP,130 USD,https://www.morjas.com/product/the-belt-silver-buckle-brown-suede,in stock
p7810-v9592-s,JP,130 USD,https://www.morjas.com/product/the-belt-silver-buckle-medium-brown-suede,in stock
p7811-v9593-s,JP,130 USD,https://www.morjas.com/product/the-belt-silver-buckle-sand-suede,in stock
p7812-v9594-s,JP,130 USD,https://www.morjas.com/product/the-belt-silver-buckle-taupe-suede,in stock
p7814-v9596-s,JP,130 USD,https://www.morjas.com/product/the-belt-silver-buckle-brown-grain,in stock
p7759-v9527-s,JP,130 USD,https://www.morjas.com/product/the-card-holder-truffle-grey-embossed,in stock
p7760-v9528-s,JP,120 USD,https://www.morjas.com/product/the-foldable-card-holder-truffle-grey-embossed,in stock
p7761-v9529-s,JP,100 USD,https://www.morjas.com/product/the-luggage-tag-truffle-grey-embossed,in stock
p7762-v9530-s,JP,120 USD,https://www.morjas.com/product/the-passport-holder-truffle-grey-embossed,in stock
p2449-v4061-s,JP,200 USD,https://www.morjas.com/product/the-sleeve-black-grain,in stock
p1697-v3225-s,JP,250 USD,https://www.morjas.com/product/the-toiletry-bag-black-grain,in stock
p1693-v3221-s,JP,120 USD,https://www.morjas.com/product/the-wallet-black-grain,out of stock
p1694-v3222-s,JP,120 USD,https://www.morjas.com/product/the-wallet-brown-grain,out of stock
p3121-v4802-s,JP,40 USD,https://www.morjas.com/product/the-silk-sock-black-knee-high,in stock
p1471-v2988-s,JP,20 USD,https://www.morjas.com/product/the-sock-black-ribbed-knee-high,in stock
p1472-v2989-s,JP,20 USD,https://www.morjas.com/product/the-sock-navy-ribbed-knee-high,in stock
p1473-v2990-s,JP,20 USD,https://www.morjas.com/product/the-sock-brown-ribbed-knee-high,in stock
p1474-v2991-s,JP,20 USD,https://www.morjas.com/product/the-sock-dark-grey-ribbed-ribbed-knee-high,in stock
p1475-v2992-s,JP,20 USD,https://www.morjas.com/product/the-sock-mid-grey-ribbed-knee-high,in stock
p1621-v3138-s,JP,20 USD,https://www.morjas.com/product/the-sock-sand-ribbed-knee-high,in stock
p3694-v5449-s,JP,20 USD,https://www.morjas.com/product/the-sock-knee-high-light-blue-ribbed,in stock
p76-v1593-s,JP,20 USD,https://www.morjas.com/product/the-sock-navy-ribbed-mid-calf,in stock
p1700-v3228-s,JP,20 USD,https://www.morjas.com/product/the-sock-dark-grey-ribbed-mid-calf,in stock
p1701-v3229-s,JP,20 USD,https://www.morjas.com/product/the-sock-mid-grey-ribbed-mid-calf,in stock
p75-v1592-s,JP,20 USD,https://www.morjas.com/product/the-sock-black-ribbed-mid-calf,in stock
p1702-v3230-s,JP,20 USD,https://www.morjas.com/product/the-sock-brown-ribbed-mid-calf,out of stock
p1703-v3231-s,JP,20 USD,https://www.morjas.com/product/the-sock-sand-ribbed-mid-calf,in stock
p3693-v5448-s,JP,20 USD,https://www.morjas.com/product/the-sock-mid-calf-off-white-ribbed,in stock
p3115-v4796-s,JP,20 USD,https://www.morjas.com/product/the-wool-sock-navy-ribbed-mid-calf,out of stock
p3116-v4797-s,JP,20 USD,https://www.morjas.com/product/the-wool-sock-mid-brown-ribbed-mid-calf,out of stock
p3117-v4798-s,JP,20 USD,https://www.morjas.com/product/the-wool-sock-ecru-ribbed-mid-calf,out of stock
p3668-v5423-s,JP,330 USD,https://www.morjas.com/product/women-the-ballet-flat-black-nappa,in stock
p3667-v5422-s,JP,330 USD,https://www.morjas.com/product/women-the-ballet-flat-brown-nappa,in stock
p7716-v9471-s,JP,330 USD,https://www.morjas.com/product/women-the-ballet-flat-black-suede,in stock
p7796-v9578-s,JP,330 USD,https://www.morjas.com/product/women-the-ballet-flat-ruby-nappa,in stock
p3665-v5420-s,JP,330 USD,https://www.morjas.com/product/women-the-ballet-flat-greige-suede,in stock
p3666-v5421-s,JP,330 USD,https://www.morjas.com/product/women-the-ballet-flat-ivory-nappa,in stock
p7822-v9606-s,JP,330 USD,https://www.morjas.com/product/women-the-ballet-flat-leather-sole-black-nappa,in stock
p7823-v9607-s,JP,330 USD,https://www.morjas.com/product/women-the-ballet-flat-leather-sole-black-suede,in stock
p7800-v9582-s,JP,410 USD,https://www.morjas.com/product/women-the-soft-moc-brown-grain,in stock
p7799-v9581-s,JP,410 USD,https://www.morjas.com/product/women-the-soft-moc-black-grain,in stock
p7801-v9583-s,JP,410 USD,https://www.morjas.com/product/women-the-soft-moc-brown-suede,in stock
p3672-v5427-s,JP,400 USD,https://www.morjas.com/product/women-the-penny-loafer-black-calf,in stock
p7718-v9473-s,JP,400 USD,https://www.morjas.com/product/women-the-penny-loafer-brown-suede,in stock
p3673-v5428-s,JP,400 USD,https://www.morjas.com/product/women-the-penny-loafer-burgundy-calf,in stock
p3674-v5429-s,JP,400 USD,https://www.morjas.com/product/women-the-penny-loafer-ivory-calf,in stock
p7717-v9472-s,JP,400 USD,https://www.morjas.com/product/women-the-penny-loafer-black-suede,in stock
p3702-v5457-s,JP,280 USD,https://www.morjas.com/product/women-the-paloma-sandal-tan-nappa,in stock
p3703-v5458-s,JP,280 USD,https://www.morjas.com/product/women-the-paloma-sandal-black-nappa,in stock
p3704-v5459-s,JP,280 USD,https://www.morjas.com/product/women-the-paloma-sandal-brown-nappa,in stock
p7788-v9570-s,JP,280 USD,https://www.morjas.com/product/women-the-paloma-sandal-taupe-grain,in stock
p7723-v9478-s,JP,480 USD,https://www.morjas.com/product/women-the-ankle-boot-brown-nappa,in stock
p7722-v9477-s,JP,480 USD,https://www.morjas.com/product/women-the-ankle-boot-black-nappa,in stock
p7724-v9479-s,JP,480 USD,https://www.morjas.com/product/women-the-ankle-boot-black-suede,in stock
p7725-v9480-s,JP,480 USD,https://www.morjas.com/product/women-the-ankle-boot-brown-suede,in stock
p3698-v5453-s,JP,160 USD,https://www.morjas.com/product/women-the-espadrille-beige-suede,in stock
p3697-v5452-s,JP,160 USD,https://www.morjas.com/product/women-the-espadrille-taupe-suede,in stock
p3699-v5454-s,JP,160 USD,https://www.morjas.com/product/women-the-espadrille-black-suede,in stock
p7790-v9572-s,JP,330 USD,https://www.morjas.com/product/women-the-boat-shoe-brown-suede,in stock
p7789-v9571-s,JP,330 USD,https://www.morjas.com/product/women-the-boat-shoe-black-grain,in stock
p3701-v5456-s,JP,330 USD,https://www.morjas.com/product/women-the-boat-shoe-sand-suede,in stock
p3700-v5455-s,JP,330 USD,https://www.morjas.com/product/women-the-boat-shoe-white-grain,in stock
p7820-v9602-s,JP,350 USD,https://www.morjas.com/product/women-the-flat-slingback-black-embossed,in stock
p7791-v9573-s,JP,440 USD,https://www.morjas.com/product/women-the-slingback-ivory-nappa,in stock
p3671-v5426-s,JP,440 USD,https://www.morjas.com/product/women-the-slingback-black-nappa,in stock
p3669-v5424-s,JP,440 USD,https://www.morjas.com/product/women-the-slingback-taupe-suede,in stock
p7749-v9507-s,JP,460 USD,https://www.morjas.com/product/women-the-city-boot-black-calf,in stock
p7750-v9508-s,JP,460 USD,https://www.morjas.com/product/women-the-city-boot-brown-calf,in stock
p7793-v9575-s,JP,460 USD,https://www.morjas.com/product/women-the-dorsay-pump-brown-nappa,in stock
p7792-v9574-s,JP,460 USD,https://www.morjas.com/product/women-the-dorsay-pump-black-nappa,in stock
p7748-v9506-s,JP,730 USD,https://www.morjas.com/product/women-the-riding-boot-black-calf,in stock
p7818-v9600-s,JP,370 USD,https://www.morjas.com/product/women-the-sandalette-brown-nappa,in stock
p7819-v9601-s,JP,370 USD,https://www.morjas.com/product/women-the-sandalette-black-nappa,in stock
p7817-v9599-s,JP,370 USD,https://www.morjas.com/product/women-the-sandalette-ivory-nappa,in stock
p7816-v9598-s,JP,300 USD,https://www.morjas.com/product/women-the-verona-sandal-black-nappa,in stock
p7815-v9597-s,JP,300 USD,https://www.morjas.com/product/women-the-verona-sandal-brown-suede,in stock
p7721-v9476-s,JP,410 USD,https://www.morjas.com/product/women-the-pump-black-nappa,in stock
p7719-v9474-s,JP,410 USD,https://www.morjas.com/product/women-the-pump-brown-suede,in stock
p7720-v9475-s,JP,410 USD,https://www.morjas.com/product/women-the-pump-caramel-nappa,in stock
p7794-v9576-s,JP,490 USD,https://www.morjas.com/product/women-the-stiletto-boot-black-nappa,in stock
p7795-v9577-s,JP,490 USD,https://www.morjas.com/product/women-the-stiletto-boot-truffle-suede,in stock
p7752-v9510-s,JP,20 USD,https://www.morjas.com/product/women-the-sock-black,in stock
p7751-v9509-s,JP,20 USD,https://www.morjas.com/product/women-the-sock-brown,in stock
p3954-v5709-s,JP,20 USD,https://www.morjas.com/product/women-the-sock-off-white,in stock
p7740-v9495-s,JP,130 USD,https://www.morjas.com/product/women-the-belt-black-nappa-20-mm,in stock
p7798-v9580-s,JP,130 USD,https://www.morjas.com/product/women-the-belt-tan-grain-20-mm,in stock
p7797-v9579-s,JP,130 USD,https://www.morjas.com/product/women-the-belt-ivory-nappa-20-mm,in stock
p7742-v9497-s,JP,150 USD,https://www.morjas.com/product/women-the-belt-black-nappa-40-mm,in stock
p7741-v9496-s,JP,150 USD,https://www.morjas.com/product/women-the-belt-brown-nappa-40-mm,in stock
p7743-v9498-s,JP,150 USD,https://www.morjas.com/product/women-the-belt-black-suede-50-mm,in stock
p7744-v9499-s,JP,150 USD,https://www.morjas.com/product/women-the-belt-brown-suede-50-mm,in stock
p7821-v9605-s,JP,330 USD,https://www.morjas.com/product/women-the-ballet-flat-leather-sole-brown-nappa,in stock
p3670-v5425-s,JP,440 USD,https://www.morjas.com/product/women-the-slingback-dove-blue-suede,in stock
p7753-v9511-s,JP,580 USD,https://www.morjas.com/product/women-the-chalet-boot-brown-pony-hair,in stock
p3953-v9504-s,JP,530 USD,https://www.morjas.com/product/women-the-chalet-boot-brown-calf,in stock
p3952-v9503-s,JP,530 USD,https://www.morjas.com/product/women-the-chalet-boot-black-calf,out of stock
p7825-v9609-s,AU,380 USD,https://www.morjas.com/product/the-ivy-loafer-rubber-sole-black-suede,in stock
p764-v2281-s,AU,400 USD,https://www.morjas.com/product/the-penny-loafer-brown-suede-unlined,in stock
p1627-v3144-s,AU,400 USD,https://www.morjas.com/product/the-penny-loafer-medium-brown-suede-unlined,in stock
p3118-v4799-s,AU,400 USD,https://www.morjas.com/product/the-penny-loafer-sand-suede-unlined,in stock
p5-v1519-s,AU,360 USD,https://www.morjas.com/product/the-penny-loafer-black-calf,in stock
p38-v1522-s,AU,360 USD,https://www.morjas.com/product/the-penny-loafer-brown-suede,in stock
p7-v1521-s,AU,360 USD,https://www.morjas.com/product/the-penny-loafer-brown-calf,in stock
p2446-v4058-s,AU,360 USD,https://www.morjas.com/product/the-penny-loafer-leather-sole-black-grain,in stock
p6-v1520-s,AU,360 USD,https://www.morjas.com/product/the-penny-loafer-burgundy-calf,in stock
p39-v1523-s,AU,360 USD,https://www.morjas.com/product/the-penny-loafer-medium-brown-suede,in stock
p2447-v4059-s,AU,360 USD,https://www.morjas.com/product/the-penny-loafer-leather-sole-brown-grain,in stock
p3120-v4801-s,AU,360 USD,https://www.morjas.com/product/the-penny-loafer-black-suede-leather-sole,in stock
p1637-v3154-s,AU,360 USD,https://www.morjas.com/product/the-penny-loafer-black-grain-black-suede,in stock
p3152-v4834-s,AU,360 USD,https://www.morjas.com/product/the-penny-loafer-black-grain-navy-suede,in stock
p786-v2303-s,AU,360 USD,https://www.morjas.com/product/the-penny-loafer-rubber-sole-black-calf,in stock
p785-v2302-s,AU,360 USD,https://www.morjas.com/product/the-penny-loafer-rubber-sole-brown-suede,in stock
p2-v1524-s,AU,360 USD,https://www.morjas.com/product/the-penny-loafer-black-grain,in stock
p1629-v3146-s,AU,360 USD,https://www.morjas.com/product/the-penny-loafer-rubber-sole-brown-calf,in stock
p1630-v3147-s,AU,360 USD,https://www.morjas.com/product/the-penny-loafer-rubber-sole-medium-brown-suede,in stock
p4-v1526-s,AU,360 USD,https://www.morjas.com/product/the-penny-loafer-brown-grain,in stock
p1628-v3145-s,AU,360 USD,https://www.morjas.com/product/the-penny-loafer-rubber-sole-burgundy-calf,in stock
p3122-v4803-s,AU,380 USD,https://www.morjas.com/product/the-ivy-loafer-black-calf,in stock
p3124-v4805-s,AU,380 USD,https://www.morjas.com/product/the-ivy-loafer-brown-suede,in stock
p7336-v9091-s,AU,380 USD,https://www.morjas.com/product/the-ivy-loafer-black-grain,in stock
p3123-v4804-s,AU,380 USD,https://www.morjas.com/product/the-ivy-loafer-burgundy-calf,in stock
p7803-v9585-s,AU,380 USD,https://www.morjas.com/product/the-ivy-loafer-brown-grain,in stock
p7335-v9090-s,AU,380 USD,https://www.morjas.com/product/the-ivy-loafer-black-suede,in stock
p3420-v5102-s,AU,380 USD,https://www.morjas.com/product/the-ivy-loafer-black-calf-rubber-sole,in stock
p3422-v5104-s,AU,380 USD,https://www.morjas.com/product/the-ivy-loafer-brown-suede-rubber-sole,in stock
p7805-v9587-s,AU,380 USD,https://www.morjas.com/product/the-ivy-loafer-rubber-sole-black-grain,in stock
p3421-v5103-s,AU,380 USD,https://www.morjas.com/product/the-ivy-loafer-burgundy-calf-rubber-sole,in stock
p7777-v9559-s,AU,380 USD,https://www.morjas.com/product/the-ivy-loafer-rubber-sole-brown-grain,in stock
p35-v1527-s,AU,360 USD,https://www.morjas.com/product/the-tassel-loafer-black-calf,in stock
p9-v1530-s,AU,360 USD,https://www.morjas.com/product/the-tassel-loafer-brown-suede,in stock
p37-v1529-s,AU,360 USD,https://www.morjas.com/product/the-tassel-loafer-brown-calf,in stock
p10-v1531-s,AU,360 USD,https://www.morjas.com/product/the-tassel-loafer-medium-brown-suede,in stock
p36-v1528-s,AU,360 USD,https://www.morjas.com/product/the-tassel-loafer-burgundy-calf,in stock
p788-v2305-s,AU,360 USD,https://www.morjas.com/product/the-tassel-loafer-rubber-sole-black-calf,in stock
p787-v2304-s,AU,360 USD,https://www.morjas.com/product/the-tassel-loafer-rubber-sole-brown-suede,in stock
p1624-v3141-s,AU,360 USD,https://www.morjas.com/product/the-tassel-loafer-rubber-sole-brown-calf,in stock
p1625-v3142-s,AU,360 USD,https://www.morjas.com/product/the-tassel-loafer-rubber-sole-medium-brown-suede,in stock
p1623-v3140-s,AU,360 USD,https://www.morjas.com/product/the-tassel-loafer-rubber-sole-burgundy-calf,in stock
p3691-v5446-s,AU,370 USD,https://www.morjas.com/product/the-belgian-unlined-beige-suede,in stock
p3690-v5445-s,AU,370 USD,https://www.morjas.com/product/the-belgian-unlined-taupe-nubuck,in stock
p125-v1642-s,AU,350 USD,https://www.morjas.com/product/the-belgian-black-suede,in stock
p1643-v3160-s,AU,350 USD,https://www.morjas.com/product/the-belgian-black-deerskin,in stock
p1644-v3161-s,AU,350 USD,https://www.morjas.com/product/the-belgian-brown-deerskin,in stock
p7766-v9534-s,AU,350 USD,https://www.morjas.com/product/the-belgian-black-patent,in stock
p3428-v5110-s,AU,350 USD,https://www.morjas.com/product/the-belgian-black-deerskin-rubber-sole,in stock
p3427-v5109-s,AU,350 USD,https://www.morjas.com/product/the-belgian-brown-deerskin-rubber-sole,in stock
p3555-v5310-s,AU,350 USD,https://www.morjas.com/product/the-belgian-black-suede-rubber-sole,in stock
p1638-v3155-s,AU,370 USD,https://www.morjas.com/product/the-horsebit-loafer-black-calf,in stock
p1639-v3156-s,AU,370 USD,https://www.morjas.com/product/the-horsebit-loafer-brown-suede,in stock
p7769-v9537-s,AU,370 USD,https://www.morjas.com/product/the-horsebit-loafer-black-grain,in stock
p7770-v9538-s,AU,370 USD,https://www.morjas.com/product/the-horsebit-loafer-brown-grain,in stock
p7773-v9541-s,AU,340 USD,https://www.morjas.com/product/the-venetian-black-grain,in stock
p7774-v9542-s,AU,340 USD,https://www.morjas.com/product/the-venetian-brown-grain,in stock
p7775-v9543-s,AU,340 USD,https://www.morjas.com/product/the-venetian-brown-suede,in stock
p7776-v9544-s,AU,340 USD,https://www.morjas.com/product/the-venetian-sand-suede,in stock
p7333-v9088-s,AU,380 USD,https://www.morjas.com/product/the-full-strap-loafer-black-calf,in stock
p123-v1640-s,AU,350 USD,https://www.morjas.com/product/the-opera-pump-black-patent,in stock
p3130-v4811-s,AU,160 USD,https://www.morjas.com/product/the-espadrille-beige-suede,out of stock
p2453-v4065-s,AU,160 USD,https://www.morjas.com/product/the-espadrille-all-black-suede,out of stock
p1648-v3165-s,AU,160 USD,https://www.morjas.com/product/the-espadrille-taupe-suede,in stock
p783-v2300-s,AU,160 USD,https://www.morjas.com/product/the-espadrille-navy-suede-1,in stock
p782-v2299-s,AU,160 USD,https://www.morjas.com/product/the-espadrille-light-grey-suede,in stock
p1649-v3166-s,AU,150 USD,https://www.morjas.com/product/the-espadrille-ivory-canvas,in stock
p7768-v9536-s,AU,160 USD,https://www.morjas.com/product/the-espadrille-all-brown-suede,out of stock
p779-v2296-s,AU,160 USD,https://www.morjas.com/product/the-espadrille-brown-suede,in stock
p3689-v5444-s,AU,300 USD,https://www.morjas.com/product/the-boat-shoe-brown-grain,in stock
p3142-v4823-s,AU,300 USD,https://www.morjas.com/product/the-boat-shoe-brown-suede,in stock
p3162-v4844-s,AU,300 USD,https://www.morjas.com/product/the-boat-shoe-black-grain,in stock
p7782-v9564-s,AU,300 USD,https://www.morjas.com/product/the-boat-shoe-sand-suede,in stock
p7783-v9565-s,AU,300 USD,https://www.morjas.com/product/the-boat-shoe-brown-suede-and-brown-calf,in stock
p3141-v4822-s,AU,300 USD,https://www.morjas.com/product/the-boat-shoe-black-suede-black,in stock
p7779-v9561-s,AU,180 USD,https://www.morjas.com/product/the-deck-shoe-cream-canvas,in stock
p3685-v5440-s,AU,180 USD,https://www.morjas.com/product/the-deck-shoe-navy-canvas,in stock
p7778-v9560-s,AU,180 USD,https://www.morjas.com/product/the-deck-shoe-lavender-canvas,in stock
p7772-v9540-s,AU,200 USD,https://www.morjas.com/product/the-plimsoll-cream-canvas,in stock
p3681-v5436-s,AU,200 USD,https://www.morjas.com/product/the-plimsoll-taupe-nubuck,in stock
p7771-v9539-s,AU,180 USD,https://www.morjas.com/product/the-plimsoll-olive-drab-canvas,in stock
p3682-v5437-s,AU,200 USD,https://www.morjas.com/product/the-plimsoll-black-suede,in stock
p772-v2289-s,AU,250 USD,https://www.morjas.com/product/the-sneaker-02-white-leather,in stock
p3678-v5433-s,AU,260 USD,https://www.morjas.com/product/the-court-sneaker-off-white,in stock
p1659-v3176-s,AU,250 USD,https://www.morjas.com/product/the-sneaker-02-all-dark-brown-suede,in stock
p2456-v4068-s,AU,250 USD,https://www.morjas.com/product/the-sneaker-02-nougat-suede,in stock
p766-v2283-s,AU,250 USD,https://www.morjas.com/product/the-sneaker-02-navy-suede,in stock
p3692-v5447-s,AU,250 USD,https://www.morjas.com/product/the-sneaker-02-beige-suede,in stock
p7767-v9535-s,AU,260 USD,https://www.morjas.com/product/the-court-sneaker-nougat-suede,in stock
p1660-v3177-s,AU,250 USD,https://www.morjas.com/product/the-sneaker-02-all-black-suede,in stock
p3679-v5434-s,AU,260 USD,https://www.morjas.com/product/the-court-sneaker-brown,in stock
p3680-v5435-s,AU,260 USD,https://www.morjas.com/product/the-court-sneaker-black,in stock
p3675-v5430-s,AU,310 USD,https://www.morjas.com/product/the-trainer-white,in stock
p3677-v5432-s,AU,310 USD,https://www.morjas.com/product/the-trainer-navy-black,in stock
p3676-v5431-s,AU,310 USD,https://www.morjas.com/product/the-trainer-taupe,in stock
p7802-v9584-s,AU,220 USD,https://www.morjas.com/product/the-costa-sandal-black-grain,in stock
p7756-v9514-s,AU,380 USD,https://www.morjas.com/product/the-camp-moc-mull-nubuck,in stock
p7755-v9513-s,AU,410 USD,https://www.morjas.com/product/the-camp-moc-black-deerskin,out of stock
p11-v1533-s,AU,360 USD,https://www.morjas.com/product/the-oxford-black-calf,in stock
p16-v1538-s,AU,360 USD,https://www.morjas.com/product/the-oxford-black-patent,in stock
p13-v1535-s,AU,360 USD,https://www.morjas.com/product/the-oxford-brown-calf,in stock
p12-v1534-s,AU,360 USD,https://www.morjas.com/product/the-oxford-burgundy-calf,in stock
p14-v1536-s,AU,360 USD,https://www.morjas.com/product/the-oxford-brown-suede,in stock
p789-v2306-s,AU,360 USD,https://www.morjas.com/product/the-oxford-rubber-sole-black-calf,in stock
p1632-v3149-s,AU,360 USD,https://www.morjas.com/product/the-oxford-rubber-sole-brown-calf,in stock
p1631-v3148-s,AU,360 USD,https://www.morjas.com/product/the-oxford-rubber-sole-burgundy-calf,in stock
p1633-v3150-s,AU,360 USD,https://www.morjas.com/product/the-oxford-rubber-sole-brown-suede,in stock
p803-v2320-s,AU,360 USD,https://www.morjas.com/product/the-adelaide-black-calf,in stock
p2443-v4055-s,AU,360 USD,https://www.morjas.com/product/the-adelaide-brown-calf,in stock
p1635-v3152-s,AU,360 USD,https://www.morjas.com/product/the-adelaide-brown-suede,in stock
p3424-v5106-s,AU,380 USD,https://www.morjas.com/product/the-split-toe-derby-brown-grain,in stock
p3425-v5107-s,AU,380 USD,https://www.morjas.com/product/the-split-toe-derby-black-calf,in stock
p3660-v5415-s,AU,380 USD,https://www.morjas.com/product/the-split-toe-derby-black-grain,in stock
p3423-v5105-s,AU,380 USD,https://www.morjas.com/product/the-split-toe-derby-brown-suede,in stock
p7786-v9568-s,AU,380 USD,https://www.morjas.com/product/the-split-toe-derby-polo-suede,in stock
p31-v1541-s,AU,380 USD,https://www.morjas.com/product/the-derby-brown-calf,in stock
p29-v1539-s,AU,380 USD,https://www.morjas.com/product/the-derby-black-calf,in stock
p32-v1542-s,AU,380 USD,https://www.morjas.com/product/the-derby-brown-suede,in stock
p33-v1543-s,AU,380 USD,https://www.morjas.com/product/the-derby-medium-brown-suede,in stock
p28-v1546-s,AU,380 USD,https://www.morjas.com/product/the-derby-brown-grain,in stock
p30-v1540-s,AU,380 USD,https://www.morjas.com/product/the-derby-burgundy-calf,in stock
p26-v1544-s,AU,380 USD,https://www.morjas.com/product/the-derby-black-grain,in stock
p20-v1548-s,AU,380 USD,https://www.morjas.com/product/the-plain-toe-blucher-black-calf,in stock
p7784-v9566-s,AU,380 USD,https://www.morjas.com/product/the-plain-toe-blucher-beige-suede,in stock
p44-v1572-s,AU,360 USD,https://www.morjas.com/product/the-double-monkstrap-black-calf,in stock
p45-v1574-s,AU,360 USD,https://www.morjas.com/product/the-double-monkstrap-brown-calf,in stock
p49-v1567-s,AU,380 USD,https://www.morjas.com/product/the-single-monkstrap-black-calf,in stock
p46-v1573-s,AU,360 USD,https://www.morjas.com/product/the-double-monkstrap-burgundy-calf,in stock
p7787-v9569-s,AU,380 USD,https://www.morjas.com/product/the-single-monkstrap-brown-suede,in stock
p47-v1575-s,AU,360 USD,https://www.morjas.com/product/the-double-monkstrap-brown-suede,in stock
p54-v1562-s,AU,410 USD,https://www.morjas.com/product/the-chelsea-black-calf,in stock
p57-v1565-s,AU,410 USD,https://www.morjas.com/product/the-chelsea-brown-suede,in stock
p3426-v5108-s,AU,410 USD,https://www.morjas.com/product/the-chelsea-black-suede,in stock
p56-v1564-s,AU,410 USD,https://www.morjas.com/product/the-chelsea-brown-calf,in stock
p7757-v9515-s,AU,410 USD,https://www.morjas.com/product/the-unlined-chukka-brown-suede,in stock
p63-v1561-s,AU,380 USD,https://www.morjas.com/product/the-chukka-medium-brown-suede,in stock
p62-v1560-s,AU,380 USD,https://www.morjas.com/product/the-chukka-brown-suede,in stock
p7733-v9488-s,AU,410 USD,https://www.morjas.com/product/the-moc-toe-chukka-black-grain,in stock
p7732-v9487-s,AU,410 USD,https://www.morjas.com/product/the-moc-toe-chukka-brown-suede-brown-grain,in stock
p77-v1594-s,AU,390 USD,https://www.morjas.com/product/the-jumper-boot-black-grain,in stock
p78-v1595-s,AU,390 USD,https://www.morjas.com/product/the-jumper-boot-brown-suede,in stock
p1684-v3212-s,AU,390 USD,https://www.morjas.com/product/the-jumper-boot-brown-grain,in stock
p7726-v9481-s,AU,390 USD,https://www.morjas.com/product/the-jumper-boot-black-calf,out of stock
p7745-v9500-s,AU,390 USD,https://www.morjas.com/product/the-hybrid-hiker-black-leather,in stock
p3431-v5113-s,AU,380 USD,https://www.morjas.com/product/the-hybrid-hiker-brown-nubuck,in stock
p3432-v5114-s,AU,380 USD,https://www.morjas.com/product/the-hybrid-hiker-black-grain,in stock
p7731-v9486-s,AU,380 USD,https://www.morjas.com/product/the-hybrid-hiker-taupe-suede,in stock
p3430-v5112-s,AU,380 USD,https://www.morjas.com/product/the-hybrid-hiker-sand-suede,in stock
p7730-v9485-s,AU,390 USD,https://www.morjas.com/product/the-hybrid-hiker-black-pony-hair,in stock
p1686-v3214-s,AU,440 USD,https://www.morjas.com/product/the-hiking-boot-brown-grain,in stock
p813-v2330-s,AU,440 USD,https://www.morjas.com/product/the-hiking-boot-black-grain,in stock
p3433-v5115-s,AU,440 USD,https://www.morjas.com/product/the-hiking-boot-mudguard-edition,in stock
p7729-v9484-s,AU,440 USD,https://www.morjas.com/product/the-hiking-boot-black-suede-mudguard,in stock
p1689-v3217-s,AU,480 USD,https://www.morjas.com/product/the-alpine-boot-black-suede,in stock
p1690-v3218-s,AU,480 USD,https://www.morjas.com/product/the-alpine-boot-brown-suede,in stock
p7728-v9483-s,AU,480 USD,https://www.morjas.com/product/the-alpine-boot-black-grain,in stock
p7727-v9482-s,AU,480 USD,https://www.morjas.com/product/the-alpine-boot-brown-grain,in stock
p7746-v9501-s,AU,480 USD,https://www.morjas.com/product/the-country-boot-brown-nubuck-and-brown-grain,in stock
p1687-v3215-s,AU,390 USD,https://www.morjas.com/product/the-monkey-boot-black-grain,in stock
p7337-v9092-s,AU,130 USD,https://www.morjas.com/product/the-belt-black-suede,in stock
p7338-v9093-s,AU,150 USD,https://www.morjas.com/product/the-belt-brown-pony-hair,in stock
p7339-v9094-s,AU,150 USD,https://www.morjas.com/product/the-belt-black-pony-hair,in stock
p2460-v4072-s,AU,130 USD,https://www.morjas.com/product/the-belt-sand-suede,in stock
p2461-v4073-s,AU,130 USD,https://www.morjas.com/product/the-belt-taupe-suede,in stock
p7763-v9531-s,AU,130 USD,https://www.morjas.com/product/the-belt-black-suede-wide-braided,in stock
p7764-v9532-s,AU,130 USD,https://www.morjas.com/product/the-belt-brown-suede-wide-braided,in stock
p664-v2181-s,AU,130 USD,https://www.morjas.com/product/the-belt-black-grain,in stock
p665-v2182-s,AU,130 USD,https://www.morjas.com/product/the-belt-brown-grain,in stock
p760-v2277-s,AU,130 USD,https://www.morjas.com/product/the-belt-brown-suede-1,in stock
p761-v2278-s,AU,130 USD,https://www.morjas.com/product/the-belt-medium-brown-suede-1,in stock
p762-v2279-s,AU,130 USD,https://www.morjas.com/product/the-belt-black-braided,in stock
p763-v2280-s,AU,130 USD,https://www.morjas.com/product/the-belt-brown-braided,in stock
p3126-v4807-s,AU,130 USD,https://www.morjas.com/product/the-belt-black-wide-braided,in stock
p3127-v4808-s,AU,130 USD,https://www.morjas.com/product/the-belt-brown-wide-braided,in stock
p3418-v5100-s,AU,130 USD,https://www.morjas.com/product/the-belt-black-calf-matte-gold-buckle,in stock
p666-v2183-s,AU,130 USD,https://www.morjas.com/product/the-belt-black-embossed,in stock
p757-v2274-s,AU,130 USD,https://www.morjas.com/product/the-belt-black-calf-1,in stock
p758-v2275-s,AU,130 USD,https://www.morjas.com/product/the-belt-burgundy-calf-1,in stock
p759-v2276-s,AU,130 USD,https://www.morjas.com/product/the-belt-brown-calf-1,in stock
p3419-v5101-s,AU,130 USD,https://www.morjas.com/product/the-belt-black-grain-silver-buckle,in stock
p7765-v9533-s,AU,130 USD,https://www.morjas.com/product/the-belt-mull-nubuck-silver-buckle,in stock
p7813-v9595-s,AU,130 USD,https://www.morjas.com/product/the-belt-matte-gold-buckle-black-embossed,in stock
p7807-v9589-s,AU,130 USD,https://www.morjas.com/product/the-belt-matte-gold-buckle-brown-calf,in stock
p7806-v9588-s,AU,130 USD,https://www.morjas.com/product/the-belt-matte-gold-buckle-burgundy-calf,in stock
p7808-v9590-s,AU,130 USD,https://www.morjas.com/product/the-belt-silver-buckle-black-suede,in stock
p7809-v9591-s,AU,130 USD,https://www.morjas.com/product/the-belt-silver-buckle-brown-suede,in stock
p7810-v9592-s,AU,130 USD,https://www.morjas.com/product/the-belt-silver-buckle-medium-brown-suede,in stock
p7811-v9593-s,AU,130 USD,https://www.morjas.com/product/the-belt-silver-buckle-sand-suede,in stock
p7812-v9594-s,AU,130 USD,https://www.morjas.com/product/the-belt-silver-buckle-taupe-suede,in stock
p7814-v9596-s,AU,130 USD,https://www.morjas.com/product/the-belt-silver-buckle-brown-grain,in stock
p7759-v9527-s,AU,130 USD,https://www.morjas.com/product/the-card-holder-truffle-grey-embossed,in stock
p7760-v9528-s,AU,120 USD,https://www.morjas.com/product/the-foldable-card-holder-truffle-grey-embossed,in stock
p7761-v9529-s,AU,100 USD,https://www.morjas.com/product/the-luggage-tag-truffle-grey-embossed,in stock
p7762-v9530-s,AU,120 USD,https://www.morjas.com/product/the-passport-holder-truffle-grey-embossed,in stock
p2449-v4061-s,AU,200 USD,https://www.morjas.com/product/the-sleeve-black-grain,in stock
p1697-v3225-s,AU,250 USD,https://www.morjas.com/product/the-toiletry-bag-black-grain,in stock
p1693-v3221-s,AU,120 USD,https://www.morjas.com/product/the-wallet-black-grain,out of stock
p1694-v3222-s,AU,120 USD,https://www.morjas.com/product/the-wallet-brown-grain,out of stock
p3121-v4802-s,AU,40 USD,https://www.morjas.com/product/the-silk-sock-black-knee-high,in stock
p1471-v2988-s,AU,20 USD,https://www.morjas.com/product/the-sock-black-ribbed-knee-high,in stock
p1472-v2989-s,AU,20 USD,https://www.morjas.com/product/the-sock-navy-ribbed-knee-high,in stock
p1473-v2990-s,AU,20 USD,https://www.morjas.com/product/the-sock-brown-ribbed-knee-high,in stock
p1474-v2991-s,AU,20 USD,https://www.morjas.com/product/the-sock-dark-grey-ribbed-ribbed-knee-high,in stock
p1475-v2992-s,AU,20 USD,https://www.morjas.com/product/the-sock-mid-grey-ribbed-knee-high,in stock
p1621-v3138-s,AU,20 USD,https://www.morjas.com/product/the-sock-sand-ribbed-knee-high,in stock
p3694-v5449-s,AU,20 USD,https://www.morjas.com/product/the-sock-knee-high-light-blue-ribbed,in stock
p76-v1593-s,AU,20 USD,https://www.morjas.com/product/the-sock-navy-ribbed-mid-calf,in stock
p1700-v3228-s,AU,20 USD,https://www.morjas.com/product/the-sock-dark-grey-ribbed-mid-calf,in stock
p1701-v3229-s,AU,20 USD,https://www.morjas.com/product/the-sock-mid-grey-ribbed-mid-calf,in stock
p75-v1592-s,AU,20 USD,https://www.morjas.com/product/the-sock-black-ribbed-mid-calf,in stock
p1702-v3230-s,AU,20 USD,https://www.morjas.com/product/the-sock-brown-ribbed-mid-calf,out of stock
p1703-v3231-s,AU,20 USD,https://www.morjas.com/product/the-sock-sand-ribbed-mid-calf,in stock
p3693-v5448-s,AU,20 USD,https://www.morjas.com/product/the-sock-mid-calf-off-white-ribbed,in stock
p3115-v4796-s,AU,20 USD,https://www.morjas.com/product/the-wool-sock-navy-ribbed-mid-calf,out of stock
p3116-v4797-s,AU,20 USD,https://www.morjas.com/product/the-wool-sock-mid-brown-ribbed-mid-calf,out of stock
p3117-v4798-s,AU,20 USD,https://www.morjas.com/product/the-wool-sock-ecru-ribbed-mid-calf,out of stock
p3668-v5423-s,AU,330 USD,https://www.morjas.com/product/women-the-ballet-flat-black-nappa,in stock
p3667-v5422-s,AU,330 USD,https://www.morjas.com/product/women-the-ballet-flat-brown-nappa,in stock
p7716-v9471-s,AU,330 USD,https://www.morjas.com/product/women-the-ballet-flat-black-suede,in stock
p7796-v9578-s,AU,330 USD,https://www.morjas.com/product/women-the-ballet-flat-ruby-nappa,in stock
p3665-v5420-s,AU,330 USD,https://www.morjas.com/product/women-the-ballet-flat-greige-suede,in stock
p3666-v5421-s,AU,330 USD,https://www.morjas.com/product/women-the-ballet-flat-ivory-nappa,in stock
p7822-v9606-s,AU,330 USD,https://www.morjas.com/product/women-the-ballet-flat-leather-sole-black-nappa,in stock
p7823-v9607-s,AU,330 USD,https://www.morjas.com/product/women-the-ballet-flat-leather-sole-black-suede,in stock
p7800-v9582-s,AU,410 USD,https://www.morjas.com/product/women-the-soft-moc-brown-grain,in stock
p7799-v9581-s,AU,410 USD,https://www.morjas.com/product/women-the-soft-moc-black-grain,in stock
p7801-v9583-s,AU,410 USD,https://www.morjas.com/product/women-the-soft-moc-brown-suede,in stock
p3672-v5427-s,AU,400 USD,https://www.morjas.com/product/women-the-penny-loafer-black-calf,in stock
p7718-v9473-s,AU,400 USD,https://www.morjas.com/product/women-the-penny-loafer-brown-suede,in stock
p3673-v5428-s,AU,400 USD,https://www.morjas.com/product/women-the-penny-loafer-burgundy-calf,in stock
p3674-v5429-s,AU,400 USD,https://www.morjas.com/product/women-the-penny-loafer-ivory-calf,in stock
p7717-v9472-s,AU,400 USD,https://www.morjas.com/product/women-the-penny-loafer-black-suede,in stock
p3702-v5457-s,AU,280 USD,https://www.morjas.com/product/women-the-paloma-sandal-tan-nappa,in stock
p3703-v5458-s,AU,280 USD,https://www.morjas.com/product/women-the-paloma-sandal-black-nappa,in stock
p3704-v5459-s,AU,280 USD,https://www.morjas.com/product/women-the-paloma-sandal-brown-nappa,in stock
p7788-v9570-s,AU,280 USD,https://www.morjas.com/product/women-the-paloma-sandal-taupe-grain,in stock
p7723-v9478-s,AU,480 USD,https://www.morjas.com/product/women-the-ankle-boot-brown-nappa,in stock
p7722-v9477-s,AU,480 USD,https://www.morjas.com/product/women-the-ankle-boot-black-nappa,in stock
p7724-v9479-s,AU,480 USD,https://www.morjas.com/product/women-the-ankle-boot-black-suede,in stock
p7725-v9480-s,AU,480 USD,https://www.morjas.com/product/women-the-ankle-boot-brown-suede,in stock
p3698-v5453-s,AU,160 USD,https://www.morjas.com/product/women-the-espadrille-beige-suede,in stock
p3697-v5452-s,AU,160 USD,https://www.morjas.com/product/women-the-espadrille-taupe-suede,in stock
p3699-v5454-s,AU,160 USD,https://www.morjas.com/product/women-the-espadrille-black-suede,in stock
p7790-v9572-s,AU,330 USD,https://www.morjas.com/product/women-the-boat-shoe-brown-suede,in stock
p7789-v9571-s,AU,330 USD,https://www.morjas.com/product/women-the-boat-shoe-black-grain,in stock
p3701-v5456-s,AU,330 USD,https://www.morjas.com/product/women-the-boat-shoe-sand-suede,in stock
p3700-v5455-s,AU,330 USD,https://www.morjas.com/product/women-the-boat-shoe-white-grain,in stock
p7820-v9602-s,AU,350 USD,https://www.morjas.com/product/women-the-flat-slingback-black-embossed,in stock
p7791-v9573-s,AU,440 USD,https://www.morjas.com/product/women-the-slingback-ivory-nappa,in stock
p3671-v5426-s,AU,440 USD,https://www.morjas.com/product/women-the-slingback-black-nappa,in stock
p3669-v5424-s,AU,440 USD,https://www.morjas.com/product/women-the-slingback-taupe-suede,in stock
p7749-v9507-s,AU,460 USD,https://www.morjas.com/product/women-the-city-boot-black-calf,in stock
p7750-v9508-s,AU,460 USD,https://www.morjas.com/product/women-the-city-boot-brown-calf,in stock
p7793-v9575-s,AU,460 USD,https://www.morjas.com/product/women-the-dorsay-pump-brown-nappa,in stock
p7792-v9574-s,AU,460 USD,https://www.morjas.com/product/women-the-dorsay-pump-black-nappa,in stock
p7748-v9506-s,AU,730 USD,https://www.morjas.com/product/women-the-riding-boot-black-calf,in stock
p7818-v9600-s,AU,370 USD,https://www.morjas.com/product/women-the-sandalette-brown-nappa,in stock
p7819-v9601-s,AU,370 USD,https://www.morjas.com/product/women-the-sandalette-black-nappa,in stock
p7817-v9599-s,AU,370 USD,https://www.morjas.com/product/women-the-sandalette-ivory-nappa,in stock
p7816-v9598-s,AU,300 USD,https://www.morjas.com/product/women-the-verona-sandal-black-nappa,in stock
p7815-v9597-s,AU,300 USD,https://www.morjas.com/product/women-the-verona-sandal-brown-suede,in stock
p7721-v9476-s,AU,410 USD,https://www.morjas.com/product/women-the-pump-black-nappa,in stock
p7719-v9474-s,AU,410 USD,https://www.morjas.com/product/women-the-pump-brown-suede,in stock
p7720-v9475-s,AU,410 USD,https://www.morjas.com/product/women-the-pump-caramel-nappa,in stock
p7794-v9576-s,AU,490 USD,https://www.morjas.com/product/women-the-stiletto-boot-black-nappa,in stock
p7795-v9577-s,AU,490 USD,https://www.morjas.com/product/women-the-stiletto-boot-truffle-suede,in stock
p7752-v9510-s,AU,20 USD,https://www.morjas.com/product/women-the-sock-black,in stock
p7751-v9509-s,AU,20 USD,https://www.morjas.com/product/women-the-sock-brown,in stock
p3954-v5709-s,AU,20 USD,https://www.morjas.com/product/women-the-sock-off-white,in stock
p7740-v9495-s,AU,130 USD,https://www.morjas.com/product/women-the-belt-black-nappa-20-mm,in stock
p7798-v9580-s,AU,130 USD,https://www.morjas.com/product/women-the-belt-tan-grain-20-mm,in stock
p7797-v9579-s,AU,130 USD,https://www.morjas.com/product/women-the-belt-ivory-nappa-20-mm,in stock
p7742-v9497-s,AU,150 USD,https://www.morjas.com/product/women-the-belt-black-nappa-40-mm,in stock
p7741-v9496-s,AU,150 USD,https://www.morjas.com/product/women-the-belt-brown-nappa-40-mm,in stock
p7743-v9498-s,AU,150 USD,https://www.morjas.com/product/women-the-belt-black-suede-50-mm,in stock
p7744-v9499-s,AU,150 USD,https://www.morjas.com/product/women-the-belt-brown-suede-50-mm,in stock
p7821-v9605-s,AU,330 USD,https://www.morjas.com/product/women-the-ballet-flat-leather-sole-brown-nappa,in stock
p3670-v5425-s,AU,440 USD,https://www.morjas.com/product/women-the-slingback-dove-blue-suede,in stock
p7753-v9511-s,AU,580 USD,https://www.morjas.com/product/women-the-chalet-boot-brown-pony-hair,in stock
p3953-v9504-s,AU,530 USD,https://www.morjas.com/product/women-the-chalet-boot-brown-calf,in stock
p3952-v9503-s,AU,530 USD,https://www.morjas.com/product/women-the-chalet-boot-black-calf,out of stock
